config,campaign,fault_model,layer,magnitude,test_index,sdc,critical
Baseline (3-layer),application,single,1,100.0,73,1,1
Baseline (3-layer),application,single,0,5.0,294,0,0
Baseline (3-layer),application,single,1,5.0,181,0,0
Baseline (3-layer),application,single,0,5.0,179,0,0
Baseline (3-layer),application,single,1,1.5,67,1,0
Baseline (3-layer),application,single,1,50.0,323,1,0
Baseline (3-layer),application,single,0,50.0,285,0,0
Baseline (3-layer),application,single,1,1.5,54,1,0
Baseline (3-layer),application,single,0,100.0,154,0,0
Baseline (3-layer),application,single,1,5.0,308,0,0
Baseline (3-layer),application,single,1,100.0,166,0,0
Baseline (3-layer),application,single,1,100.0,251,0,0
Baseline (3-layer),application,single,0,100.0,126,0,0
Baseline (3-layer),application,single,0,50.0,354,1,0
Baseline (3-layer),application,single,1,1.5,46,0,0
Baseline (3-layer),application,single,0,5.0,42,0,0
Baseline (3-layer),application,single,1,100.0,243,1,0
Baseline (3-layer),application,single,0,1.5,302,0,0
Baseline (3-layer),application,single,0,50.0,171,1,0
Baseline (3-layer),application,single,0,1.5,208,0,0
Baseline (3-layer),application,single,1,50.0,202,1,0
Baseline (3-layer),application,single,0,1.5,79,1,0
Baseline (3-layer),application,single,1,50.0,256,0,0
Baseline (3-layer),application,single,1,10.0,309,0,0
Baseline (3-layer),application,single,1,1.5,134,1,0
Baseline (3-layer),application,single,1,100.0,285,1,0
Baseline (3-layer),application,single,1,5.0,50,0,0
Baseline (3-layer),application,single,1,5.0,336,0,0
Baseline (3-layer),application,single,0,1.5,114,0,0
Baseline (3-layer),application,single,0,10.0,14,0,0
Baseline (3-layer),application,single,0,10.0,92,1,0
Baseline (3-layer),application,single,1,1.5,170,0,0
Baseline (3-layer),application,single,0,10.0,50,0,0
Baseline (3-layer),application,single,0,5.0,122,0,0
Baseline (3-layer),application,single,0,50.0,307,1,0
Baseline (3-layer),application,single,1,1.5,119,1,0
Baseline (3-layer),application,single,0,50.0,155,1,1
Baseline (3-layer),application,single,0,10.0,268,0,0
Baseline (3-layer),application,single,1,10.0,246,0,0
Baseline (3-layer),application,single,1,5.0,206,0,0
Baseline (3-layer),application,single,1,100.0,122,1,1
Baseline (3-layer),application,single,1,10.0,67,0,0
Baseline (3-layer),application,single,1,5.0,165,0,0
Baseline (3-layer),application,single,1,1.5,314,0,0
Baseline (3-layer),application,single,1,50.0,165,0,0
Baseline (3-layer),application,single,1,10.0,58,1,0
Baseline (3-layer),application,single,0,5.0,243,0,0
Baseline (3-layer),application,single,1,1.5,333,0,0
Baseline (3-layer),application,single,0,1.5,274,0,0
Baseline (3-layer),application,single,0,100.0,51,0,0
Baseline (3-layer),application,single,0,1.5,250,1,0
Baseline (3-layer),application,single,0,10.0,6,0,0
Baseline (3-layer),application,single,1,50.0,47,1,0
Baseline (3-layer),application,single,0,50.0,166,1,0
Baseline (3-layer),application,single,1,10.0,17,0,0
Baseline (3-layer),application,single,1,5.0,259,1,0
Baseline (3-layer),application,single,0,5.0,23,0,0
Baseline (3-layer),application,single,0,10.0,210,0,0
Baseline (3-layer),application,single,0,5.0,281,1,0
Baseline (3-layer),application,single,1,5.0,141,0,0
Baseline (3-layer),application,single,0,100.0,300,0,0
Baseline (3-layer),application,single,0,5.0,312,1,0
Baseline (3-layer),application,single,0,1.5,232,0,0
Baseline (3-layer),application,single,0,1.5,139,0,0
Baseline (3-layer),application,single,0,5.0,135,1,0
Baseline (3-layer),application,single,0,100.0,212,0,0
Baseline (3-layer),application,single,1,10.0,353,0,0
Baseline (3-layer),application,single,0,1.5,309,1,0
Baseline (3-layer),application,single,0,100.0,144,0,0
Baseline (3-layer),application,single,1,5.0,140,0,0
Baseline (3-layer),application,single,1,1.5,230,1,0
Baseline (3-layer),application,single,1,1.5,351,1,0
Baseline (3-layer),application,single,0,10.0,184,1,0
Baseline (3-layer),application,single,1,5.0,290,0,0
Baseline (3-layer),application,single,1,50.0,277,1,0
Baseline (3-layer),application,single,0,100.0,358,1,0
Baseline (3-layer),application,single,1,5.0,51,0,0
Baseline (3-layer),application,single,0,5.0,4,1,0
Baseline (3-layer),application,single,1,1.5,66,0,0
Baseline (3-layer),application,single,1,50.0,261,1,1
Baseline (3-layer),application,single,1,5.0,305,1,0
Baseline (3-layer),application,single,0,50.0,240,0,0
Baseline (3-layer),application,single,0,5.0,329,0,0
Baseline (3-layer),application,single,0,10.0,42,0,0
Baseline (3-layer),application,single,1,1.5,28,1,0
Baseline (3-layer),application,single,1,50.0,292,1,0
Baseline (3-layer),application,single,0,50.0,198,1,0
Baseline (3-layer),application,single,1,5.0,185,0,0
Baseline (3-layer),application,single,1,50.0,215,1,0
Baseline (3-layer),application,single,0,50.0,276,0,0
Baseline (3-layer),application,single,0,10.0,125,0,0
Baseline (3-layer),application,single,1,100.0,287,1,0
Baseline (3-layer),application,single,1,5.0,261,1,0
Baseline (3-layer),application,single,1,50.0,181,1,1
Baseline (3-layer),application,single,1,10.0,297,1,0
Baseline (3-layer),application,single,0,1.5,54,1,0
Baseline (3-layer),application,single,1,5.0,351,0,0
Baseline (3-layer),application,single,0,50.0,264,1,1
Baseline (3-layer),application,single,0,10.0,192,0,0
Baseline (3-layer),application,single,0,5.0,328,1,0
Baseline (3-layer),application,random,0,10.0,109,0,0
Baseline (3-layer),application,random,0,1.5,164,0,0
Baseline (3-layer),application,random,1,10.0,326,1,0
Baseline (3-layer),application,random,0,5.0,29,1,0
Baseline (3-layer),application,random,0,5.0,229,0,0
Baseline (3-layer),application,random,1,100.0,37,1,1
Baseline (3-layer),application,random,0,5.0,150,0,0
Baseline (3-layer),application,random,1,1.5,200,0,0
Baseline (3-layer),application,random,1,10.0,208,1,0
Baseline (3-layer),application,random,1,100.0,291,0,0
Baseline (3-layer),application,random,0,100.0,184,1,0
Baseline (3-layer),application,random,1,50.0,149,0,0
Baseline (3-layer),application,random,1,100.0,275,1,0
Baseline (3-layer),application,random,0,100.0,260,0,0
Baseline (3-layer),application,random,1,5.0,350,1,0
Baseline (3-layer),application,random,1,5.0,49,0,0
Baseline (3-layer),application,random,1,50.0,249,1,0
Baseline (3-layer),application,random,1,1.5,2,1,0
Baseline (3-layer),application,random,1,50.0,249,1,1
Baseline (3-layer),application,random,1,1.5,343,0,0
Baseline (3-layer),application,random,0,50.0,348,1,0
Baseline (3-layer),application,random,0,50.0,276,1,1
Baseline (3-layer),application,random,1,50.0,239,1,1
Baseline (3-layer),application,random,0,5.0,29,0,0
Baseline (3-layer),application,random,0,5.0,261,1,0
Baseline (3-layer),application,random,1,1.5,225,1,0
Baseline (3-layer),application,random,1,100.0,284,0,0
Baseline (3-layer),application,random,1,50.0,68,1,1
Baseline (3-layer),application,random,1,10.0,182,1,0
Baseline (3-layer),application,random,0,50.0,44,0,0
Baseline (3-layer),application,random,0,100.0,324,0,0
Baseline (3-layer),application,random,0,5.0,81,0,0
Baseline (3-layer),application,random,0,50.0,163,1,0
Baseline (3-layer),application,random,1,100.0,312,0,0
Baseline (3-layer),application,random,1,100.0,31,1,1
Baseline (3-layer),application,random,1,5.0,340,0,0
Baseline (3-layer),application,random,0,10.0,253,1,0
Baseline (3-layer),application,random,0,100.0,231,1,1
Baseline (3-layer),application,random,0,10.0,151,0,0
Baseline (3-layer),application,random,0,1.5,210,0,0
Baseline (3-layer),application,random,0,100.0,67,1,1
Baseline (3-layer),application,random,0,5.0,62,0,0
Baseline (3-layer),application,random,1,10.0,132,1,0
Baseline (3-layer),application,random,0,5.0,350,1,0
Baseline (3-layer),application,random,0,10.0,185,1,0
Baseline (3-layer),application,random,1,5.0,350,0,0
Baseline (3-layer),application,random,0,50.0,152,1,0
Baseline (3-layer),application,random,1,10.0,346,1,0
Baseline (3-layer),application,random,1,10.0,189,1,0
Baseline (3-layer),application,random,1,50.0,313,1,0
Baseline (3-layer),application,random,1,5.0,97,1,0
Baseline (3-layer),application,random,1,5.0,323,1,0
Baseline (3-layer),application,random,0,5.0,177,1,0
Baseline (3-layer),application,random,0,5.0,274,0,0
Baseline (3-layer),application,random,1,5.0,151,1,0
Baseline (3-layer),application,random,0,5.0,114,0,0
Baseline (3-layer),application,random,1,5.0,357,1,0
Baseline (3-layer),application,random,1,10.0,244,0,0
Baseline (3-layer),application,random,1,50.0,98,1,0
Baseline (3-layer),application,random,0,100.0,156,0,0
Baseline (3-layer),application,random,1,50.0,27,1,0
Baseline (3-layer),application,random,1,100.0,139,1,0
Baseline (3-layer),application,random,1,50.0,173,1,1
Baseline (3-layer),application,random,0,5.0,118,0,0
Baseline (3-layer),application,random,0,1.5,350,1,0
Baseline (3-layer),application,random,0,100.0,329,0,0
Baseline (3-layer),application,random,0,10.0,16,1,0
Baseline (3-layer),application,random,0,50.0,1,0,0
Baseline (3-layer),application,random,1,1.5,15,1,0
Baseline (3-layer),application,random,0,5.0,324,0,0
Baseline (3-layer),application,random,0,50.0,89,1,0
Baseline (3-layer),application,random,1,5.0,81,1,0
Baseline (3-layer),application,random,1,50.0,37,0,0
Baseline (3-layer),application,random,1,5.0,23,1,0
Baseline (3-layer),application,random,1,5.0,154,1,0
Baseline (3-layer),application,random,1,5.0,338,1,0
Baseline (3-layer),application,random,1,10.0,261,0,0
Baseline (3-layer),application,random,0,5.0,253,1,0
Baseline (3-layer),application,random,1,5.0,141,0,0
Baseline (3-layer),application,random,1,5.0,166,1,0
Baseline (3-layer),application,random,0,10.0,257,0,0
Baseline (3-layer),application,random,0,50.0,295,0,0
Baseline (3-layer),application,random,1,50.0,336,1,0
Baseline (3-layer),application,random,1,1.5,301,1,0
Baseline (3-layer),application,random,1,10.0,323,1,0
Baseline (3-layer),application,random,0,10.0,351,0,0
Baseline (3-layer),application,random,0,100.0,192,0,0
Baseline (3-layer),application,random,1,50.0,335,1,0
Baseline (3-layer),application,random,1,1.5,12,0,0
Baseline (3-layer),application,random,0,1.5,181,1,0
Baseline (3-layer),application,random,0,50.0,297,1,0
Baseline (3-layer),application,random,0,10.0,168,0,0
Baseline (3-layer),application,random,0,1.5,122,0,0
Baseline (3-layer),application,random,1,10.0,5,1,0
Baseline (3-layer),application,random,0,10.0,179,1,0
Baseline (3-layer),application,random,0,100.0,145,0,0
Baseline (3-layer),application,random,0,5.0,117,1,0
Baseline (3-layer),application,random,0,5.0,44,1,0
Baseline (3-layer),application,random,1,1.5,78,1,0
Baseline (3-layer),application,random,0,100.0,55,0,0
Baseline (3-layer),application,row,1,1.5,350,1,0
Baseline (3-layer),application,row,1,100.0,131,1,0
Baseline (3-layer),application,row,1,10.0,268,1,0
Baseline (3-layer),application,row,0,10.0,112,1,0
Baseline (3-layer),application,row,0,50.0,155,1,0
Baseline (3-layer),application,row,0,5.0,292,1,0
Baseline (3-layer),application,row,0,100.0,74,1,0
Baseline (3-layer),application,row,1,10.0,101,1,0
Baseline (3-layer),application,row,1,100.0,101,1,0
Baseline (3-layer),application,row,1,100.0,240,1,0
Baseline (3-layer),application,row,1,10.0,358,1,0
Baseline (3-layer),application,row,1,1.5,90,1,0
Baseline (3-layer),application,row,0,1.5,338,1,0
Baseline (3-layer),application,row,0,1.5,92,1,0
Baseline (3-layer),application,row,0,5.0,10,1,0
Baseline (3-layer),application,row,0,10.0,27,1,0
Baseline (3-layer),application,row,1,100.0,121,1,0
Baseline (3-layer),application,row,1,5.0,111,1,0
Baseline (3-layer),application,row,0,50.0,136,1,0
Baseline (3-layer),application,row,0,1.5,261,1,0
Baseline (3-layer),application,row,1,50.0,274,1,0
Baseline (3-layer),application,row,1,1.5,260,1,0
Baseline (3-layer),application,row,0,5.0,128,1,1
Baseline (3-layer),application,row,0,50.0,325,1,0
Baseline (3-layer),application,row,1,5.0,265,1,0
Baseline (3-layer),application,row,0,10.0,165,1,0
Baseline (3-layer),application,row,1,50.0,34,1,0
Baseline (3-layer),application,row,0,50.0,222,1,0
Baseline (3-layer),application,row,1,50.0,162,1,0
Baseline (3-layer),application,row,0,10.0,188,1,0
Baseline (3-layer),application,row,0,10.0,257,1,0
Baseline (3-layer),application,row,0,1.5,2,1,1
Baseline (3-layer),application,row,1,1.5,28,1,0
Baseline (3-layer),application,row,0,10.0,275,1,0
Baseline (3-layer),application,row,1,10.0,1,1,0
Baseline (3-layer),application,row,1,5.0,150,1,0
Baseline (3-layer),application,row,1,10.0,322,1,0
Baseline (3-layer),application,row,0,100.0,109,1,0
Baseline (3-layer),application,row,0,50.0,55,1,0
Baseline (3-layer),application,row,1,5.0,329,1,0
Baseline (3-layer),application,row,1,10.0,191,1,0
Baseline (3-layer),application,row,0,100.0,212,1,0
Baseline (3-layer),application,row,1,1.5,286,1,0
Baseline (3-layer),application,row,0,50.0,127,1,0
Baseline (3-layer),application,row,0,100.0,288,1,0
Baseline (3-layer),application,row,1,100.0,315,1,0
Baseline (3-layer),application,row,1,1.5,356,1,0
Baseline (3-layer),application,row,1,10.0,348,1,0
Baseline (3-layer),application,row,0,5.0,197,1,0
Baseline (3-layer),application,row,0,5.0,187,1,0
Baseline (3-layer),application,row,0,5.0,101,1,0
Baseline (3-layer),application,row,0,10.0,2,1,1
Baseline (3-layer),application,row,1,5.0,345,1,0
Baseline (3-layer),application,row,1,10.0,146,1,0
Baseline (3-layer),application,row,0,1.5,359,1,0
Baseline (3-layer),application,row,1,50.0,111,1,0
Baseline (3-layer),application,row,0,50.0,61,1,0
Baseline (3-layer),application,row,1,50.0,359,1,0
Baseline (3-layer),application,row,1,10.0,13,1,0
Baseline (3-layer),application,row,0,10.0,325,1,0
Baseline (3-layer),application,row,1,10.0,128,1,1
Baseline (3-layer),application,row,1,100.0,346,1,0
Baseline (3-layer),application,row,0,1.5,166,1,0
Baseline (3-layer),application,row,0,100.0,21,1,0
Baseline (3-layer),application,row,1,50.0,188,1,0
Baseline (3-layer),application,row,0,1.5,143,1,0
Baseline (3-layer),application,row,1,10.0,224,1,0
Baseline (3-layer),application,row,1,50.0,297,1,0
Baseline (3-layer),application,row,0,10.0,145,1,0
Baseline (3-layer),application,row,1,100.0,183,1,0
Baseline (3-layer),application,row,1,50.0,314,1,0
Baseline (3-layer),application,row,0,50.0,251,1,0
Baseline (3-layer),application,row,1,5.0,183,1,0
Baseline (3-layer),application,row,0,1.5,250,1,0
Baseline (3-layer),application,row,0,100.0,315,1,0
Baseline (3-layer),application,row,1,10.0,62,1,0
Baseline (3-layer),application,row,0,1.5,319,1,0
Baseline (3-layer),application,row,0,5.0,89,1,1
Baseline (3-layer),application,row,1,1.5,117,1,0
Baseline (3-layer),application,row,1,1.5,63,1,0
Baseline (3-layer),application,row,0,10.0,140,1,0
Baseline (3-layer),application,row,1,1.5,72,1,0
Baseline (3-layer),application,row,1,5.0,146,1,0
Baseline (3-layer),application,row,0,1.5,200,1,0
Baseline (3-layer),application,row,1,10.0,252,1,0
Baseline (3-layer),application,row,0,100.0,307,1,0
Baseline (3-layer),application,row,1,100.0,212,1,0
Baseline (3-layer),application,row,0,5.0,155,1,0
Baseline (3-layer),application,row,0,50.0,206,1,0
Baseline (3-layer),application,row,1,5.0,53,1,0
Baseline (3-layer),application,row,0,100.0,104,1,0
Baseline (3-layer),application,row,0,100.0,328,1,0
Baseline (3-layer),application,row,1,100.0,274,1,0
Baseline (3-layer),application,row,1,5.0,98,1,0
Baseline (3-layer),application,row,0,50.0,269,1,0
Baseline (3-layer),application,row,1,50.0,226,1,0
Baseline (3-layer),application,row,0,10.0,227,1,0
Baseline (3-layer),application,row,0,5.0,335,1,0
Baseline (3-layer),application,row,1,5.0,336,1,0
Baseline (3-layer),application,row,1,10.0,99,1,0
Baseline (3-layer),application,column,1,5.0,126,0,0
Baseline (3-layer),application,column,0,5.0,167,1,0
Baseline (3-layer),application,column,0,1.5,52,1,0
Baseline (3-layer),application,column,0,50.0,238,1,0
Baseline (3-layer),application,column,1,1.5,143,0,0
Baseline (3-layer),application,column,0,1.5,168,0,0
Baseline (3-layer),application,column,0,1.5,214,0,0
Baseline (3-layer),application,column,0,50.0,190,1,0
Baseline (3-layer),application,column,1,5.0,177,1,0
Baseline (3-layer),application,column,1,50.0,216,1,0
Baseline (3-layer),application,column,0,100.0,320,0,0
Baseline (3-layer),application,column,1,1.5,89,0,0
Baseline (3-layer),application,column,1,50.0,59,1,0
Baseline (3-layer),application,column,1,50.0,351,1,0
Baseline (3-layer),application,column,0,10.0,256,1,0
Baseline (3-layer),application,column,0,50.0,240,0,0
Baseline (3-layer),application,column,1,10.0,109,1,0
Baseline (3-layer),application,column,0,10.0,127,0,0
Baseline (3-layer),application,column,1,5.0,263,1,0
Baseline (3-layer),application,column,0,1.5,346,1,0
Baseline (3-layer),application,column,0,10.0,184,0,0
Baseline (3-layer),application,column,1,1.5,183,1,0
Baseline (3-layer),application,column,1,1.5,215,1,0
Baseline (3-layer),application,column,0,1.5,259,0,0
Baseline (3-layer),application,column,1,10.0,158,1,0
Baseline (3-layer),application,column,1,5.0,247,0,0
Baseline (3-layer),application,column,1,1.5,86,1,0
Baseline (3-layer),application,column,0,5.0,332,1,0
Baseline (3-layer),application,column,1,100.0,34,0,0
Baseline (3-layer),application,column,1,5.0,17,0,0
Baseline (3-layer),application,column,1,5.0,60,1,0
Baseline (3-layer),application,column,1,10.0,92,1,0
Baseline (3-layer),application,column,0,1.5,110,0,0
Baseline (3-layer),application,column,1,1.5,157,0,0
Baseline (3-layer),application,column,0,100.0,61,1,0
Baseline (3-layer),application,column,1,1.5,94,1,0
Baseline (3-layer),application,column,1,50.0,158,1,0
Baseline (3-layer),application,column,1,5.0,124,1,0
Baseline (3-layer),application,column,0,5.0,303,0,0
Baseline (3-layer),application,column,1,5.0,316,1,0
Baseline (3-layer),application,column,0,1.5,248,0,0
Baseline (3-layer),application,column,1,10.0,277,1,0
Baseline (3-layer),application,column,1,50.0,166,1,0
Baseline (3-layer),application,column,0,10.0,285,1,0
Baseline (3-layer),application,column,0,1.5,324,0,0
Baseline (3-layer),application,column,1,5.0,29,0,0
Baseline (3-layer),application,column,1,50.0,321,1,0
Baseline (3-layer),application,column,1,5.0,186,1,0
Baseline (3-layer),application,column,0,100.0,240,1,1
Baseline (3-layer),application,column,0,100.0,280,0,0
Baseline (3-layer),application,column,1,50.0,328,1,0
Baseline (3-layer),application,column,1,5.0,234,1,0
Baseline (3-layer),application,column,1,100.0,48,0,0
Baseline (3-layer),application,column,1,100.0,160,1,0
Baseline (3-layer),application,column,0,5.0,49,1,0
Baseline (3-layer),application,column,1,10.0,2,1,0
Baseline (3-layer),application,column,0,5.0,283,1,0
Baseline (3-layer),application,column,0,1.5,80,1,0
Baseline (3-layer),application,column,0,10.0,197,0,0
Baseline (3-layer),application,column,1,1.5,24,0,0
Baseline (3-layer),application,column,1,50.0,263,1,0
Baseline (3-layer),application,column,1,1.5,209,1,0
Baseline (3-layer),application,column,0,10.0,111,1,0
Baseline (3-layer),application,column,0,5.0,175,1,0
Baseline (3-layer),application,column,1,10.0,212,0,0
Baseline (3-layer),application,column,1,100.0,160,1,0
Baseline (3-layer),application,column,1,100.0,96,0,0
Baseline (3-layer),application,column,1,1.5,52,0,0
Baseline (3-layer),application,column,0,10.0,187,1,0
Baseline (3-layer),application,column,1,50.0,47,1,0
Baseline (3-layer),application,column,1,5.0,237,0,0
Baseline (3-layer),application,column,0,50.0,49,0,0
Baseline (3-layer),application,column,0,1.5,186,0,0
Baseline (3-layer),application,column,1,1.5,304,0,0
Baseline (3-layer),application,column,1,100.0,248,0,0
Baseline (3-layer),application,column,0,50.0,245,1,0
Baseline (3-layer),application,column,0,1.5,24,0,0
Baseline (3-layer),application,column,1,1.5,8,0,0
Baseline (3-layer),application,column,0,5.0,326,1,0
Baseline (3-layer),application,column,0,50.0,76,0,0
Baseline (3-layer),application,column,0,1.5,140,1,0
Baseline (3-layer),application,column,1,10.0,316,1,0
Baseline (3-layer),application,column,1,5.0,44,0,0
Baseline (3-layer),application,column,1,10.0,76,1,0
Baseline (3-layer),application,column,0,100.0,358,1,1
Baseline (3-layer),application,column,1,50.0,265,1,0
Baseline (3-layer),application,column,0,5.0,94,1,0
Baseline (3-layer),application,column,1,50.0,174,0,0
Baseline (3-layer),application,column,0,1.5,152,0,0
Baseline (3-layer),application,column,1,100.0,354,1,0
Baseline (3-layer),application,column,1,50.0,186,1,1
Baseline (3-layer),application,column,0,50.0,130,0,0
Baseline (3-layer),application,column,1,100.0,114,1,1
Baseline (3-layer),application,column,1,1.5,186,0,0
Baseline (3-layer),application,column,0,5.0,217,1,0
Baseline (3-layer),application,column,0,10.0,310,0,0
Baseline (3-layer),application,column,1,1.5,315,0,0
Baseline (3-layer),application,column,1,5.0,157,1,0
Baseline (3-layer),application,column,1,1.5,289,1,0
Baseline (3-layer),application,column,1,1.5,163,0,0
Baseline (3-layer),application,block,0,10.0,153,1,0
Baseline (3-layer),application,block,1,1.5,251,1,0
Baseline (3-layer),application,block,1,100.0,91,1,0
Baseline (3-layer),application,block,0,5.0,353,1,0
Baseline (3-layer),application,block,0,1.5,207,1,0
Baseline (3-layer),application,block,0,50.0,95,1,0
Baseline (3-layer),application,block,1,5.0,132,1,0
Baseline (3-layer),application,block,0,100.0,118,1,0
Baseline (3-layer),application,block,1,5.0,54,1,0
Baseline (3-layer),application,block,0,1.5,257,1,0
Baseline (3-layer),application,block,0,5.0,209,1,0
Baseline (3-layer),application,block,0,50.0,145,1,0
Baseline (3-layer),application,block,1,1.5,102,1,0
Baseline (3-layer),application,block,1,1.5,157,1,0
Baseline (3-layer),application,block,1,5.0,265,1,0
Baseline (3-layer),application,block,1,5.0,332,1,0
Baseline (3-layer),application,block,0,100.0,248,1,1
Baseline (3-layer),application,block,0,1.5,184,1,0
Baseline (3-layer),application,block,0,10.0,216,1,0
Baseline (3-layer),application,block,0,5.0,23,1,0
Baseline (3-layer),application,block,0,100.0,117,1,0
Baseline (3-layer),application,block,1,1.5,61,1,0
Baseline (3-layer),application,block,0,1.5,142,1,0
Baseline (3-layer),application,block,1,100.0,115,1,1
Baseline (3-layer),application,block,0,10.0,249,1,0
Baseline (3-layer),application,block,0,1.5,332,1,0
Baseline (3-layer),application,block,1,50.0,17,1,1
Baseline (3-layer),application,block,0,5.0,34,1,0
Baseline (3-layer),application,block,0,100.0,141,1,0
Baseline (3-layer),application,block,1,5.0,84,1,0
Baseline (3-layer),application,block,0,5.0,215,1,0
Baseline (3-layer),application,block,0,50.0,80,1,1
Baseline (3-layer),application,block,1,10.0,311,1,0
Baseline (3-layer),application,block,0,100.0,320,1,0
Baseline (3-layer),application,block,0,1.5,222,1,0
Baseline (3-layer),application,block,0,10.0,294,1,0
Baseline (3-layer),application,block,0,5.0,67,1,0
Baseline (3-layer),application,block,1,50.0,336,1,1
Baseline (3-layer),application,block,1,10.0,106,1,0
Baseline (3-layer),application,block,0,100.0,229,1,0
Baseline (3-layer),application,block,1,1.5,262,1,0
Baseline (3-layer),application,block,1,5.0,203,1,0
Baseline (3-layer),application,block,1,1.5,181,1,0
Baseline (3-layer),application,block,1,50.0,27,1,1
Baseline (3-layer),application,block,0,50.0,172,1,0
Baseline (3-layer),application,block,1,1.5,311,1,0
Baseline (3-layer),application,block,0,100.0,261,1,1
Baseline (3-layer),application,block,0,100.0,57,1,0
Baseline (3-layer),application,block,0,50.0,355,1,0
Baseline (3-layer),application,block,0,5.0,179,1,0
Baseline (3-layer),application,block,0,50.0,34,1,0
Baseline (3-layer),application,block,0,1.5,195,1,0
Baseline (3-layer),application,block,0,10.0,21,1,0
Baseline (3-layer),application,block,1,1.5,161,1,0
Baseline (3-layer),application,block,1,5.0,294,1,0
Baseline (3-layer),application,block,0,50.0,205,1,0
Baseline (3-layer),application,block,1,50.0,107,1,1
Baseline (3-layer),application,block,0,1.5,1,1,0
Baseline (3-layer),application,block,0,5.0,194,1,0
Baseline (3-layer),application,block,1,1.5,314,1,0
Baseline (3-layer),application,block,1,10.0,255,1,1
Baseline (3-layer),application,block,1,100.0,318,1,1
Baseline (3-layer),application,block,1,5.0,358,1,0
Baseline (3-layer),application,block,1,10.0,264,1,0
Baseline (3-layer),application,block,1,10.0,205,1,0
Baseline (3-layer),application,block,1,10.0,300,1,1
Baseline (3-layer),application,block,0,10.0,290,1,0
Baseline (3-layer),application,block,0,10.0,319,1,0
Baseline (3-layer),application,block,0,50.0,312,1,1
Baseline (3-layer),application,block,1,5.0,307,1,0
Baseline (3-layer),application,block,1,10.0,113,1,0
Baseline (3-layer),application,block,0,10.0,281,1,0
Baseline (3-layer),application,block,0,50.0,266,1,0
Baseline (3-layer),application,block,1,100.0,341,1,1
Baseline (3-layer),application,block,0,50.0,285,1,0
Baseline (3-layer),application,block,1,50.0,302,1,1
Baseline (3-layer),application,block,0,1.5,119,1,0
Baseline (3-layer),application,block,1,50.0,130,1,0
Baseline (3-layer),application,block,0,1.5,171,1,0
Baseline (3-layer),application,block,0,10.0,21,1,0
Baseline (3-layer),application,block,0,50.0,219,1,0
Baseline (3-layer),application,block,1,50.0,44,1,1
Baseline (3-layer),application,block,0,50.0,48,1,0
Baseline (3-layer),application,block,0,5.0,226,1,0
Baseline (3-layer),application,block,1,100.0,268,1,1
Baseline (3-layer),application,block,1,5.0,344,1,0
Baseline (3-layer),application,block,1,5.0,20,1,0
Baseline (3-layer),application,block,1,5.0,157,1,0
Baseline (3-layer),application,block,0,50.0,320,1,1
Baseline (3-layer),application,block,0,5.0,348,1,0
Baseline (3-layer),application,block,1,5.0,35,1,0
Baseline (3-layer),application,block,0,100.0,299,1,0
Baseline (3-layer),application,block,1,5.0,71,1,0
Baseline (3-layer),application,block,0,50.0,309,1,1
Baseline (3-layer),application,block,0,50.0,133,1,1
Baseline (3-layer),application,block,1,100.0,318,1,1
Baseline (3-layer),application,block,1,100.0,307,1,0
Baseline (3-layer),application,block,0,5.0,324,1,0
Baseline (3-layer),application,block,0,100.0,205,1,0
Baseline (3-layer),application,block,0,100.0,351,1,0
Baseline (3-layer),application,bitflip,1,nan,74,0,0
Baseline (3-layer),application,bitflip,1,nan,157,0,0
Baseline (3-layer),application,bitflip,1,nan,210,0,0
Baseline (3-layer),application,bitflip,1,nan,242,0,0
Baseline (3-layer),application,bitflip,1,nan,4,1,0
Baseline (3-layer),application,bitflip,1,nan,247,0,0
Baseline (3-layer),application,bitflip,1,nan,82,0,0
Baseline (3-layer),application,bitflip,0,nan,57,0,0
Baseline (3-layer),application,bitflip,0,nan,287,0,0
Baseline (3-layer),application,bitflip,0,nan,136,0,0
Baseline (3-layer),application,bitflip,0,nan,259,0,0
Baseline (3-layer),application,bitflip,0,nan,304,0,0
Baseline (3-layer),application,bitflip,0,nan,154,0,0
Baseline (3-layer),application,bitflip,1,nan,294,0,0
Baseline (3-layer),application,bitflip,0,nan,196,0,0
Baseline (3-layer),application,bitflip,1,nan,248,0,0
Baseline (3-layer),application,bitflip,1,nan,75,1,0
Baseline (3-layer),application,bitflip,0,nan,317,0,0
Baseline (3-layer),application,bitflip,0,nan,124,0,0
Baseline (3-layer),application,bitflip,0,nan,49,1,1
Baseline (3-layer),application,bitflip,1,nan,261,1,0
Baseline (3-layer),application,bitflip,1,nan,299,1,0
Baseline (3-layer),application,bitflip,1,nan,248,0,0
Baseline (3-layer),application,bitflip,0,nan,332,1,0
Baseline (3-layer),application,bitflip,1,nan,103,0,0
Baseline (3-layer),application,bitflip,0,nan,10,0,0
Baseline (3-layer),application,bitflip,1,nan,88,1,0
Baseline (3-layer),application,bitflip,1,nan,3,1,0
Baseline (3-layer),application,bitflip,0,nan,248,0,0
Baseline (3-layer),application,bitflip,1,nan,33,0,0
Baseline (3-layer),application,bitflip,0,nan,154,0,0
Baseline (3-layer),application,bitflip,1,nan,104,0,0
Baseline (3-layer),application,bitflip,0,nan,325,0,0
Baseline (3-layer),application,bitflip,1,nan,359,0,0
Baseline (3-layer),application,bitflip,1,nan,119,1,0
Baseline (3-layer),application,bitflip,0,nan,48,0,0
Baseline (3-layer),application,bitflip,0,nan,124,1,0
Baseline (3-layer),application,bitflip,0,nan,273,1,0
Baseline (3-layer),application,bitflip,0,nan,226,0,0
Baseline (3-layer),application,bitflip,1,nan,128,0,0
Baseline (3-layer),application,bitflip,0,nan,104,0,0
Baseline (3-layer),application,bitflip,1,nan,112,1,0
Baseline (3-layer),application,bitflip,1,nan,347,0,0
Baseline (3-layer),application,bitflip,1,nan,4,1,0
Baseline (3-layer),application,bitflip,0,nan,334,0,0
Baseline (3-layer),application,bitflip,0,nan,186,0,0
Baseline (3-layer),application,bitflip,1,nan,97,0,0
Baseline (3-layer),application,bitflip,0,nan,251,0,0
Baseline (3-layer),application,bitflip,1,nan,215,0,0
Baseline (3-layer),application,bitflip,1,nan,197,1,0
Baseline (3-layer),application,bitflip,1,nan,186,1,0
Baseline (3-layer),application,bitflip,0,nan,224,1,0
Baseline (3-layer),application,bitflip,0,nan,258,1,0
Baseline (3-layer),application,bitflip,1,nan,185,0,0
Baseline (3-layer),application,bitflip,0,nan,183,0,0
Baseline (3-layer),application,bitflip,1,nan,272,0,0
Baseline (3-layer),application,bitflip,1,nan,240,0,0
Baseline (3-layer),application,bitflip,1,nan,176,0,0
Baseline (3-layer),application,bitflip,0,nan,168,1,0
Baseline (3-layer),application,bitflip,0,nan,131,0,0
Baseline (3-layer),application,bitflip,0,nan,222,0,0
Baseline (3-layer),application,bitflip,0,nan,181,0,0
Baseline (3-layer),application,bitflip,1,nan,349,1,0
Baseline (3-layer),application,bitflip,1,nan,134,0,0
Baseline (3-layer),application,bitflip,0,nan,301,1,0
Baseline (3-layer),application,bitflip,0,nan,213,0,0
Baseline (3-layer),application,bitflip,0,nan,23,1,0
Baseline (3-layer),application,bitflip,1,nan,280,0,0
Baseline (3-layer),application,bitflip,0,nan,97,1,0
Baseline (3-layer),application,bitflip,1,nan,328,0,0
Baseline (3-layer),application,bitflip,1,nan,84,0,0
Baseline (3-layer),application,bitflip,1,nan,62,0,0
Baseline (3-layer),application,bitflip,0,nan,212,0,0
Baseline (3-layer),application,bitflip,0,nan,48,1,0
Baseline (3-layer),application,bitflip,1,nan,212,0,0
Baseline (3-layer),application,bitflip,0,nan,175,1,1
Baseline (3-layer),application,bitflip,0,nan,230,0,0
Baseline (3-layer),application,bitflip,0,nan,312,0,0
Baseline (3-layer),application,bitflip,0,nan,127,0,0
Baseline (3-layer),application,bitflip,1,nan,286,0,0
Baseline (3-layer),application,bitflip,0,nan,246,1,0
Baseline (3-layer),application,bitflip,0,nan,23,0,0
Baseline (3-layer),application,bitflip,1,nan,2,1,0
Baseline (3-layer),application,bitflip,1,nan,148,0,0
Baseline (3-layer),application,bitflip,0,nan,99,0,0
Baseline (3-layer),application,bitflip,1,nan,354,0,0
Baseline (3-layer),application,bitflip,0,nan,207,1,0
Baseline (3-layer),application,bitflip,0,nan,297,0,0
Baseline (3-layer),application,bitflip,0,nan,20,0,0
Baseline (3-layer),application,bitflip,1,nan,216,0,0
Baseline (3-layer),application,bitflip,1,nan,246,0,0
Baseline (3-layer),application,bitflip,0,nan,35,1,0
Baseline (3-layer),application,bitflip,0,nan,70,0,0
Baseline (3-layer),application,bitflip,1,nan,96,0,0
Baseline (3-layer),application,bitflip,1,nan,271,1,1
Baseline (3-layer),application,bitflip,0,nan,140,0,0
Baseline (3-layer),application,bitflip,1,nan,207,0,0
Baseline (3-layer),application,bitflip,1,nan,108,0,0
Baseline (3-layer),application,bitflip,0,nan,44,0,0
Baseline (3-layer),application,bitflip,0,nan,217,1,0
Baseline (3-layer),application,nan,0,nan,72,1,1
Baseline (3-layer),application,nan,0,nan,159,1,1
Baseline (3-layer),application,nan,1,nan,337,1,1
Baseline (3-layer),application,nan,0,nan,353,1,1
Baseline (3-layer),application,nan,1,nan,118,1,1
Baseline (3-layer),application,nan,1,nan,286,1,1
Baseline (3-layer),application,nan,0,nan,287,1,1
Baseline (3-layer),application,nan,0,nan,295,1,1
Baseline (3-layer),application,nan,0,nan,208,1,1
Baseline (3-layer),application,nan,0,nan,289,1,1
Baseline (3-layer),application,nan,1,nan,79,1,1
Baseline (3-layer),application,nan,1,nan,319,1,1
Baseline (3-layer),application,nan,1,nan,75,1,1
Baseline (3-layer),application,nan,0,nan,155,1,1
Baseline (3-layer),application,nan,0,nan,304,1,1
Baseline (3-layer),application,nan,0,nan,142,1,1
Baseline (3-layer),application,nan,1,nan,66,1,1
Baseline (3-layer),application,nan,1,nan,300,1,1
Baseline (3-layer),application,nan,0,nan,257,1,1
Baseline (3-layer),application,nan,0,nan,172,1,1
Baseline (3-layer),application,nan,1,nan,90,1,1
Baseline (3-layer),application,nan,1,nan,249,1,1
Baseline (3-layer),application,nan,0,nan,289,1,1
Baseline (3-layer),application,nan,1,nan,116,1,1
Baseline (3-layer),application,nan,0,nan,62,1,1
Baseline (3-layer),application,nan,0,nan,115,1,1
Baseline (3-layer),application,nan,0,nan,41,1,1
Baseline (3-layer),application,nan,1,nan,347,1,1
Baseline (3-layer),application,nan,1,nan,126,1,1
Baseline (3-layer),application,nan,0,nan,17,1,1
Baseline (3-layer),application,nan,1,nan,252,1,1
Baseline (3-layer),application,nan,1,nan,170,1,1
Baseline (3-layer),application,nan,1,nan,0,1,1
Baseline (3-layer),application,nan,1,nan,46,1,1
Baseline (3-layer),application,nan,0,nan,211,1,1
Baseline (3-layer),application,nan,0,nan,349,1,1
Baseline (3-layer),application,nan,1,nan,239,1,1
Baseline (3-layer),application,nan,1,nan,141,1,1
Baseline (3-layer),application,nan,1,nan,71,1,1
Baseline (3-layer),application,nan,1,nan,44,1,1
Baseline (3-layer),application,nan,1,nan,184,1,1
Baseline (3-layer),application,nan,0,nan,13,1,1
Baseline (3-layer),application,nan,1,nan,74,1,1
Baseline (3-layer),application,nan,0,nan,178,1,1
Baseline (3-layer),application,nan,0,nan,246,1,1
Baseline (3-layer),application,nan,1,nan,122,1,1
Baseline (3-layer),application,nan,0,nan,69,1,1
Baseline (3-layer),application,nan,1,nan,359,1,1
Baseline (3-layer),application,nan,0,nan,279,1,1
Baseline (3-layer),application,nan,1,nan,338,1,1
Baseline (3-layer),application,nan,0,nan,0,1,1
Baseline (3-layer),application,nan,1,nan,142,1,1
Baseline (3-layer),application,nan,0,nan,282,1,1
Baseline (3-layer),application,nan,1,nan,40,1,1
Baseline (3-layer),application,nan,0,nan,109,1,1
Baseline (3-layer),application,nan,1,nan,127,1,1
Baseline (3-layer),application,nan,1,nan,344,1,1
Baseline (3-layer),application,nan,1,nan,56,1,1
Baseline (3-layer),application,nan,1,nan,276,1,1
Baseline (3-layer),application,nan,1,nan,67,1,1
Baseline (3-layer),application,nan,0,nan,337,1,1
Baseline (3-layer),application,nan,1,nan,93,1,1
Baseline (3-layer),application,nan,1,nan,132,1,1
Baseline (3-layer),application,nan,0,nan,288,1,1
Baseline (3-layer),application,nan,1,nan,340,1,1
Baseline (3-layer),application,nan,1,nan,163,1,1
Baseline (3-layer),application,nan,1,nan,201,1,1
Baseline (3-layer),application,nan,1,nan,75,1,1
Baseline (3-layer),application,nan,0,nan,234,1,1
Baseline (3-layer),application,nan,0,nan,253,1,1
Baseline (3-layer),application,nan,0,nan,348,1,1
Baseline (3-layer),application,nan,1,nan,78,1,1
Baseline (3-layer),application,nan,1,nan,49,1,1
Baseline (3-layer),application,nan,0,nan,34,1,1
Baseline (3-layer),application,nan,0,nan,85,1,1
Baseline (3-layer),application,nan,1,nan,227,1,1
Baseline (3-layer),application,nan,1,nan,61,1,1
Baseline (3-layer),application,nan,1,nan,82,1,1
Baseline (3-layer),application,nan,0,nan,358,1,1
Baseline (3-layer),application,nan,1,nan,170,1,1
Baseline (3-layer),application,nan,0,nan,249,1,1
Baseline (3-layer),application,nan,0,nan,6,1,1
Baseline (3-layer),application,nan,0,nan,72,1,1
Baseline (3-layer),application,nan,0,nan,53,1,1
Baseline (3-layer),application,nan,0,nan,326,1,1
Baseline (3-layer),application,nan,1,nan,74,1,1
Baseline (3-layer),application,nan,0,nan,288,1,1
Baseline (3-layer),application,nan,1,nan,189,1,1
Baseline (3-layer),application,nan,0,nan,170,1,1
Baseline (3-layer),application,nan,0,nan,182,1,1
Baseline (3-layer),application,nan,1,nan,114,1,1
Baseline (3-layer),application,nan,0,nan,95,1,1
Baseline (3-layer),application,nan,0,nan,174,1,1
Baseline (3-layer),application,nan,1,nan,79,1,1
Baseline (3-layer),application,nan,1,nan,338,1,1
Baseline (3-layer),application,nan,0,nan,40,1,1
Baseline (3-layer),application,nan,1,nan,354,1,1
Baseline (3-layer),application,nan,1,nan,236,1,1
Baseline (3-layer),application,nan,1,nan,231,1,1
Baseline (3-layer),application,nan,0,nan,150,1,1
Baseline (3-layer),layer,random,0,10.0,272,0,0
Baseline (3-layer),layer,block,0,100.0,353,1,1
Baseline (3-layer),layer,block,0,100.0,176,1,1
Baseline (3-layer),layer,column,0,5.0,315,0,0
Baseline (3-layer),layer,random,0,1.5,36,0,0
Baseline (3-layer),layer,single,0,50.0,136,0,0
Baseline (3-layer),layer,row,0,100.0,78,1,0
Baseline (3-layer),layer,row,0,5.0,295,1,0
Baseline (3-layer),layer,random,0,100.0,213,0,0
Baseline (3-layer),layer,row,0,1.5,61,1,0
Baseline (3-layer),layer,column,0,5.0,16,1,0
Baseline (3-layer),layer,block,0,5.0,80,1,0
Baseline (3-layer),layer,column,0,100.0,285,0,0
Baseline (3-layer),layer,single,0,100.0,242,1,1
Baseline (3-layer),layer,random,0,1.5,10,0,0
Baseline (3-layer),layer,row,0,10.0,88,1,0
Baseline (3-layer),layer,row,0,1.5,156,1,1
Baseline (3-layer),layer,single,0,50.0,347,0,0
Baseline (3-layer),layer,column,0,1.5,278,0,0
Baseline (3-layer),layer,single,0,1.5,146,1,0
Baseline (3-layer),layer,column,0,10.0,303,0,0
Baseline (3-layer),layer,random,0,100.0,230,0,0
Baseline (3-layer),layer,random,0,50.0,263,1,0
Baseline (3-layer),layer,random,0,50.0,153,1,0
Baseline (3-layer),layer,random,0,50.0,191,0,0
Baseline (3-layer),layer,block,0,1.5,339,1,0
Baseline (3-layer),layer,single,0,10.0,59,1,0
Baseline (3-layer),layer,random,0,1.5,195,0,0
Baseline (3-layer),layer,single,0,50.0,261,1,1
Baseline (3-layer),layer,single,0,50.0,220,0,0
Baseline (3-layer),layer,column,0,100.0,137,0,0
Baseline (3-layer),layer,row,0,100.0,40,1,0
Baseline (3-layer),layer,row,0,10.0,211,1,0
Baseline (3-layer),layer,single,0,50.0,209,1,0
Baseline (3-layer),layer,single,0,10.0,340,1,0
Baseline (3-layer),layer,block,0,1.5,71,1,0
Baseline (3-layer),layer,block,0,10.0,37,1,0
Baseline (3-layer),layer,block,0,1.5,233,1,0
Baseline (3-layer),layer,row,0,5.0,114,1,0
Baseline (3-layer),layer,random,0,5.0,340,0,0
Baseline (3-layer),layer,single,0,100.0,204,1,0
Baseline (3-layer),layer,block,0,10.0,75,1,0
Baseline (3-layer),layer,random,0,1.5,324,0,0
Baseline (3-layer),layer,random,0,1.5,69,0,0
Baseline (3-layer),layer,random,0,50.0,296,0,0
Baseline (3-layer),layer,block,0,10.0,321,1,0
Baseline (3-layer),layer,block,0,5.0,277,1,0
Baseline (3-layer),layer,column,0,5.0,254,0,0
Baseline (3-layer),layer,column,0,100.0,151,1,1
Baseline (3-layer),layer,column,0,1.5,205,1,0
Baseline (3-layer),layer,block,0,1.5,53,1,0
Baseline (3-layer),layer,single,0,5.0,227,1,0
Baseline (3-layer),layer,column,0,1.5,3,1,0
Baseline (3-layer),layer,row,0,50.0,71,1,0
Baseline (3-layer),layer,row,0,100.0,52,1,0
Baseline (3-layer),layer,column,0,50.0,87,0,0
Baseline (3-layer),layer,random,0,100.0,157,1,1
Baseline (3-layer),layer,block,0,50.0,168,1,0
Baseline (3-layer),layer,row,0,100.0,38,1,0
Baseline (3-layer),layer,row,0,5.0,352,1,0
Baseline (3-layer),layer,random,0,10.0,82,1,0
Baseline (3-layer),layer,column,0,50.0,300,0,0
Baseline (3-layer),layer,random,0,50.0,283,0,0
Baseline (3-layer),layer,column,0,10.0,1,1,0
Baseline (3-layer),layer,block,0,10.0,291,1,0
Baseline (3-layer),layer,column,0,5.0,156,1,0
Baseline (3-layer),layer,single,0,10.0,86,0,0
Baseline (3-layer),layer,block,0,1.5,1,1,0
Baseline (3-layer),layer,single,0,1.5,183,1,0
Baseline (3-layer),layer,row,0,5.0,214,1,1
Baseline (3-layer),layer,block,0,10.0,178,1,1
Baseline (3-layer),layer,column,0,50.0,146,0,0
Baseline (3-layer),layer,single,0,50.0,107,1,0
Baseline (3-layer),layer,column,0,10.0,170,0,0
Baseline (3-layer),layer,row,0,50.0,39,1,0
Baseline (3-layer),layer,random,0,10.0,305,0,0
Baseline (3-layer),layer,block,0,10.0,43,1,0
Baseline (3-layer),layer,single,0,10.0,334,0,0
Baseline (3-layer),layer,single,0,10.0,66,0,0
Baseline (3-layer),layer,single,0,50.0,35,1,0
Baseline (3-layer),layer,single,1,50.0,140,0,0
Baseline (3-layer),layer,single,1,10.0,204,1,0
Baseline (3-layer),layer,row,1,1.5,346,1,0
Baseline (3-layer),layer,single,1,10.0,160,1,0
Baseline (3-layer),layer,single,1,100.0,269,1,0
Baseline (3-layer),layer,random,1,10.0,179,0,0
Baseline (3-layer),layer,row,1,5.0,335,1,0
Baseline (3-layer),layer,single,1,50.0,358,0,0
Baseline (3-layer),layer,random,1,5.0,313,0,0
Baseline (3-layer),layer,block,1,100.0,287,1,0
Baseline (3-layer),layer,block,1,1.5,63,1,0
Baseline (3-layer),layer,row,1,50.0,147,1,0
Baseline (3-layer),layer,row,1,5.0,296,1,0
Baseline (3-layer),layer,column,1,1.5,298,1,0
Baseline (3-layer),layer,block,1,50.0,20,1,1
Baseline (3-layer),layer,block,1,100.0,42,1,0
Baseline (3-layer),layer,block,1,10.0,330,1,0
Baseline (3-layer),layer,block,1,5.0,105,1,0
Baseline (3-layer),layer,column,1,50.0,193,1,0
Baseline (3-layer),layer,column,1,1.5,37,0,0
Baseline (3-layer),layer,single,1,10.0,311,1,0
Baseline (3-layer),layer,row,1,10.0,86,1,1
Baseline (3-layer),layer,block,1,5.0,185,1,0
Baseline (3-layer),layer,random,1,5.0,222,0,0
Baseline (3-layer),layer,random,1,100.0,38,1,0
Baseline (3-layer),layer,block,1,1.5,177,1,0
Baseline (3-layer),layer,column,1,50.0,181,0,0
Baseline (3-layer),layer,single,1,5.0,19,0,0
Baseline (3-layer),layer,single,1,1.5,254,1,0
Baseline (3-layer),layer,column,1,5.0,103,0,0
Baseline (3-layer),layer,single,1,1.5,158,1,0
Baseline (3-layer),layer,random,1,5.0,233,0,0
Baseline (3-layer),layer,single,1,50.0,280,0,0
Baseline (3-layer),layer,row,1,1.5,265,1,0
Baseline (3-layer),layer,row,1,5.0,2,1,1
Baseline (3-layer),layer,random,1,10.0,319,0,0
Baseline (3-layer),layer,single,1,1.5,29,1,0
Baseline (3-layer),layer,column,1,5.0,289,0,0
Baseline (3-layer),layer,single,1,100.0,125,0,0
Baseline (3-layer),layer,block,1,1.5,231,1,0
Baseline (3-layer),layer,row,1,100.0,92,1,0
Baseline (3-layer),layer,column,1,100.0,151,1,1
Baseline (3-layer),layer,row,1,50.0,243,1,0
Baseline (3-layer),layer,single,1,10.0,134,1,0
Baseline (3-layer),layer,single,1,50.0,247,1,1
Baseline (3-layer),layer,column,1,100.0,159,1,0
Baseline (3-layer),layer,random,1,50.0,23,0,0
Baseline (3-layer),layer,block,1,1.5,354,1,0
Baseline (3-layer),layer,random,1,5.0,277,0,0
Baseline (3-layer),layer,column,1,10.0,179,1,0
Baseline (3-layer),layer,row,1,10.0,338,1,0
Baseline (3-layer),layer,row,1,50.0,153,1,0
Baseline (3-layer),layer,block,1,10.0,91,1,0
Baseline (3-layer),layer,random,1,100.0,310,1,0
Baseline (3-layer),layer,block,1,1.5,264,1,0
Baseline (3-layer),layer,row,1,10.0,284,1,0
Baseline (3-layer),layer,single,1,100.0,158,1,1
Baseline (3-layer),layer,block,1,5.0,294,1,0
Baseline (3-layer),layer,single,1,50.0,231,1,0
Baseline (3-layer),layer,random,1,100.0,22,1,1
Baseline (3-layer),layer,row,1,100.0,176,1,0
Baseline (3-layer),layer,single,1,50.0,229,1,1
Baseline (3-layer),layer,block,1,1.5,14,1,0
Baseline (3-layer),layer,row,1,50.0,192,1,0
Baseline (3-layer),layer,random,1,50.0,340,0,0
Baseline (3-layer),layer,random,1,5.0,120,1,0
Baseline (3-layer),layer,block,1,100.0,258,1,1
Baseline (3-layer),layer,random,1,10.0,94,1,0
Baseline (3-layer),layer,random,1,10.0,24,1,0
Baseline (3-layer),layer,row,1,10.0,64,1,0
Baseline (3-layer),layer,column,1,5.0,117,0,0
Baseline (3-layer),layer,random,1,1.5,151,1,0
Baseline (3-layer),layer,block,1,1.5,274,1,0
Baseline (3-layer),layer,single,1,100.0,136,0,0
Baseline (3-layer),layer,row,1,50.0,329,1,0
Baseline (3-layer),layer,column,1,50.0,289,1,1
Baseline (3-layer),layer,column,1,100.0,349,1,1
Baseline (3-layer),layer,single,1,1.5,241,1,0
Baseline (3-layer),layer,row,1,50.0,167,1,0
Baseline (3-layer),layer,block,1,100.0,114,1,1
Baseline (3-layer),magnitude,column,1,1.1,239,0,0
Baseline (3-layer),magnitude,block,0,1.1,247,1,0
Baseline (3-layer),magnitude,row,0,1.1,23,1,0
Baseline (3-layer),magnitude,row,1,1.1,39,1,0
Baseline (3-layer),magnitude,block,0,1.1,81,1,0
Baseline (3-layer),magnitude,single,0,1.1,120,0,0
Baseline (3-layer),magnitude,random,0,1.1,11,0,0
Baseline (3-layer),magnitude,block,1,1.1,321,1,0
Baseline (3-layer),magnitude,column,0,1.1,278,1,0
Baseline (3-layer),magnitude,single,1,1.1,92,1,0
Baseline (3-layer),magnitude,block,0,1.1,16,1,0
Baseline (3-layer),magnitude,row,1,1.1,356,1,0
Baseline (3-layer),magnitude,random,0,1.1,254,0,0
Baseline (3-layer),magnitude,single,0,1.1,41,1,0
Baseline (3-layer),magnitude,random,0,1.1,151,1,0
Baseline (3-layer),magnitude,block,0,1.1,69,1,0
Baseline (3-layer),magnitude,single,1,1.1,326,0,0
Baseline (3-layer),magnitude,random,1,1.1,242,1,0
Baseline (3-layer),magnitude,column,1,1.1,161,1,0
Baseline (3-layer),magnitude,column,1,1.1,177,0,0
Baseline (3-layer),magnitude,single,0,1.1,79,0,0
Baseline (3-layer),magnitude,column,0,1.1,348,0,0
Baseline (3-layer),magnitude,row,1,1.1,274,1,0
Baseline (3-layer),magnitude,block,1,1.1,328,0,0
Baseline (3-layer),magnitude,block,0,1.1,32,1,0
Baseline (3-layer),magnitude,block,1,1.1,26,1,0
Baseline (3-layer),magnitude,random,1,1.1,9,1,0
Baseline (3-layer),magnitude,random,1,1.1,294,1,0
Baseline (3-layer),magnitude,column,0,1.1,15,1,0
Baseline (3-layer),magnitude,random,0,1.1,221,1,0
Baseline (3-layer),magnitude,random,0,1.1,264,0,0
Baseline (3-layer),magnitude,single,1,1.1,266,1,0
Baseline (3-layer),magnitude,column,0,1.1,284,0,0
Baseline (3-layer),magnitude,column,1,1.1,214,1,0
Baseline (3-layer),magnitude,random,1,1.1,76,1,0
Baseline (3-layer),magnitude,block,0,1.1,65,1,0
Baseline (3-layer),magnitude,single,1,1.1,137,1,0
Baseline (3-layer),magnitude,random,0,1.1,66,1,0
Baseline (3-layer),magnitude,row,1,1.1,254,1,0
Baseline (3-layer),magnitude,single,0,1.1,141,1,0
Baseline (3-layer),magnitude,row,0,1.1,52,1,0
Baseline (3-layer),magnitude,column,0,1.1,209,0,0
Baseline (3-layer),magnitude,column,1,1.1,132,1,0
Baseline (3-layer),magnitude,column,0,1.1,329,1,0
Baseline (3-layer),magnitude,block,1,1.1,7,1,0
Baseline (3-layer),magnitude,single,1,1.1,334,1,0
Baseline (3-layer),magnitude,block,0,1.1,245,1,0
Baseline (3-layer),magnitude,row,1,1.1,314,1,0
Baseline (3-layer),magnitude,random,0,1.1,193,0,0
Baseline (3-layer),magnitude,row,0,1.1,277,1,0
Baseline (3-layer),magnitude,single,1,2.0,217,0,0
Baseline (3-layer),magnitude,random,0,2.0,331,0,0
Baseline (3-layer),magnitude,row,1,2.0,111,1,0
Baseline (3-layer),magnitude,single,0,2.0,153,0,0
Baseline (3-layer),magnitude,block,1,2.0,77,1,0
Baseline (3-layer),magnitude,row,0,2.0,156,1,1
Baseline (3-layer),magnitude,block,1,2.0,236,1,0
Baseline (3-layer),magnitude,column,1,2.0,72,1,0
Baseline (3-layer),magnitude,single,1,2.0,10,1,0
Baseline (3-layer),magnitude,column,0,2.0,302,1,0
Baseline (3-layer),magnitude,row,1,2.0,228,1,0
Baseline (3-layer),magnitude,column,1,2.0,66,1,0
Baseline (3-layer),magnitude,block,1,2.0,46,1,0
Baseline (3-layer),magnitude,column,1,2.0,57,0,0
Baseline (3-layer),magnitude,random,0,2.0,200,1,0
Baseline (3-layer),magnitude,row,0,2.0,256,1,0
Baseline (3-layer),magnitude,random,1,2.0,233,0,0
Baseline (3-layer),magnitude,block,0,2.0,48,1,0
Baseline (3-layer),magnitude,random,1,2.0,147,1,0
Baseline (3-layer),magnitude,row,0,2.0,307,1,0
Baseline (3-layer),magnitude,single,0,2.0,217,1,0
Baseline (3-layer),magnitude,random,0,2.0,354,1,0
Baseline (3-layer),magnitude,block,1,2.0,183,1,0
Baseline (3-layer),magnitude,column,1,2.0,278,0,0
Baseline (3-layer),magnitude,block,1,2.0,282,1,0
Baseline (3-layer),magnitude,row,1,2.0,8,1,0
Baseline (3-layer),magnitude,column,1,2.0,19,1,0
Baseline (3-layer),magnitude,single,1,2.0,176,1,0
Baseline (3-layer),magnitude,row,0,2.0,88,1,0
Baseline (3-layer),magnitude,single,0,2.0,304,1,0
Baseline (3-layer),magnitude,block,1,2.0,158,1,0
Baseline (3-layer),magnitude,random,1,2.0,8,0,0
Baseline (3-layer),magnitude,single,0,2.0,48,0,0
Baseline (3-layer),magnitude,row,0,2.0,120,1,0
Baseline (3-layer),magnitude,column,1,2.0,154,0,0
Baseline (3-layer),magnitude,single,0,2.0,132,0,0
Baseline (3-layer),magnitude,single,1,2.0,163,1,0
Baseline (3-layer),magnitude,random,0,2.0,99,1,0
Baseline (3-layer),magnitude,column,0,2.0,92,0,0
Baseline (3-layer),magnitude,random,1,2.0,205,0,0
Baseline (3-layer),magnitude,single,1,2.0,43,1,0
Baseline (3-layer),magnitude,column,1,2.0,87,0,0
Baseline (3-layer),magnitude,block,1,2.0,307,1,0
Baseline (3-layer),magnitude,random,1,2.0,220,1,0
Baseline (3-layer),magnitude,random,0,2.0,299,1,0
Baseline (3-layer),magnitude,random,0,2.0,142,0,0
Baseline (3-layer),magnitude,row,0,2.0,296,1,0
Baseline (3-layer),magnitude,random,1,2.0,301,1,0
Baseline (3-layer),magnitude,row,1,2.0,264,1,1
Baseline (3-layer),magnitude,column,1,2.0,176,1,0
Baseline (3-layer),magnitude,random,1,5.0,108,0,0
Baseline (3-layer),magnitude,single,1,5.0,199,1,0
Baseline (3-layer),magnitude,column,1,5.0,35,1,0
Baseline (3-layer),magnitude,single,0,5.0,56,0,0
Baseline (3-layer),magnitude,column,0,5.0,283,1,0
Baseline (3-layer),magnitude,block,0,5.0,307,1,0
Baseline (3-layer),magnitude,block,1,5.0,289,1,0
Baseline (3-layer),magnitude,column,0,5.0,148,0,0
Baseline (3-layer),magnitude,block,0,5.0,147,1,0
Baseline (3-layer),magnitude,random,0,5.0,90,0,0
Baseline (3-layer),magnitude,random,1,5.0,202,1,0
Baseline (3-layer),magnitude,random,1,5.0,235,1,0
Baseline (3-layer),magnitude,row,0,5.0,225,1,0
Baseline (3-layer),magnitude,block,0,5.0,98,1,0
Baseline (3-layer),magnitude,random,0,5.0,135,0,0
Baseline (3-layer),magnitude,single,0,5.0,58,0,0
Baseline (3-layer),magnitude,random,1,5.0,77,0,0
Baseline (3-layer),magnitude,single,1,5.0,316,1,0
Baseline (3-layer),magnitude,random,0,5.0,125,0,0
Baseline (3-layer),magnitude,column,0,5.0,146,0,0
Baseline (3-layer),magnitude,row,1,5.0,358,1,0
Baseline (3-layer),magnitude,single,1,5.0,176,0,0
Baseline (3-layer),magnitude,random,0,5.0,139,0,0
Baseline (3-layer),magnitude,row,1,5.0,24,1,0
Baseline (3-layer),magnitude,column,1,5.0,68,1,0
Baseline (3-layer),magnitude,random,0,5.0,283,1,0
Baseline (3-layer),magnitude,single,0,5.0,321,0,0
Baseline (3-layer),magnitude,single,1,5.0,56,1,0
Baseline (3-layer),magnitude,single,1,5.0,211,1,0
Baseline (3-layer),magnitude,single,0,5.0,176,0,0
Baseline (3-layer),magnitude,row,0,5.0,89,1,1
Baseline (3-layer),magnitude,random,1,5.0,9,0,0
Baseline (3-layer),magnitude,row,1,5.0,114,1,0
Baseline (3-layer),magnitude,random,1,5.0,5,0,0
Baseline (3-layer),magnitude,row,1,5.0,249,1,0
Baseline (3-layer),magnitude,random,0,5.0,273,1,0
Baseline (3-layer),magnitude,block,1,5.0,359,1,0
Baseline (3-layer),magnitude,random,1,5.0,145,0,0
Baseline (3-layer),magnitude,block,1,5.0,81,1,0
Baseline (3-layer),magnitude,block,0,5.0,300,1,0
Baseline (3-layer),magnitude,block,1,5.0,68,1,0
Baseline (3-layer),magnitude,single,1,5.0,326,1,0
Baseline (3-layer),magnitude,single,0,5.0,202,0,0
Baseline (3-layer),magnitude,block,0,5.0,165,1,0
Baseline (3-layer),magnitude,random,0,5.0,276,0,0
Baseline (3-layer),magnitude,row,1,5.0,173,1,0
Baseline (3-layer),magnitude,block,0,5.0,256,1,0
Baseline (3-layer),magnitude,row,0,5.0,291,1,0
Baseline (3-layer),magnitude,block,0,5.0,294,1,0
Baseline (3-layer),magnitude,single,1,5.0,58,1,0
Baseline (3-layer),magnitude,single,0,10.0,213,1,0
Baseline (3-layer),magnitude,single,1,10.0,73,1,0
Baseline (3-layer),magnitude,random,0,10.0,31,1,0
Baseline (3-layer),magnitude,column,1,10.0,265,0,0
Baseline (3-layer),magnitude,single,1,10.0,160,0,0
Baseline (3-layer),magnitude,row,1,10.0,210,1,0
Baseline (3-layer),magnitude,row,0,10.0,9,1,0
Baseline (3-layer),magnitude,single,1,10.0,177,1,0
Baseline (3-layer),magnitude,row,0,10.0,126,1,0
Baseline (3-layer),magnitude,single,0,10.0,1,1,0
Baseline (3-layer),magnitude,row,0,10.0,248,1,0
Baseline (3-layer),magnitude,random,1,10.0,304,0,0
Baseline (3-layer),magnitude,random,1,10.0,347,0,0
Baseline (3-layer),magnitude,row,0,10.0,37,1,0
Baseline (3-layer),magnitude,block,0,10.0,80,1,1
Baseline (3-layer),magnitude,block,0,10.0,30,1,0
Baseline (3-layer),magnitude,block,0,10.0,310,1,0
Baseline (3-layer),magnitude,random,0,10.0,272,1,0
Baseline (3-layer),magnitude,random,1,10.0,291,1,0
Baseline (3-layer),magnitude,column,1,10.0,295,1,0
Baseline (3-layer),magnitude,single,0,10.0,63,1,0
Baseline (3-layer),magnitude,row,0,10.0,342,1,0
Baseline (3-layer),magnitude,random,1,10.0,292,1,0
Baseline (3-layer),magnitude,single,0,10.0,102,1,0
Baseline (3-layer),magnitude,single,0,10.0,91,1,0
Baseline (3-layer),magnitude,row,1,10.0,210,1,0
Baseline (3-layer),magnitude,row,1,10.0,297,1,0
Baseline (3-layer),magnitude,row,0,10.0,88,1,0
Baseline (3-layer),magnitude,single,1,10.0,325,1,0
Baseline (3-layer),magnitude,column,1,10.0,26,0,0
Baseline (3-layer),magnitude,random,0,10.0,247,1,0
Baseline (3-layer),magnitude,random,1,10.0,346,1,0
Baseline (3-layer),magnitude,random,1,10.0,268,0,0
Baseline (3-layer),magnitude,random,1,10.0,349,1,0
Baseline (3-layer),magnitude,column,0,10.0,308,1,0
Baseline (3-layer),magnitude,random,0,10.0,92,0,0
Baseline (3-layer),magnitude,single,0,10.0,313,1,0
Baseline (3-layer),magnitude,block,0,10.0,8,1,0
Baseline (3-layer),magnitude,random,1,10.0,192,0,0
Baseline (3-layer),magnitude,block,0,10.0,211,1,0
Baseline (3-layer),magnitude,column,1,10.0,143,0,0
Baseline (3-layer),magnitude,column,1,10.0,15,0,0
Baseline (3-layer),magnitude,block,1,10.0,56,1,0
Baseline (3-layer),magnitude,row,1,10.0,201,1,0
Baseline (3-layer),magnitude,row,0,10.0,253,1,0
Baseline (3-layer),magnitude,block,1,10.0,111,1,0
Baseline (3-layer),magnitude,block,0,10.0,78,1,0
Baseline (3-layer),magnitude,row,1,10.0,18,1,0
Baseline (3-layer),magnitude,single,1,10.0,58,0,0
Baseline (3-layer),magnitude,row,0,10.0,333,1,0
Baseline (3-layer),magnitude,column,1,25.0,349,1,0
Baseline (3-layer),magnitude,single,0,25.0,358,1,0
Baseline (3-layer),magnitude,single,0,25.0,174,1,0
Baseline (3-layer),magnitude,random,1,25.0,167,1,0
Baseline (3-layer),magnitude,block,1,25.0,202,1,1
Baseline (3-layer),magnitude,column,1,25.0,342,1,0
Baseline (3-layer),magnitude,row,0,25.0,172,1,0
Baseline (3-layer),magnitude,single,1,25.0,309,0,0
Baseline (3-layer),magnitude,random,0,25.0,253,1,0
Baseline (3-layer),magnitude,row,1,25.0,234,1,0
Baseline (3-layer),magnitude,random,1,25.0,270,0,0
Baseline (3-layer),magnitude,column,1,25.0,139,0,0
Baseline (3-layer),magnitude,single,1,25.0,295,1,0
Baseline (3-layer),magnitude,single,1,25.0,26,0,0
Baseline (3-layer),magnitude,row,0,25.0,319,1,0
Baseline (3-layer),magnitude,column,0,25.0,147,0,0
Baseline (3-layer),magnitude,random,1,25.0,92,1,0
Baseline (3-layer),magnitude,single,1,25.0,193,1,0
Baseline (3-layer),magnitude,single,1,25.0,123,0,0
Baseline (3-layer),magnitude,column,1,25.0,251,0,0
Baseline (3-layer),magnitude,row,0,25.0,210,1,0
Baseline (3-layer),magnitude,column,1,25.0,107,1,0
Baseline (3-layer),magnitude,single,1,25.0,216,1,1
Baseline (3-layer),magnitude,column,0,25.0,166,0,0
Baseline (3-layer),magnitude,row,0,25.0,343,1,0
Baseline (3-layer),magnitude,block,1,25.0,343,1,1
Baseline (3-layer),magnitude,block,0,25.0,91,1,0
Baseline (3-layer),magnitude,row,1,25.0,205,1,0
Baseline (3-layer),magnitude,column,1,25.0,220,0,0
Baseline (3-layer),magnitude,single,0,25.0,108,0,0
Baseline (3-layer),magnitude,single,0,25.0,200,1,0
Baseline (3-layer),magnitude,block,0,25.0,278,1,0
Baseline (3-layer),magnitude,random,0,25.0,290,0,0
Baseline (3-layer),magnitude,single,0,25.0,122,1,0
Baseline (3-layer),magnitude,single,1,25.0,254,0,0
Baseline (3-layer),magnitude,row,1,25.0,249,1,0
Baseline (3-layer),magnitude,block,1,25.0,154,1,1
Baseline (3-layer),magnitude,single,0,25.0,244,1,0
Baseline (3-layer),magnitude,row,0,25.0,150,1,0
Baseline (3-layer),magnitude,row,0,25.0,303,1,0
Baseline (3-layer),magnitude,single,0,25.0,26,0,0
Baseline (3-layer),magnitude,random,0,25.0,255,1,0
Baseline (3-layer),magnitude,row,1,25.0,291,1,0
Baseline (3-layer),magnitude,random,0,25.0,213,0,0
Baseline (3-layer),magnitude,row,1,25.0,189,1,0
Baseline (3-layer),magnitude,random,1,25.0,326,0,0
Baseline (3-layer),magnitude,row,0,25.0,277,1,0
Baseline (3-layer),magnitude,random,1,25.0,99,0,0
Baseline (3-layer),magnitude,block,0,25.0,86,1,1
Baseline (3-layer),magnitude,row,1,25.0,284,1,0
Baseline (3-layer),magnitude,block,0,50.0,358,1,0
Baseline (3-layer),magnitude,random,0,50.0,38,0,0
Baseline (3-layer),magnitude,block,1,50.0,282,1,1
Baseline (3-layer),magnitude,column,0,50.0,354,1,0
Baseline (3-layer),magnitude,row,1,50.0,315,1,0
Baseline (3-layer),magnitude,column,1,50.0,121,1,1
Baseline (3-layer),magnitude,single,1,50.0,323,0,0
Baseline (3-layer),magnitude,column,0,50.0,270,0,0
Baseline (3-layer),magnitude,block,0,50.0,219,1,0
Baseline (3-layer),magnitude,single,0,50.0,85,0,0
Baseline (3-layer),magnitude,row,0,50.0,88,1,0
Baseline (3-layer),magnitude,column,0,50.0,231,0,0
Baseline (3-layer),magnitude,random,1,50.0,262,0,0
Baseline (3-layer),magnitude,column,1,50.0,42,1,1
Baseline (3-layer),magnitude,column,0,50.0,149,0,0
Baseline (3-layer),magnitude,random,0,50.0,81,0,0
Baseline (3-layer),magnitude,column,0,50.0,8,1,0
Baseline (3-layer),magnitude,random,0,50.0,179,0,0
Baseline (3-layer),magnitude,random,0,50.0,359,0,0
Baseline (3-layer),magnitude,block,0,50.0,37,1,1
Baseline (3-layer),magnitude,row,0,50.0,322,1,0
Baseline (3-layer),magnitude,random,1,50.0,89,1,1
Baseline (3-layer),magnitude,single,0,50.0,122,0,0
Baseline (3-layer),magnitude,column,0,50.0,80,1,1
Baseline (3-layer),magnitude,block,0,50.0,198,1,0
Baseline (3-layer),magnitude,block,0,50.0,290,1,0
Baseline (3-layer),magnitude,block,0,50.0,250,1,0
Baseline (3-layer),magnitude,block,0,50.0,121,1,0
Baseline (3-layer),magnitude,single,1,50.0,316,1,0
Baseline (3-layer),magnitude,block,0,50.0,16,1,1
Baseline (3-layer),magnitude,random,1,50.0,251,1,0
Baseline (3-layer),magnitude,random,0,50.0,80,0,0
Baseline (3-layer),magnitude,single,1,50.0,311,1,1
Baseline (3-layer),magnitude,random,0,50.0,18,0,0
Baseline (3-layer),magnitude,random,0,50.0,97,0,0
Baseline (3-layer),magnitude,single,0,50.0,265,1,0
Baseline (3-layer),magnitude,random,0,50.0,85,1,0
Baseline (3-layer),magnitude,column,0,50.0,165,1,1
Baseline (3-layer),magnitude,random,0,50.0,308,1,0
Baseline (3-layer),magnitude,block,1,50.0,154,1,1
Baseline (3-layer),magnitude,random,1,50.0,90,0,0
Baseline (3-layer),magnitude,random,1,50.0,10,1,0
Baseline (3-layer),magnitude,block,0,50.0,194,1,0
Baseline (3-layer),magnitude,block,1,50.0,267,1,1
Baseline (3-layer),magnitude,single,1,50.0,184,1,0
Baseline (3-layer),magnitude,column,0,50.0,41,1,0
Baseline (3-layer),magnitude,single,0,50.0,260,1,0
Baseline (3-layer),magnitude,row,0,50.0,89,1,1
Baseline (3-layer),magnitude,row,0,50.0,81,1,0
Baseline (3-layer),magnitude,single,0,50.0,143,0,0
Baseline (3-layer),magnitude,single,0,100.0,159,0,0
Baseline (3-layer),magnitude,random,1,100.0,227,1,1
Baseline (3-layer),magnitude,block,1,100.0,73,1,1
Baseline (3-layer),magnitude,row,1,100.0,305,1,0
Baseline (3-layer),magnitude,random,1,100.0,2,1,0
Baseline (3-layer),magnitude,block,0,100.0,79,1,1
Baseline (3-layer),magnitude,single,1,100.0,252,1,0
Baseline (3-layer),magnitude,random,0,100.0,36,1,1
Baseline (3-layer),magnitude,single,1,100.0,175,1,0
Baseline (3-layer),magnitude,block,1,100.0,245,1,0
Baseline (3-layer),magnitude,column,1,100.0,105,1,0
Baseline (3-layer),magnitude,single,1,100.0,220,1,0
Baseline (3-layer),magnitude,column,1,100.0,324,1,1
Baseline (3-layer),magnitude,column,1,100.0,250,0,0
Baseline (3-layer),magnitude,block,0,100.0,8,1,0
Baseline (3-layer),magnitude,random,1,100.0,268,1,1
Baseline (3-layer),magnitude,block,1,100.0,118,1,1
Baseline (3-layer),magnitude,random,1,100.0,143,1,1
Baseline (3-layer),magnitude,random,1,100.0,325,1,1
Baseline (3-layer),magnitude,row,0,100.0,255,1,0
Baseline (3-layer),magnitude,block,0,100.0,58,1,1
Baseline (3-layer),magnitude,random,0,100.0,162,1,1
Baseline (3-layer),magnitude,single,1,100.0,205,0,0
Baseline (3-layer),magnitude,single,0,100.0,136,1,0
Baseline (3-layer),magnitude,row,1,100.0,20,1,0
Baseline (3-layer),magnitude,single,0,100.0,3,0,0
Baseline (3-layer),magnitude,column,0,100.0,89,1,1
Baseline (3-layer),magnitude,column,0,100.0,95,1,0
Baseline (3-layer),magnitude,row,0,100.0,351,1,0
Baseline (3-layer),magnitude,row,1,100.0,109,1,0
Baseline (3-layer),magnitude,block,1,100.0,24,1,1
Baseline (3-layer),magnitude,single,0,100.0,242,1,0
Baseline (3-layer),magnitude,single,1,100.0,248,0,0
Baseline (3-layer),magnitude,single,1,100.0,231,0,0
Baseline (3-layer),magnitude,single,1,100.0,314,0,0
Baseline (3-layer),magnitude,block,0,100.0,300,1,0
Baseline (3-layer),magnitude,row,1,100.0,233,1,0
Baseline (3-layer),magnitude,column,0,100.0,325,0,0
Baseline (3-layer),magnitude,column,0,100.0,233,0,0
Baseline (3-layer),magnitude,single,0,100.0,304,0,0
Baseline (3-layer),magnitude,row,0,100.0,11,1,0
Baseline (3-layer),magnitude,column,1,100.0,136,0,0
Baseline (3-layer),magnitude,single,1,100.0,161,1,1
Baseline (3-layer),magnitude,block,1,100.0,159,1,1
Baseline (3-layer),magnitude,single,0,100.0,43,0,0
Baseline (3-layer),magnitude,column,0,100.0,352,0,0
Baseline (3-layer),magnitude,single,0,100.0,232,1,1
Baseline (3-layer),magnitude,random,0,100.0,210,1,1
Baseline (3-layer),magnitude,block,0,100.0,131,1,1
Baseline (3-layer),magnitude,column,1,100.0,113,1,1
Baseline (3-layer),magnitude,column,1,500.0,111,0,0
Baseline (3-layer),magnitude,column,1,500.0,161,1,1
Baseline (3-layer),magnitude,random,1,500.0,103,0,0
Baseline (3-layer),magnitude,random,0,500.0,336,1,1
Baseline (3-layer),magnitude,single,0,500.0,64,0,0
Baseline (3-layer),magnitude,column,0,500.0,196,0,0
Baseline (3-layer),magnitude,single,0,500.0,5,1,1
Baseline (3-layer),magnitude,block,1,500.0,17,1,1
Baseline (3-layer),magnitude,column,0,500.0,310,1,1
Baseline (3-layer),magnitude,block,0,500.0,207,1,1
Baseline (3-layer),magnitude,random,1,500.0,152,1,0
Baseline (3-layer),magnitude,random,0,500.0,85,0,0
Baseline (3-layer),magnitude,single,1,500.0,305,0,0
Baseline (3-layer),magnitude,block,0,500.0,222,1,0
Baseline (3-layer),magnitude,single,0,500.0,63,0,0
Baseline (3-layer),magnitude,column,0,500.0,72,0,0
Baseline (3-layer),magnitude,column,0,500.0,297,1,0
Baseline (3-layer),magnitude,row,1,500.0,268,1,0
Baseline (3-layer),magnitude,block,1,500.0,316,1,0
Baseline (3-layer),magnitude,row,1,500.0,88,1,0
Baseline (3-layer),magnitude,block,1,500.0,203,1,1
Baseline (3-layer),magnitude,random,0,500.0,72,0,0
Baseline (3-layer),magnitude,column,0,500.0,128,0,0
Baseline (3-layer),magnitude,random,0,500.0,269,0,0
Baseline (3-layer),magnitude,row,0,500.0,46,1,0
Baseline (3-layer),magnitude,single,1,500.0,7,1,1
Baseline (3-layer),magnitude,row,0,500.0,70,1,0
Baseline (3-layer),magnitude,row,0,500.0,344,1,0
Baseline (3-layer),magnitude,random,1,500.0,212,0,0
Baseline (3-layer),magnitude,block,0,500.0,277,1,1
Baseline (3-layer),magnitude,random,0,500.0,47,1,1
Baseline (3-layer),magnitude,random,0,500.0,299,0,0
Baseline (3-layer),magnitude,random,1,500.0,318,1,1
Baseline (3-layer),magnitude,random,0,500.0,260,1,1
Baseline (3-layer),magnitude,row,1,500.0,235,1,1
Baseline (3-layer),magnitude,block,0,500.0,331,1,1
Baseline (3-layer),magnitude,block,1,500.0,224,1,1
Baseline (3-layer),magnitude,row,1,500.0,280,1,0
Baseline (3-layer),magnitude,single,1,500.0,274,1,0
Baseline (3-layer),magnitude,single,0,500.0,282,1,1
Baseline (3-layer),magnitude,random,0,500.0,349,1,1
Baseline (3-layer),magnitude,single,1,500.0,159,0,0
Baseline (3-layer),magnitude,random,0,500.0,8,1,1
Baseline (3-layer),magnitude,single,1,500.0,114,0,0
Baseline (3-layer),magnitude,random,0,500.0,24,1,1
Baseline (3-layer),magnitude,single,0,500.0,283,0,0
Baseline (3-layer),magnitude,random,0,500.0,111,1,1
Baseline (3-layer),magnitude,random,0,500.0,91,0,0
Baseline (3-layer),magnitude,block,1,500.0,170,1,0
Baseline (3-layer),magnitude,column,0,500.0,323,1,1
Baseline (5-layer),application,single,2,100.0,73,1,0
Baseline (5-layer),application,single,1,5.0,294,1,0
Baseline (5-layer),application,single,2,5.0,181,1,0
Baseline (5-layer),application,single,1,5.0,179,1,0
Baseline (5-layer),application,single,2,1.5,67,0,0
Baseline (5-layer),application,single,3,50.0,323,1,0
Baseline (5-layer),application,single,0,50.0,285,0,0
Baseline (5-layer),application,single,2,1.5,54,0,0
Baseline (5-layer),application,single,0,100.0,154,0,0
Baseline (5-layer),application,single,2,5.0,308,1,0
Baseline (5-layer),application,single,3,100.0,166,0,0
Baseline (5-layer),application,single,2,100.0,251,1,0
Baseline (5-layer),application,single,0,100.0,126,0,0
Baseline (5-layer),application,single,1,50.0,354,0,0
Baseline (5-layer),application,single,3,1.5,46,1,0
Baseline (5-layer),application,single,0,5.0,42,0,0
Baseline (5-layer),application,single,3,100.0,243,0,0
Baseline (5-layer),application,single,0,1.5,302,0,0
Baseline (5-layer),application,single,1,50.0,171,0,0
Baseline (5-layer),application,single,0,1.5,208,1,0
Baseline (5-layer),application,single,2,50.0,202,0,0
Baseline (5-layer),application,single,1,1.5,79,0,0
Baseline (5-layer),application,single,2,50.0,256,0,0
Baseline (5-layer),application,single,2,10.0,309,1,0
Baseline (5-layer),application,single,2,1.5,134,0,0
Baseline (5-layer),application,single,2,100.0,285,0,0
Baseline (5-layer),application,single,3,5.0,50,1,0
Baseline (5-layer),application,single,2,5.0,336,1,0
Baseline (5-layer),application,single,1,1.5,114,0,0
Baseline (5-layer),application,single,0,10.0,14,1,0
Baseline (5-layer),application,single,0,10.0,92,1,0
Baseline (5-layer),application,single,2,1.5,170,1,0
Baseline (5-layer),application,single,0,10.0,50,1,0
Baseline (5-layer),application,single,1,5.0,122,1,0
Baseline (5-layer),application,single,1,50.0,307,0,0
Baseline (5-layer),application,single,2,1.5,119,0,0
Baseline (5-layer),application,single,0,50.0,155,0,0
Baseline (5-layer),application,single,0,10.0,268,0,0
Baseline (5-layer),application,single,3,10.0,246,1,0
Baseline (5-layer),application,single,2,5.0,206,0,0
Baseline (5-layer),application,single,2,100.0,122,1,1
Baseline (5-layer),application,single,3,10.0,67,1,0
Baseline (5-layer),application,single,3,5.0,165,0,0
Baseline (5-layer),application,single,2,1.5,314,0,0
Baseline (5-layer),application,single,2,50.0,165,1,1
Baseline (5-layer),application,single,2,10.0,58,1,0
Baseline (5-layer),application,single,0,5.0,243,1,0
Baseline (5-layer),application,single,2,1.5,333,1,0
Baseline (5-layer),application,single,1,1.5,274,0,0
Baseline (5-layer),application,single,1,100.0,51,1,1
Baseline (5-layer),application,single,0,1.5,250,0,0
Baseline (5-layer),application,single,0,10.0,6,1,0
Baseline (5-layer),application,single,3,50.0,47,0,0
Baseline (5-layer),application,single,1,50.0,166,1,1
Baseline (5-layer),application,single,2,10.0,17,1,0
Baseline (5-layer),application,single,3,5.0,259,0,0
Baseline (5-layer),application,single,1,5.0,23,1,0
Baseline (5-layer),application,single,0,10.0,210,0,0
Baseline (5-layer),application,single,0,5.0,281,1,0
Baseline (5-layer),application,single,2,5.0,141,0,0
Baseline (5-layer),application,single,0,100.0,300,0,0
Baseline (5-layer),application,single,0,5.0,312,0,0
Baseline (5-layer),application,single,1,1.5,232,0,0
Baseline (5-layer),application,single,1,1.5,139,0,0
Baseline (5-layer),application,single,1,5.0,135,1,0
Baseline (5-layer),application,single,1,100.0,212,1,1
Baseline (5-layer),application,single,2,10.0,353,0,0
Baseline (5-layer),application,single,0,1.5,309,1,0
Baseline (5-layer),application,single,0,100.0,144,1,1
Baseline (5-layer),application,single,2,5.0,140,0,0
Baseline (5-layer),application,single,2,1.5,230,1,0
Baseline (5-layer),application,single,3,1.5,351,1,0
Baseline (5-layer),application,single,1,10.0,184,0,0
Baseline (5-layer),application,single,2,5.0,290,1,0
Baseline (5-layer),application,single,3,50.0,277,1,0
Baseline (5-layer),application,single,1,100.0,358,1,1
Baseline (5-layer),application,single,2,5.0,51,1,1
Baseline (5-layer),application,single,1,5.0,4,0,0
Baseline (5-layer),application,single,2,1.5,66,1,0
Baseline (5-layer),application,single,2,50.0,261,1,0
Baseline (5-layer),application,single,2,5.0,305,1,0
Baseline (5-layer),application,single,0,50.0,240,1,0
Baseline (5-layer),application,single,0,5.0,329,0,0
Baseline (5-layer),application,single,1,10.0,42,0,0
Baseline (5-layer),application,single,2,1.5,28,1,0
Baseline (5-layer),application,single,2,50.0,292,1,0
Baseline (5-layer),application,single,1,50.0,198,0,0
Baseline (5-layer),application,single,3,5.0,185,0,0
Baseline (5-layer),application,single,2,50.0,215,0,0
Baseline (5-layer),application,single,0,50.0,276,0,0
Baseline (5-layer),application,single,0,10.0,125,0,0
Baseline (5-layer),application,single,2,100.0,287,0,0
Baseline (5-layer),application,single,2,5.0,261,1,0
Baseline (5-layer),application,single,3,50.0,181,1,0
Baseline (5-layer),application,single,2,10.0,297,0,0
Baseline (5-layer),application,single,0,1.5,54,0,0
Baseline (5-layer),application,single,2,5.0,351,0,0
Baseline (5-layer),application,single,0,50.0,264,0,0
Baseline (5-layer),application,single,0,10.0,192,1,0
Baseline (5-layer),application,single,1,5.0,328,0,0
Baseline (5-layer),application,random,0,10.0,109,0,0
Baseline (5-layer),application,random,1,1.5,164,1,0
Baseline (5-layer),application,random,3,1.5,168,1,0
Baseline (5-layer),application,random,1,50.0,126,1,0
Baseline (5-layer),application,random,2,100.0,37,0,0
Baseline (5-layer),application,random,1,5.0,150,1,0
Baseline (5-layer),application,random,3,10.0,16,1,0
Baseline (5-layer),application,random,2,100.0,180,0,0
Baseline (5-layer),application,random,0,10.0,338,1,0
Baseline (5-layer),application,random,2,10.0,324,0,0
Baseline (5-layer),application,random,0,50.0,243,1,1
Baseline (5-layer),application,random,0,50.0,352,0,0
Baseline (5-layer),application,random,0,100.0,325,1,1
Baseline (5-layer),application,random,2,1.5,88,0,0
Baseline (5-layer),application,random,2,50.0,114,0,0
Baseline (5-layer),application,random,2,1.5,276,0,0
Baseline (5-layer),application,random,2,50.0,64,0,0
Baseline (5-layer),application,random,2,100.0,242,0,0
Baseline (5-layer),application,random,0,100.0,48,0,0
Baseline (5-layer),application,random,3,50.0,224,0,0
Baseline (5-layer),application,random,1,50.0,239,1,1
Baseline (5-layer),application,random,0,5.0,29,0,0
Baseline (5-layer),application,random,0,5.0,261,0,0
Baseline (5-layer),application,random,3,1.5,225,1,0
Baseline (5-layer),application,random,2,100.0,284,0,0
Baseline (5-layer),application,random,2,50.0,68,0,0
Baseline (5-layer),application,random,3,10.0,182,0,0
Baseline (5-layer),application,random,1,50.0,44,0,0
Baseline (5-layer),application,random,1,5.0,352,0,0
Baseline (5-layer),application,random,0,50.0,163,0,0
Baseline (5-layer),application,random,3,100.0,312,1,0
Baseline (5-layer),application,random,2,100.0,31,0,0
Baseline (5-layer),application,random,2,5.0,340,0,0
Baseline (5-layer),application,random,0,10.0,253,1,0
Baseline (5-layer),application,random,1,100.0,231,0,0
Baseline (5-layer),application,random,1,10.0,190,1,0
Baseline (5-layer),application,random,0,100.0,67,1,1
Baseline (5-layer),application,random,1,5.0,62,1,0
Baseline (5-layer),application,random,3,100.0,160,0,0
Baseline (5-layer),application,random,3,10.0,96,1,0
Baseline (5-layer),application,random,1,100.0,206,1,1
Baseline (5-layer),application,random,0,50.0,152,1,0
Baseline (5-layer),application,random,2,10.0,346,1,0
Baseline (5-layer),application,random,2,10.0,189,0,0
Baseline (5-layer),application,random,3,50.0,313,0,0
Baseline (5-layer),application,random,3,5.0,97,0,0
Baseline (5-layer),application,random,3,5.0,323,0,0
Baseline (5-layer),application,random,0,5.0,177,0,0
Baseline (5-layer),application,random,0,5.0,274,0,0
Baseline (5-layer),application,random,3,5.0,151,1,0
Baseline (5-layer),application,random,0,5.0,114,0,0
Baseline (5-layer),application,random,2,5.0,357,0,0
Baseline (5-layer),application,random,3,10.0,244,0,0
Baseline (5-layer),application,random,3,50.0,98,1,0
Baseline (5-layer),application,random,1,100.0,156,1,0
Baseline (5-layer),application,random,0,5.0,223,0,0
Baseline (5-layer),application,random,3,10.0,348,1,0
Baseline (5-layer),application,random,2,5.0,283,1,0
Baseline (5-layer),application,random,1,100.0,85,1,0
Baseline (5-layer),application,random,1,100.0,329,1,1
Baseline (5-layer),application,random,3,1.5,206,1,0
Baseline (5-layer),application,random,3,1.5,227,1,0
Baseline (5-layer),application,random,3,100.0,14,0,0
Baseline (5-layer),application,random,0,5.0,135,0,0
Baseline (5-layer),application,random,0,5.0,250,0,0
Baseline (5-layer),application,random,2,1.5,86,1,0
Baseline (5-layer),application,random,3,1.5,258,1,0
Baseline (5-layer),application,random,1,10.0,109,1,0
Baseline (5-layer),application,random,2,5.0,338,0,0
Baseline (5-layer),application,random,3,10.0,261,1,0
Baseline (5-layer),application,random,0,5.0,253,1,0
Baseline (5-layer),application,random,2,5.0,141,0,0
Baseline (5-layer),application,random,2,5.0,166,0,0
Baseline (5-layer),application,random,0,10.0,257,0,0
Baseline (5-layer),application,random,0,50.0,295,0,0
Baseline (5-layer),application,random,3,50.0,336,0,0
Baseline (5-layer),application,random,3,1.5,301,0,0
Baseline (5-layer),application,random,2,10.0,323,0,0
Baseline (5-layer),application,random,1,10.0,351,1,0
Baseline (5-layer),application,random,1,100.0,355,1,0
Baseline (5-layer),application,random,2,1.5,12,1,0
Baseline (5-layer),application,random,1,1.5,181,0,0
Baseline (5-layer),application,random,1,10.0,280,0,0
Baseline (5-layer),application,random,0,1.5,122,0,0
Baseline (5-layer),application,random,3,10.0,5,0,0
Baseline (5-layer),application,random,1,10.0,179,0,0
Baseline (5-layer),application,random,3,5.0,297,0,0
Baseline (5-layer),application,random,2,1.5,75,0,0
Baseline (5-layer),application,random,2,5.0,87,1,0
Baseline (5-layer),application,random,3,1.5,22,1,0
Baseline (5-layer),application,random,3,100.0,341,1,0
Baseline (5-layer),application,random,1,10.0,2,1,0
Baseline (5-layer),application,random,1,5.0,163,1,0
Baseline (5-layer),application,random,3,5.0,280,1,0
Baseline (5-layer),application,random,1,100.0,74,1,1
Baseline (5-layer),application,random,3,100.0,101,0,0
Baseline (5-layer),application,random,3,100.0,296,1,0
Baseline (5-layer),application,random,1,50.0,209,0,0
Baseline (5-layer),application,random,1,5.0,33,1,1
Baseline (5-layer),application,random,0,5.0,123,1,0
Baseline (5-layer),application,row,2,100.0,121,1,0
Baseline (5-layer),application,row,3,5.0,111,1,0
Baseline (5-layer),application,row,0,50.0,136,1,1
Baseline (5-layer),application,row,0,1.5,261,1,0
Baseline (5-layer),application,row,2,50.0,274,1,0
Baseline (5-layer),application,row,3,1.5,260,1,0
Baseline (5-layer),application,row,1,5.0,128,1,1
Baseline (5-layer),application,row,0,50.0,325,1,1
Baseline (5-layer),application,row,2,5.0,265,1,0
Baseline (5-layer),application,row,0,10.0,165,1,0
Baseline (5-layer),application,row,3,50.0,34,1,0
Baseline (5-layer),application,row,0,50.0,222,1,0
Baseline (5-layer),application,row,2,50.0,162,1,0
Baseline (5-layer),application,row,1,10.0,188,1,1
Baseline (5-layer),application,row,0,10.0,257,1,1
Baseline (5-layer),application,row,1,1.5,2,1,1
Baseline (5-layer),application,row,3,1.5,28,1,0
Baseline (5-layer),application,row,0,10.0,275,1,0
Baseline (5-layer),application,row,3,10.0,1,1,0
Baseline (5-layer),application,row,2,5.0,150,1,0
Baseline (5-layer),application,row,3,10.0,322,1,0
Baseline (5-layer),application,row,0,100.0,109,1,0
Baseline (5-layer),application,row,0,50.0,55,1,0
Baseline (5-layer),application,row,2,5.0,329,1,0
Baseline (5-layer),application,row,3,10.0,191,1,0
Baseline (5-layer),application,row,0,100.0,212,1,1
Baseline (5-layer),application,row,3,1.5,286,1,0
Baseline (5-layer),application,row,1,50.0,127,1,1
Baseline (5-layer),application,row,1,100.0,288,1,0
Baseline (5-layer),application,row,3,100.0,315,1,0
Baseline (5-layer),application,row,2,1.5,356,1,0
Baseline (5-layer),application,row,3,10.0,348,1,0
Baseline (5-layer),application,row,0,5.0,197,1,0
Baseline (5-layer),application,row,1,5.0,187,1,1
Baseline (5-layer),application,row,0,5.0,101,1,1
Baseline (5-layer),application,row,0,10.0,2,1,1
Baseline (5-layer),application,row,3,5.0,345,1,0
Baseline (5-layer),application,row,3,10.0,146,1,0
Baseline (5-layer),application,row,0,1.5,359,1,0
Baseline (5-layer),application,row,3,50.0,111,1,0
Baseline (5-layer),application,row,1,50.0,61,1,0
Baseline (5-layer),application,row,3,50.0,359,1,0
Baseline (5-layer),application,row,3,10.0,13,1,0
Baseline (5-layer),application,row,1,10.0,325,1,0
Baseline (5-layer),application,row,2,10.0,128,1,1
Baseline (5-layer),application,row,2,100.0,346,1,0
Baseline (5-layer),application,row,1,1.5,166,1,0
Baseline (5-layer),application,row,1,100.0,21,1,1
Baseline (5-layer),application,row,3,50.0,188,1,0
Baseline (5-layer),application,row,1,1.5,143,1,0
Baseline (5-layer),application,row,3,10.0,224,1,0
Baseline (5-layer),application,row,3,50.0,297,1,0
Baseline (5-layer),application,row,1,10.0,145,1,0
Baseline (5-layer),application,row,3,100.0,183,1,0
Baseline (5-layer),application,row,2,50.0,314,1,1
Baseline (5-layer),application,row,1,50.0,251,1,0
Baseline (5-layer),application,row,3,5.0,183,1,0
Baseline (5-layer),application,row,0,1.5,250,1,0
Baseline (5-layer),application,row,0,100.0,315,1,1
Baseline (5-layer),application,row,2,10.0,62,1,0
Baseline (5-layer),application,row,0,1.5,319,1,0
Baseline (5-layer),application,row,1,5.0,89,1,1
Baseline (5-layer),application,row,2,1.5,117,1,0
Baseline (5-layer),application,row,3,1.5,63,1,0
Baseline (5-layer),application,row,0,10.0,140,1,0
Baseline (5-layer),application,row,2,1.5,72,1,0
Baseline (5-layer),application,row,2,5.0,146,1,0
Baseline (5-layer),application,row,1,1.5,200,1,0
Baseline (5-layer),application,row,3,10.0,252,1,0
Baseline (5-layer),application,row,0,100.0,307,1,0
Baseline (5-layer),application,row,3,100.0,212,1,0
Baseline (5-layer),application,row,1,5.0,155,1,0
Baseline (5-layer),application,row,0,50.0,206,1,0
Baseline (5-layer),application,row,3,5.0,53,1,0
Baseline (5-layer),application,row,0,100.0,104,1,1
Baseline (5-layer),application,row,0,100.0,328,1,0
Baseline (5-layer),application,row,3,100.0,274,1,0
Baseline (5-layer),application,row,2,5.0,98,1,0
Baseline (5-layer),application,row,0,50.0,269,1,0
Baseline (5-layer),application,row,2,50.0,226,1,0
Baseline (5-layer),application,row,0,10.0,227,1,0
Baseline (5-layer),application,row,0,5.0,335,1,0
Baseline (5-layer),application,row,2,5.0,336,1,0
Baseline (5-layer),application,row,2,10.0,99,1,0
Baseline (5-layer),application,row,3,5.0,126,1,0
Baseline (5-layer),application,row,1,1.5,173,1,1
Baseline (5-layer),application,row,3,1.5,103,1,0
Baseline (5-layer),application,row,0,50.0,51,1,1
Baseline (5-layer),application,row,1,50.0,238,1,0
Baseline (5-layer),application,row,1,100.0,352,1,0
Baseline (5-layer),application,row,0,10.0,61,1,0
Baseline (5-layer),application,row,0,5.0,92,1,0
Baseline (5-layer),application,row,0,1.5,214,1,0
Baseline (5-layer),application,row,2,10.0,261,1,0
Baseline (5-layer),application,row,0,10.0,251,1,0
Baseline (5-layer),application,row,0,5.0,208,1,1
Baseline (5-layer),application,row,2,50.0,216,1,0
Baseline (5-layer),application,row,3,10.0,153,1,0
Baseline (5-layer),application,row,1,5.0,341,1,0
Baseline (5-layer),application,row,0,5.0,288,1,0
Baseline (5-layer),application,column,3,50.0,59,1,1
Baseline (5-layer),application,column,3,50.0,351,0,0
Baseline (5-layer),application,column,1,10.0,256,0,0
Baseline (5-layer),application,column,0,50.0,240,1,1
Baseline (5-layer),application,column,3,10.0,109,0,0
Baseline (5-layer),application,column,1,10.0,127,1,0
Baseline (5-layer),application,column,3,5.0,263,0,0
Baseline (5-layer),application,column,0,1.5,346,1,0
Baseline (5-layer),application,column,0,10.0,184,0,0
Baseline (5-layer),application,column,2,1.5,183,1,0
Baseline (5-layer),application,column,3,1.5,215,0,0
Baseline (5-layer),application,column,0,1.5,259,0,0
Baseline (5-layer),application,column,2,10.0,158,1,0
Baseline (5-layer),application,column,2,5.0,247,0,0
Baseline (5-layer),application,column,3,1.5,86,1,0
Baseline (5-layer),application,column,1,5.0,332,0,0
Baseline (5-layer),application,column,3,100.0,34,1,1
Baseline (5-layer),application,column,2,5.0,17,1,0
Baseline (5-layer),application,column,2,5.0,60,0,0
Baseline (5-layer),application,column,2,10.0,92,0,0
Baseline (5-layer),application,column,0,1.5,110,1,0
Baseline (5-layer),application,column,2,1.5,157,0,0
Baseline (5-layer),application,column,0,100.0,61,1,0
Baseline (5-layer),application,column,3,1.5,94,1,0
Baseline (5-layer),application,column,3,50.0,158,1,1
Baseline (5-layer),application,column,3,5.0,124,1,0
Baseline (5-layer),application,column,0,5.0,303,0,0
Baseline (5-layer),application,column,3,5.0,316,1,0
Baseline (5-layer),application,column,1,1.5,248,1,0
Baseline (5-layer),application,column,2,10.0,277,1,0
Baseline (5-layer),application,column,2,50.0,166,0,0
Baseline (5-layer),application,column,1,10.0,285,0,0
Baseline (5-layer),application,column,1,1.5,324,0,0
Baseline (5-layer),application,column,3,5.0,29,1,0
Baseline (5-layer),application,column,3,50.0,321,1,1
Baseline (5-layer),application,column,3,5.0,186,1,0
Baseline (5-layer),application,column,0,100.0,240,1,1
Baseline (5-layer),application,column,0,100.0,280,0,0
Baseline (5-layer),application,column,3,50.0,328,1,0
Baseline (5-layer),application,column,2,5.0,234,1,0
Baseline (5-layer),application,column,3,100.0,48,1,1
Baseline (5-layer),application,column,2,100.0,160,0,0
Baseline (5-layer),application,column,0,5.0,49,0,0
Baseline (5-layer),application,column,3,10.0,2,0,0
Baseline (5-layer),application,column,1,5.0,283,1,0
Baseline (5-layer),application,column,0,1.5,80,1,0
Baseline (5-layer),application,column,1,10.0,197,1,0
Baseline (5-layer),application,column,2,1.5,24,1,0
Baseline (5-layer),application,column,3,50.0,263,0,0
Baseline (5-layer),application,column,3,1.5,209,0,0
Baseline (5-layer),application,column,1,10.0,111,0,0
Baseline (5-layer),application,column,0,5.0,175,0,0
Baseline (5-layer),application,column,3,10.0,212,1,0
Baseline (5-layer),application,column,3,100.0,160,1,1
Baseline (5-layer),application,column,3,100.0,96,0,0
Baseline (5-layer),application,column,2,1.5,52,0,0
Baseline (5-layer),application,column,0,10.0,187,1,0
Baseline (5-layer),application,column,2,50.0,47,1,0
Baseline (5-layer),application,column,2,5.0,237,1,0
Baseline (5-layer),application,column,0,50.0,49,0,0
Baseline (5-layer),application,column,1,1.5,186,1,0
Baseline (5-layer),application,column,2,1.5,304,0,0
Baseline (5-layer),application,column,3,100.0,248,0,0
Baseline (5-layer),application,column,0,50.0,245,1,0
Baseline (5-layer),application,column,1,1.5,24,0,0
Baseline (5-layer),application,column,2,1.5,8,0,0
Baseline (5-layer),application,column,0,5.0,326,1,0
Baseline (5-layer),application,column,0,50.0,76,0,0
Baseline (5-layer),application,column,0,1.5,140,1,0
Baseline (5-layer),application,column,2,10.0,316,1,1
Baseline (5-layer),application,column,3,5.0,44,1,0
Baseline (5-layer),application,column,2,10.0,76,0,0
Baseline (5-layer),application,column,1,100.0,358,0,0
Baseline (5-layer),application,column,3,50.0,265,0,0
Baseline (5-layer),application,column,1,5.0,94,1,0
Baseline (5-layer),application,column,3,50.0,174,1,0
Baseline (5-layer),application,column,0,1.5,152,1,0
Baseline (5-layer),application,column,3,100.0,354,1,0
Baseline (5-layer),application,column,2,50.0,186,0,0
Baseline (5-layer),application,column,1,50.0,130,1,0
Baseline (5-layer),application,column,2,100.0,114,1,1
Baseline (5-layer),application,column,2,1.5,186,1,0
Baseline (5-layer),application,column,1,5.0,217,1,0
Baseline (5-layer),application,column,0,10.0,310,1,1
Baseline (5-layer),application,column,3,1.5,315,0,0
Baseline (5-layer),application,column,3,5.0,157,1,0
Baseline (5-layer),application,column,3,1.5,289,1,0
Baseline (5-layer),application,column,2,1.5,163,0,0
Baseline (5-layer),application,column,1,10.0,153,1,0
Baseline (5-layer),application,column,3,1.5,251,0,0
Baseline (5-layer),application,column,2,100.0,91,0,0
Baseline (5-layer),application,column,0,5.0,353,1,1
Baseline (5-layer),application,column,1,1.5,207,0,0
Baseline (5-layer),application,column,1,50.0,95,1,0
Baseline (5-layer),application,column,2,5.0,132,1,0
Baseline (5-layer),application,column,0,100.0,118,1,1
Baseline (5-layer),application,column,2,5.0,54,1,0
Baseline (5-layer),application,column,0,1.5,257,0,0
Baseline (5-layer),application,column,0,5.0,209,0,0
Baseline (5-layer),application,column,0,50.0,145,0,0
Baseline (5-layer),application,block,2,1.5,102,1,0
Baseline (5-layer),application,block,2,1.5,157,1,0
Baseline (5-layer),application,block,3,5.0,265,1,0
Baseline (5-layer),application,block,3,5.0,332,1,0
Baseline (5-layer),application,block,1,100.0,248,1,0
Baseline (5-layer),application,block,0,1.5,184,1,0
Baseline (5-layer),application,block,0,10.0,216,1,0
Baseline (5-layer),application,block,0,5.0,23,1,0
Baseline (5-layer),application,block,0,100.0,117,1,0
Baseline (5-layer),application,block,3,1.5,61,1,0
Baseline (5-layer),application,block,0,1.5,142,1,0
Baseline (5-layer),application,block,2,100.0,115,1,1
Baseline (5-layer),application,block,1,10.0,249,1,0
Baseline (5-layer),application,block,1,1.5,332,1,0
Baseline (5-layer),application,block,3,50.0,17,1,1
Baseline (5-layer),application,block,1,5.0,34,1,0
Baseline (5-layer),application,block,0,100.0,141,1,1
Baseline (5-layer),application,block,2,5.0,84,1,0
Baseline (5-layer),application,block,0,5.0,215,1,0
Baseline (5-layer),application,block,0,50.0,80,1,1
Baseline (5-layer),application,block,2,10.0,311,1,0
Baseline (5-layer),application,block,0,100.0,320,1,0
Baseline (5-layer),application,block,0,1.5,222,1,0
Baseline (5-layer),application,block,1,10.0,294,1,0
Baseline (5-layer),application,block,0,5.0,67,1,0
Baseline (5-layer),application,block,2,50.0,336,1,0
Baseline (5-layer),application,block,2,10.0,106,1,1
Baseline (5-layer),application,block,1,100.0,229,1,1
Baseline (5-layer),application,block,2,1.5,262,1,0
Baseline (5-layer),application,block,3,5.0,203,1,0
Baseline (5-layer),application,block,2,1.5,181,1,0
Baseline (5-layer),application,block,2,50.0,27,1,1
Baseline (5-layer),application,block,1,50.0,172,1,0
Baseline (5-layer),application,block,2,1.5,311,1,0
Baseline (5-layer),application,block,1,100.0,261,1,1
Baseline (5-layer),application,block,1,100.0,57,1,1
Baseline (5-layer),application,block,1,50.0,355,1,1
Baseline (5-layer),application,block,1,5.0,179,1,0
Baseline (5-layer),application,block,1,50.0,34,1,1
Baseline (5-layer),application,block,1,1.5,195,1,0
Baseline (5-layer),application,block,0,10.0,21,1,0
Baseline (5-layer),application,block,2,1.5,161,1,0
Baseline (5-layer),application,block,2,5.0,294,1,1
Baseline (5-layer),application,block,1,50.0,205,1,0
Baseline (5-layer),application,block,3,50.0,107,1,1
Baseline (5-layer),application,block,1,1.5,1,1,0
Baseline (5-layer),application,block,1,5.0,194,1,0
Baseline (5-layer),application,block,2,1.5,314,1,0
Baseline (5-layer),application,block,3,10.0,255,1,0
Baseline (5-layer),application,block,2,100.0,318,1,1
Baseline (5-layer),application,block,3,5.0,358,1,0
Baseline (5-layer),application,block,3,10.0,264,1,1
Baseline (5-layer),application,block,3,10.0,205,1,0
Baseline (5-layer),application,block,3,10.0,300,1,0
Baseline (5-layer),application,block,1,10.0,290,1,0
Baseline (5-layer),application,block,0,10.0,319,1,1
Baseline (5-layer),application,block,0,50.0,312,1,1
Baseline (5-layer),application,block,3,5.0,307,1,0
Baseline (5-layer),application,block,2,10.0,113,1,0
Baseline (5-layer),application,block,1,10.0,281,1,0
Baseline (5-layer),application,block,0,50.0,266,1,0
Baseline (5-layer),application,block,2,100.0,341,1,1
Baseline (5-layer),application,block,0,50.0,285,1,0
Baseline (5-layer),application,block,3,50.0,302,1,0
Baseline (5-layer),application,block,0,1.5,119,1,0
Baseline (5-layer),application,block,3,50.0,130,1,0
Baseline (5-layer),application,block,1,1.5,171,1,0
Baseline (5-layer),application,block,1,10.0,21,1,0
Baseline (5-layer),application,block,1,50.0,219,1,0
Baseline (5-layer),application,block,2,50.0,44,1,0
Baseline (5-layer),application,block,1,50.0,48,1,0
Baseline (5-layer),application,block,0,5.0,226,1,0
Baseline (5-layer),application,block,2,100.0,268,1,1
Baseline (5-layer),application,block,2,5.0,344,1,0
Baseline (5-layer),application,block,3,5.0,20,1,0
Baseline (5-layer),application,block,2,5.0,157,1,0
Baseline (5-layer),application,block,1,50.0,320,1,1
Baseline (5-layer),application,block,1,5.0,348,1,0
Baseline (5-layer),application,block,3,5.0,35,1,0
Baseline (5-layer),application,block,1,100.0,299,1,0
Baseline (5-layer),application,block,2,5.0,71,1,0
Baseline (5-layer),application,block,1,50.0,309,1,0
Baseline (5-layer),application,block,1,50.0,133,1,0
Baseline (5-layer),application,block,3,100.0,318,1,1
Baseline (5-layer),application,block,2,100.0,307,1,1
Baseline (5-layer),application,block,0,5.0,324,1,1
Baseline (5-layer),application,block,1,100.0,205,1,0
Baseline (5-layer),application,block,1,100.0,351,1,0
Baseline (5-layer),application,block,3,50.0,74,1,1
Baseline (5-layer),application,block,3,100.0,157,1,1
Baseline (5-layer),application,block,3,1.5,210,1,0
Baseline (5-layer),application,block,2,50.0,242,1,0
Baseline (5-layer),application,block,2,1.5,4,1,0
Baseline (5-layer),application,block,3,1.5,247,1,0
Baseline (5-layer),application,block,2,1.5,82,1,0
Baseline (5-layer),application,block,1,50.0,57,1,0
Baseline (5-layer),application,block,0,50.0,287,1,1
Baseline (5-layer),application,block,1,10.0,136,1,1
Baseline (5-layer),application,block,1,1.5,259,1,0
Baseline (5-layer),application,block,0,5.0,304,1,0
Baseline (5-layer),application,bitflip,0,nan,154,0,0
Baseline (5-layer),application,bitflip,2,nan,294,0,0
Baseline (5-layer),application,bitflip,1,nan,196,0,0
Baseline (5-layer),application,bitflip,2,nan,248,1,0
Baseline (5-layer),application,bitflip,3,nan,75,0,0
Baseline (5-layer),application,bitflip,0,nan,317,0,0
Baseline (5-layer),application,bitflip,1,nan,124,0,0
Baseline (5-layer),application,bitflip,1,nan,49,0,0
Baseline (5-layer),application,bitflip,2,nan,261,1,0
Baseline (5-layer),application,bitflip,3,nan,299,0,0
Baseline (5-layer),application,bitflip,2,nan,248,0,0
Baseline (5-layer),application,bitflip,0,nan,332,0,0
Baseline (5-layer),application,bitflip,2,nan,103,0,0
Baseline (5-layer),application,bitflip,1,nan,10,1,0
Baseline (5-layer),application,bitflip,3,nan,88,0,0
Baseline (5-layer),application,bitflip,3,nan,3,0,0
Baseline (5-layer),application,bitflip,1,nan,248,0,0
Baseline (5-layer),application,bitflip,3,nan,33,0,0
Baseline (5-layer),application,bitflip,0,nan,154,0,0
Baseline (5-layer),application,bitflip,2,nan,104,0,0
Baseline (5-layer),application,bitflip,1,nan,325,0,0
Baseline (5-layer),application,bitflip,2,nan,359,0,0
Baseline (5-layer),application,bitflip,3,nan,119,0,0
Baseline (5-layer),application,bitflip,0,nan,48,0,0
Baseline (5-layer),application,bitflip,0,nan,124,0,0
Baseline (5-layer),application,bitflip,1,nan,273,0,0
Baseline (5-layer),application,bitflip,0,nan,226,0,0
Baseline (5-layer),application,bitflip,3,nan,128,0,0
Baseline (5-layer),application,bitflip,0,nan,104,0,0
Baseline (5-layer),application,bitflip,3,nan,112,0,0
Baseline (5-layer),application,bitflip,3,nan,347,0,0
Baseline (5-layer),application,bitflip,2,nan,4,0,0
Baseline (5-layer),application,bitflip,0,nan,334,0,0
Baseline (5-layer),application,bitflip,1,nan,186,1,0
Baseline (5-layer),application,bitflip,2,nan,97,0,0
Baseline (5-layer),application,bitflip,0,nan,251,0,0
Baseline (5-layer),application,bitflip,3,nan,215,1,0
Baseline (5-layer),application,bitflip,3,nan,197,0,0
Baseline (5-layer),application,bitflip,2,nan,186,0,0
Baseline (5-layer),application,bitflip,0,nan,224,0,0
Baseline (5-layer),application,bitflip,0,nan,258,0,0
Baseline (5-layer),application,bitflip,3,nan,185,0,0
Baseline (5-layer),application,bitflip,1,nan,183,0,0
Baseline (5-layer),application,bitflip,3,nan,272,1,0
Baseline (5-layer),application,bitflip,2,nan,240,1,0
Baseline (5-layer),application,bitflip,3,nan,176,0,0
Baseline (5-layer),application,bitflip,1,nan,168,0,0
Baseline (5-layer),application,bitflip,0,nan,131,0,0
Baseline (5-layer),application,bitflip,0,nan,222,0,0
Baseline (5-layer),application,bitflip,0,nan,181,0,0
Baseline (5-layer),application,bitflip,2,nan,349,1,0
Baseline (5-layer),application,bitflip,3,nan,134,0,0
Baseline (5-layer),application,bitflip,1,nan,301,1,0
Baseline (5-layer),application,bitflip,1,nan,213,0,0
Baseline (5-layer),application,bitflip,0,nan,23,0,0
Baseline (5-layer),application,bitflip,2,nan,280,0,0
Baseline (5-layer),application,bitflip,0,nan,97,1,0
Baseline (5-layer),application,bitflip,2,nan,328,0,0
Baseline (5-layer),application,bitflip,2,nan,84,0,0
Baseline (5-layer),application,bitflip,2,nan,62,1,0
Baseline (5-layer),application,bitflip,0,nan,212,0,0
Baseline (5-layer),application,bitflip,0,nan,48,0,0
Baseline (5-layer),application,bitflip,3,nan,212,0,0
Baseline (5-layer),application,bitflip,1,nan,175,1,0
Baseline (5-layer),application,bitflip,0,nan,230,1,0
Baseline (5-layer),application,bitflip,0,nan,312,1,0
Baseline (5-layer),application,bitflip,1,nan,127,0,0
Baseline (5-layer),application,bitflip,2,nan,286,1,0
Baseline (5-layer),application,bitflip,0,nan,246,1,0
Baseline (5-layer),application,bitflip,1,nan,23,1,0
Baseline (5-layer),application,bitflip,2,nan,2,1,0
Baseline (5-layer),application,bitflip,2,nan,148,0,0
Baseline (5-layer),application,bitflip,1,nan,99,0,0
Baseline (5-layer),application,bitflip,2,nan,354,0,0
Baseline (5-layer),application,bitflip,1,nan,207,0,0
Baseline (5-layer),application,bitflip,1,nan,297,0,0
Baseline (5-layer),application,bitflip,1,nan,20,0,0
Baseline (5-layer),application,bitflip,2,nan,216,0,0
Baseline (5-layer),application,bitflip,2,nan,246,0,0
Baseline (5-layer),application,bitflip,0,nan,35,1,0
Baseline (5-layer),application,bitflip,1,nan,70,0,0
Baseline (5-layer),application,bitflip,3,nan,96,0,0
Baseline (5-layer),application,bitflip,2,nan,271,0,0
Baseline (5-layer),application,bitflip,0,nan,140,1,0
Baseline (5-layer),application,bitflip,2,nan,207,0,0
Baseline (5-layer),application,bitflip,2,nan,108,0,0
Baseline (5-layer),application,bitflip,0,nan,44,0,0
Baseline (5-layer),application,bitflip,1,nan,217,1,0
Baseline (5-layer),application,bitflip,1,nan,72,0,0
Baseline (5-layer),application,bitflip,0,nan,96,1,1
Baseline (5-layer),application,bitflip,3,nan,348,0,0
Baseline (5-layer),application,bitflip,2,nan,118,1,0
Baseline (5-layer),application,bitflip,1,nan,282,0,0
Baseline (5-layer),application,bitflip,3,nan,10,1,0
Baseline (5-layer),application,bitflip,0,nan,208,0,0
Baseline (5-layer),application,bitflip,0,nan,102,0,0
Baseline (5-layer),application,bitflip,3,nan,75,0,0
Baseline (5-layer),application,bitflip,2,nan,75,0,0
Baseline (5-layer),application,bitflip,1,nan,19,0,0
Baseline (5-layer),application,bitflip,1,nan,212,0,0
Baseline (5-layer),application,nan,3,nan,66,1,1
Baseline (5-layer),application,nan,3,nan,300,1,1
Baseline (5-layer),application,nan,0,nan,257,1,1
Baseline (5-layer),application,nan,0,nan,172,1,1
Baseline (5-layer),application,nan,3,nan,90,1,1
Baseline (5-layer),application,nan,2,nan,249,1,1
Baseline (5-layer),application,nan,0,nan,289,1,1
Baseline (5-layer),application,nan,3,nan,116,1,1
Baseline (5-layer),application,nan,0,nan,62,1,1
Baseline (5-layer),application,nan,0,nan,115,1,1
Baseline (5-layer),application,nan,0,nan,41,1,1
Baseline (5-layer),application,nan,2,nan,347,1,1
Baseline (5-layer),application,nan,2,nan,126,1,1
Baseline (5-layer),application,nan,0,nan,17,1,1
Baseline (5-layer),application,nan,2,nan,252,1,1
Baseline (5-layer),application,nan,2,nan,170,1,1
Baseline (5-layer),application,nan,3,nan,0,1,1
Baseline (5-layer),application,nan,3,nan,46,1,1
Baseline (5-layer),application,nan,0,nan,211,1,1
Baseline (5-layer),application,nan,1,nan,349,1,1
Baseline (5-layer),application,nan,3,nan,239,1,1
Baseline (5-layer),application,nan,3,nan,141,1,1
Baseline (5-layer),application,nan,3,nan,71,1,1
Baseline (5-layer),application,nan,2,nan,44,1,1
Baseline (5-layer),application,nan,3,nan,184,1,1
Baseline (5-layer),application,nan,0,nan,13,1,1
Baseline (5-layer),application,nan,2,nan,74,1,1
Baseline (5-layer),application,nan,0,nan,178,1,1
Baseline (5-layer),application,nan,1,nan,246,1,1
Baseline (5-layer),application,nan,2,nan,122,1,1
Baseline (5-layer),application,nan,1,nan,69,1,1
Baseline (5-layer),application,nan,2,nan,359,1,1
Baseline (5-layer),application,nan,0,nan,279,1,1
Baseline (5-layer),application,nan,2,nan,338,1,1
Baseline (5-layer),application,nan,1,nan,0,1,1
Baseline (5-layer),application,nan,3,nan,142,1,1
Baseline (5-layer),application,nan,0,nan,282,1,1
Baseline (5-layer),application,nan,3,nan,40,1,1
Baseline (5-layer),application,nan,0,nan,109,1,1
Baseline (5-layer),application,nan,2,nan,127,1,1
Baseline (5-layer),application,nan,2,nan,344,1,1
Baseline (5-layer),application,nan,3,nan,56,1,1
Baseline (5-layer),application,nan,3,nan,276,1,1
Baseline (5-layer),application,nan,2,nan,67,1,1
Baseline (5-layer),application,nan,0,nan,337,1,1
Baseline (5-layer),application,nan,2,nan,93,1,1
Baseline (5-layer),application,nan,3,nan,132,1,1
Baseline (5-layer),application,nan,1,nan,288,1,1
Baseline (5-layer),application,nan,2,nan,340,1,1
Baseline (5-layer),application,nan,2,nan,163,1,1
Baseline (5-layer),application,nan,3,nan,201,1,1
Baseline (5-layer),application,nan,3,nan,75,1,1
Baseline (5-layer),application,nan,0,nan,234,1,1
Baseline (5-layer),application,nan,1,nan,253,1,1
Baseline (5-layer),application,nan,1,nan,348,1,1
Baseline (5-layer),application,nan,3,nan,78,1,1
Baseline (5-layer),application,nan,2,nan,49,1,1
Baseline (5-layer),application,nan,0,nan,34,1,1
Baseline (5-layer),application,nan,1,nan,85,1,1
Baseline (5-layer),application,nan,3,nan,227,1,1
Baseline (5-layer),application,nan,2,nan,61,1,1
Baseline (5-layer),application,nan,3,nan,82,1,1
Baseline (5-layer),application,nan,1,nan,358,1,1
Baseline (5-layer),application,nan,3,nan,170,1,1
Baseline (5-layer),application,nan,1,nan,249,1,1
Baseline (5-layer),application,nan,0,nan,6,1,1
Baseline (5-layer),application,nan,0,nan,72,1,1
Baseline (5-layer),application,nan,1,nan,53,1,1
Baseline (5-layer),application,nan,1,nan,326,1,1
Baseline (5-layer),application,nan,2,nan,74,1,1
Baseline (5-layer),application,nan,0,nan,288,1,1
Baseline (5-layer),application,nan,3,nan,189,1,1
Baseline (5-layer),application,nan,0,nan,170,1,1
Baseline (5-layer),application,nan,1,nan,182,1,1
Baseline (5-layer),application,nan,3,nan,114,1,1
Baseline (5-layer),application,nan,1,nan,95,1,1
Baseline (5-layer),application,nan,1,nan,174,1,1
Baseline (5-layer),application,nan,3,nan,79,1,1
Baseline (5-layer),application,nan,2,nan,338,1,1
Baseline (5-layer),application,nan,1,nan,40,1,1
Baseline (5-layer),application,nan,3,nan,354,1,1
Baseline (5-layer),application,nan,3,nan,236,1,1
Baseline (5-layer),application,nan,2,nan,231,1,1
Baseline (5-layer),application,nan,1,nan,150,1,1
Baseline (5-layer),application,nan,0,nan,272,1,1
Baseline (5-layer),application,nan,3,nan,132,1,1
Baseline (5-layer),application,nan,1,nan,353,1,1
Baseline (5-layer),application,nan,3,nan,288,1,1
Baseline (5-layer),application,nan,3,nan,315,1,1
Baseline (5-layer),application,nan,0,nan,240,1,1
Baseline (5-layer),application,nan,2,nan,22,1,1
Baseline (5-layer),application,nan,2,nan,33,1,1
Baseline (5-layer),application,nan,1,nan,78,1,1
Baseline (5-layer),application,nan,1,nan,295,1,1
Baseline (5-layer),application,nan,1,nan,213,1,1
Baseline (5-layer),application,nan,0,nan,112,1,1
Baseline (5-layer),application,nan,0,nan,33,1,1
Baseline (5-layer),application,nan,2,nan,140,1,1
Baseline (5-layer),application,nan,1,nan,355,1,1
Baseline (5-layer),application,nan,2,nan,285,1,1
Baseline (5-layer),layer,column,0,1.5,32,0,0
Baseline (5-layer),layer,single,0,5.0,327,1,0
Baseline (5-layer),layer,random,0,10.0,261,1,0
Baseline (5-layer),layer,row,0,1.5,156,1,1
Baseline (5-layer),layer,single,0,50.0,347,0,0
Baseline (5-layer),layer,column,0,1.5,278,0,0
Baseline (5-layer),layer,single,0,1.5,146,1,0
Baseline (5-layer),layer,column,0,10.0,303,1,0
Baseline (5-layer),layer,random,0,100.0,230,0,0
Baseline (5-layer),layer,random,0,50.0,263,0,0
Baseline (5-layer),layer,random,0,50.0,153,0,0
Baseline (5-layer),layer,random,0,50.0,191,0,0
Baseline (5-layer),layer,block,0,1.5,339,1,0
Baseline (5-layer),layer,single,0,10.0,59,1,0
Baseline (5-layer),layer,random,0,1.5,195,1,0
Baseline (5-layer),layer,single,0,50.0,261,1,1
Baseline (5-layer),layer,single,0,50.0,220,0,0
Baseline (5-layer),layer,column,0,100.0,137,0,0
Baseline (5-layer),layer,row,0,100.0,40,1,0
Baseline (5-layer),layer,row,0,10.0,211,1,1
Baseline (5-layer),layer,single,0,50.0,209,1,0
Baseline (5-layer),layer,single,0,10.0,340,0,0
Baseline (5-layer),layer,block,0,1.5,71,1,0
Baseline (5-layer),layer,block,0,10.0,37,1,0
Baseline (5-layer),layer,block,0,1.5,233,1,0
Baseline (5-layer),layer,row,0,5.0,114,1,1
Baseline (5-layer),layer,random,0,5.0,340,0,0
Baseline (5-layer),layer,single,0,100.0,204,1,1
Baseline (5-layer),layer,block,0,10.0,75,1,0
Baseline (5-layer),layer,random,0,1.5,324,1,0
Baseline (5-layer),layer,random,0,1.5,69,1,0
Baseline (5-layer),layer,random,0,50.0,296,0,0
Baseline (5-layer),layer,block,0,10.0,321,1,0
Baseline (5-layer),layer,block,0,5.0,277,1,0
Baseline (5-layer),layer,column,0,5.0,254,0,0
Baseline (5-layer),layer,column,0,100.0,151,1,1
Baseline (5-layer),layer,column,0,1.5,205,0,0
Baseline (5-layer),layer,block,0,1.5,53,1,0
Baseline (5-layer),layer,single,0,5.0,227,1,0
Baseline (5-layer),layer,column,0,1.5,3,1,0
Baseline (5-layer),layer,row,0,50.0,71,1,0
Baseline (5-layer),layer,row,0,100.0,52,1,0
Baseline (5-layer),layer,column,0,50.0,87,0,0
Baseline (5-layer),layer,random,0,100.0,157,0,0
Baseline (5-layer),layer,block,0,50.0,168,1,1
Baseline (5-layer),layer,row,0,100.0,38,1,0
Baseline (5-layer),layer,row,0,5.0,352,1,0
Baseline (5-layer),layer,random,0,10.0,82,1,0
Baseline (5-layer),layer,column,0,50.0,300,0,0
Baseline (5-layer),layer,random,0,50.0,283,0,0
Baseline (5-layer),layer,column,0,10.0,1,1,0
Baseline (5-layer),layer,block,0,10.0,291,1,1
Baseline (5-layer),layer,column,0,5.0,156,0,0
Baseline (5-layer),layer,single,0,10.0,86,0,0
Baseline (5-layer),layer,block,0,1.5,1,1,0
Baseline (5-layer),layer,single,0,1.5,183,0,0
Baseline (5-layer),layer,row,0,5.0,214,1,1
Baseline (5-layer),layer,block,0,10.0,178,1,1
Baseline (5-layer),layer,column,0,50.0,146,0,0
Baseline (5-layer),layer,single,0,50.0,107,0,0
Baseline (5-layer),layer,column,0,10.0,170,0,0
Baseline (5-layer),layer,row,0,50.0,39,1,1
Baseline (5-layer),layer,random,0,10.0,305,1,0
Baseline (5-layer),layer,block,0,10.0,43,1,0
Baseline (5-layer),layer,single,0,10.0,334,1,0
Baseline (5-layer),layer,single,0,10.0,66,1,0
Baseline (5-layer),layer,single,0,50.0,35,1,0
Baseline (5-layer),layer,single,0,50.0,140,0,0
Baseline (5-layer),layer,single,0,10.0,204,0,0
Baseline (5-layer),layer,row,0,1.5,346,1,0
Baseline (5-layer),layer,single,0,10.0,160,0,0
Baseline (5-layer),layer,single,0,100.0,269,1,1
Baseline (5-layer),layer,random,0,10.0,179,0,0
Baseline (5-layer),layer,row,0,5.0,335,1,0
Baseline (5-layer),layer,single,0,50.0,358,0,0
Baseline (5-layer),layer,random,0,5.0,313,1,0
Baseline (5-layer),layer,block,0,100.0,287,1,1
Baseline (5-layer),layer,block,0,1.5,63,1,0
Baseline (5-layer),layer,row,0,50.0,147,1,1
Baseline (5-layer),layer,row,0,5.0,296,1,0
Baseline (5-layer),layer,column,1,1.5,298,1,0
Baseline (5-layer),layer,block,1,50.0,20,1,0
Baseline (5-layer),layer,block,1,100.0,42,1,1
Baseline (5-layer),layer,block,1,10.0,330,1,0
Baseline (5-layer),layer,block,1,5.0,105,1,0
Baseline (5-layer),layer,column,1,50.0,193,0,0
Baseline (5-layer),layer,column,1,1.5,37,0,0
Baseline (5-layer),layer,single,1,10.0,311,1,0
Baseline (5-layer),layer,row,1,10.0,86,1,0
Baseline (5-layer),layer,block,1,5.0,185,1,0
Baseline (5-layer),layer,random,1,5.0,222,1,0
Baseline (5-layer),layer,random,1,10.0,357,1,0
Baseline (5-layer),layer,column,1,50.0,181,1,1
Baseline (5-layer),layer,single,1,5.0,19,0,0
Baseline (5-layer),layer,single,1,1.5,254,0,0
Baseline (5-layer),layer,column,1,5.0,103,1,0
Baseline (5-layer),layer,single,1,1.5,158,1,0
Baseline (5-layer),layer,random,1,5.0,233,1,0
Baseline (5-layer),layer,row,1,50.0,249,1,0
Baseline (5-layer),layer,single,1,1.5,192,0,0
Baseline (5-layer),layer,block,1,5.0,76,1,1
Baseline (5-layer),layer,single,1,1.5,240,1,0
Baseline (5-layer),layer,block,1,50.0,186,1,0
Baseline (5-layer),layer,random,1,1.5,180,0,0
Baseline (5-layer),layer,single,1,50.0,318,0,0
Baseline (5-layer),layer,block,1,10.0,160,1,0
Baseline (5-layer),layer,column,1,50.0,347,1,1
Baseline (5-layer),layer,random,1,1.5,231,0,0
Baseline (5-layer),layer,column,1,100.0,57,1,0
Baseline (5-layer),layer,block,1,10.0,224,1,0
Baseline (5-layer),layer,column,1,50.0,72,0,0
Baseline (5-layer),layer,single,1,100.0,307,0,0
Baseline (5-layer),layer,random,1,50.0,143,1,0
Baseline (5-layer),layer,block,1,10.0,290,1,0
Baseline (5-layer),layer,row,1,50.0,153,1,0
Baseline (5-layer),layer,block,1,10.0,91,1,0
Baseline (5-layer),layer,random,1,100.0,310,1,1
Baseline (5-layer),layer,row,1,50.0,14,1,0
Baseline (5-layer),layer,row,1,10.0,202,1,1
Baseline (5-layer),layer,block,1,50.0,59,1,0
Baseline (5-layer),layer,random,1,5.0,344,1,0
Baseline (5-layer),layer,single,1,5.0,288,1,0
Baseline (5-layer),layer,row,1,10.0,241,1,0
Baseline (5-layer),layer,column,1,1.5,294,1,0
Baseline (5-layer),layer,single,1,100.0,176,0,0
Baseline (5-layer),layer,row,1,10.0,299,1,0
Baseline (5-layer),layer,block,1,5.0,228,1,0
Baseline (5-layer),layer,random,1,5.0,268,1,0
Baseline (5-layer),layer,block,1,1.5,334,1,0
Baseline (5-layer),layer,row,1,5.0,82,1,0
Baseline (5-layer),layer,random,1,10.0,24,1,0
Baseline (5-layer),layer,random,1,50.0,209,1,0
Baseline (5-layer),layer,single,1,5.0,110,0,0
Baseline (5-layer),layer,single,1,50.0,300,0,0
Baseline (5-layer),layer,block,1,1.5,12,1,0
Baseline (5-layer),layer,column,1,100.0,161,0,0
Baseline (5-layer),layer,row,1,100.0,272,1,0
Baseline (5-layer),layer,block,1,10.0,262,1,1
Baseline (5-layer),layer,single,1,100.0,60,1,0
Baseline (5-layer),layer,column,1,5.0,198,0,0
Baseline (5-layer),layer,column,1,50.0,313,1,1
Baseline (5-layer),layer,column,1,50.0,220,1,0
Baseline (5-layer),layer,single,1,1.5,342,1,0
Baseline (5-layer),layer,single,1,10.0,189,1,0
Baseline (5-layer),layer,random,1,100.0,81,0,0
Baseline (5-layer),layer,single,1,1.5,17,1,0
Baseline (5-layer),layer,random,1,100.0,125,0,0
Baseline (5-layer),layer,row,1,50.0,278,1,0
Baseline (5-layer),layer,random,1,50.0,44,1,0
Baseline (5-layer),layer,block,1,1.5,108,1,0
Baseline (5-layer),layer,row,1,50.0,262,1,1
Baseline (5-layer),layer,random,1,50.0,54,0,0
Baseline (5-layer),layer,row,1,1.5,30,1,0
Baseline (5-layer),layer,random,1,1.5,92,1,0
Baseline (5-layer),layer,row,1,1.5,326,1,0
Baseline (5-layer),layer,column,1,50.0,255,1,0
Baseline (5-layer),layer,row,1,50.0,35,1,0
Baseline (5-layer),layer,random,1,10.0,246,1,0
Baseline (5-layer),layer,row,1,1.5,79,1,0
Baseline (5-layer),layer,block,1,5.0,78,1,0
Baseline (5-layer),layer,column,2,10.0,275,0,0
Baseline (5-layer),layer,block,2,100.0,328,1,1
Baseline (5-layer),layer,random,2,100.0,32,0,0
Baseline (5-layer),layer,column,2,100.0,26,1,1
Baseline (5-layer),layer,block,2,5.0,9,1,0
Baseline (5-layer),layer,row,2,5.0,294,1,1
Baseline (5-layer),layer,single,2,5.0,57,1,0
Baseline (5-layer),layer,column,2,10.0,355,1,0
Baseline (5-layer),layer,column,2,5.0,50,1,0
Baseline (5-layer),layer,column,2,50.0,334,1,0
Baseline (5-layer),layer,column,2,1.5,199,1,0
Baseline (5-layer),layer,row,2,100.0,158,1,0
Baseline (5-layer),layer,row,2,5.0,238,1,0
Baseline (5-layer),layer,random,2,5.0,211,1,0
Baseline (5-layer),layer,block,2,5.0,44,1,0
Baseline (5-layer),layer,single,2,10.0,342,1,0
Baseline (5-layer),layer,random,2,5.0,139,0,0
Baseline (5-layer),layer,row,2,5.0,219,1,0
Baseline (5-layer),layer,single,2,1.5,158,1,0
Baseline (5-layer),layer,row,2,10.0,7,1,0
Baseline (5-layer),layer,column,2,100.0,46,0,0
Baseline (5-layer),layer,column,2,5.0,257,0,0
Baseline (5-layer),layer,column,2,10.0,57,0,0
Baseline (5-layer),layer,block,2,100.0,303,1,1
Baseline (5-layer),layer,single,2,10.0,336,1,0
Baseline (5-layer),layer,block,2,100.0,77,1,0
Baseline (5-layer),layer,row,2,10.0,271,1,1
Baseline (5-layer),layer,random,2,100.0,59,1,0
Baseline (5-layer),layer,row,2,50.0,124,1,1
Baseline (5-layer),layer,single,2,10.0,211,0,0
Baseline (5-layer),layer,random,2,100.0,163,1,0
Baseline (5-layer),layer,row,2,10.0,289,1,1
Baseline (5-layer),layer,single,2,10.0,165,0,0
Baseline (5-layer),layer,block,2,50.0,266,1,1
Baseline (5-layer),layer,row,2,50.0,151,1,0
Baseline (5-layer),layer,block,2,100.0,293,1,1
Baseline (5-layer),layer,column,2,10.0,359,1,0
Baseline (5-layer),layer,single,2,1.5,249,0,0
Baseline (5-layer),layer,column,2,100.0,66,1,0
Baseline (5-layer),layer,row,2,1.5,235,1,0
Baseline (5-layer),layer,column,2,10.0,279,1,0
Baseline (5-layer),layer,block,2,1.5,273,1,0
Baseline (5-layer),layer,column,2,5.0,298,1,0
Baseline (5-layer),layer,random,2,50.0,121,0,0
Baseline (5-layer),layer,row,2,50.0,144,1,1
Baseline (5-layer),layer,random,2,10.0,246,1,1
Baseline (5-layer),layer,block,2,50.0,36,1,0
Baseline (5-layer),layer,random,2,10.0,187,0,0
Baseline (5-layer),layer,row,2,50.0,84,1,1
Baseline (5-layer),layer,single,2,50.0,69,1,1
Baseline (5-layer),layer,random,2,50.0,18,1,1
Baseline (5-layer),layer,block,2,5.0,232,1,0
Baseline (5-layer),layer,column,2,100.0,359,1,1
Baseline (5-layer),layer,block,2,10.0,222,1,0
Baseline (5-layer),layer,row,2,1.5,283,1,0
Baseline (5-layer),layer,column,2,50.0,353,1,1
Baseline (5-layer),layer,single,2,100.0,192,0,0
Baseline (5-layer),layer,row,2,100.0,101,1,0
Baseline (5-layer),layer,single,2,50.0,15,0,0
Baseline (5-layer),layer,block,2,1.5,357,1,0
Baseline (5-layer),layer,random,2,1.5,209,0,0
Baseline (5-layer),layer,single,2,10.0,38,1,0
Baseline (5-layer),layer,row,2,10.0,18,1,0
Baseline (5-layer),layer,column,2,5.0,243,1,0
Baseline (5-layer),layer,single,2,5.0,12,1,0
Baseline (5-layer),layer,single,2,5.0,195,1,0
Baseline (5-layer),layer,random,2,1.5,121,1,0
Baseline (5-layer),layer,column,2,100.0,170,0,0
Baseline (5-layer),layer,random,2,1.5,251,1,0
Baseline (5-layer),layer,single,2,1.5,318,0,0
Baseline (5-layer),layer,column,2,5.0,270,0,0
Baseline (5-layer),layer,block,2,5.0,345,1,0
Baseline (5-layer),layer,random,2,1.5,277,0,0
Baseline (5-layer),layer,random,2,5.0,91,0,0
Baseline (5-layer),layer,random,2,1.5,158,1,0
Baseline (5-layer),layer,row,2,100.0,6,1,0
Baseline (5-layer),layer,random,2,5.0,324,1,0
Baseline (5-layer),layer,row,2,10.0,348,1,0
Baseline (5-layer),layer,column,2,5.0,313,1,0
Baseline (5-layer),layer,random,2,5.0,337,0,0
Baseline (5-layer),layer,single,3,50.0,295,0,0
Baseline (5-layer),layer,column,3,5.0,209,1,0
Baseline (5-layer),layer,single,3,5.0,139,0,0
Baseline (5-layer),layer,column,3,50.0,85,0,0
Baseline (5-layer),layer,block,3,50.0,18,1,1
Baseline (5-layer),layer,block,3,100.0,265,1,1
Baseline (5-layer),layer,column,3,100.0,4,1,0
Baseline (5-layer),layer,block,3,1.5,3,1,0
Baseline (5-layer),layer,random,3,50.0,29,0,0
Baseline (5-layer),layer,random,3,100.0,203,1,1
Baseline (5-layer),layer,random,3,50.0,219,0,0
Baseline (5-layer),layer,row,3,5.0,49,1,0
Baseline (5-layer),layer,block,3,100.0,171,1,0
Baseline (5-layer),layer,random,3,50.0,59,1,0
Baseline (5-layer),layer,single,3,1.5,139,0,0
Baseline (5-layer),layer,random,3,5.0,275,1,0
Baseline (5-layer),layer,single,3,50.0,251,0,0
Baseline (5-layer),layer,random,3,1.5,95,0,0
Baseline (5-layer),layer,column,3,50.0,164,0,0
Baseline (5-layer),layer,row,3,10.0,346,1,0
Baseline (5-layer),layer,single,3,50.0,195,1,1
Baseline (5-layer),layer,random,3,10.0,47,1,0
Baseline (5-layer),layer,row,3,1.5,183,1,0
Baseline (5-layer),layer,column,3,1.5,218,1,0
Baseline (5-layer),layer,random,3,10.0,144,1,1
Baseline (5-layer),layer,single,3,100.0,73,1,0
Baseline (5-layer),layer,single,3,100.0,198,0,0
Baseline (5-layer),layer,single,3,50.0,251,0,0
Baseline (5-layer),layer,single,3,100.0,111,1,0
Baseline (5-layer),layer,row,3,1.5,65,1,0
Baseline (5-layer),layer,random,3,100.0,272,1,0
Baseline (5-layer),layer,row,3,1.5,309,1,0
Baseline (5-layer),layer,random,3,50.0,302,0,0
Baseline (5-layer),layer,row,3,50.0,230,1,0
Baseline (5-layer),layer,random,3,100.0,68,1,1
Baseline (5-layer),layer,block,3,10.0,202,1,0
Baseline (5-layer),layer,random,3,5.0,210,0,0
Baseline (5-layer),layer,block,3,100.0,218,1,0
Baseline (5-layer),layer,block,3,50.0,33,1,0
Baseline (5-layer),layer,block,3,10.0,301,1,1
Baseline (5-layer),layer,single,3,10.0,349,0,0
Baseline (5-layer),layer,single,3,100.0,33,1,1
Baseline (5-layer),layer,block,3,1.5,172,1,0
Baseline (5-layer),layer,random,3,10.0,121,1,0
Baseline (5-layer),layer,row,3,50.0,350,1,0
Baseline (5-layer),layer,block,3,50.0,54,1,1
Baseline (5-layer),layer,row,3,100.0,107,1,1
Baseline (5-layer),layer,block,3,10.0,33,1,0
Baseline (5-layer),layer,single,3,100.0,300,0,0
Baseline (5-layer),layer,single,3,10.0,159,1,0
Baseline (5-layer),layer,single,3,100.0,270,1,0
Baseline (5-layer),layer,random,3,10.0,80,1,1
Baseline (5-layer),layer,column,3,50.0,284,0,0
Baseline (5-layer),layer,single,3,100.0,300,0,0
Baseline (5-layer),layer,row,3,1.5,344,1,0
Baseline (5-layer),layer,row,3,10.0,52,1,0
Baseline (5-layer),layer,single,3,50.0,217,1,0
Baseline (5-layer),layer,row,3,1.5,81,1,0
Baseline (5-layer),layer,single,3,5.0,175,1,0
Baseline (5-layer),layer,row,3,100.0,26,1,0
Baseline (5-layer),layer,random,3,1.5,347,0,0
Baseline (5-layer),layer,random,3,5.0,252,0,0
Baseline (5-layer),layer,row,3,5.0,77,1,0
Baseline (5-layer),layer,block,3,5.0,66,1,0
Baseline (5-layer),layer,block,3,1.5,116,1,0
Baseline (5-layer),layer,block,3,100.0,118,1,1
Baseline (5-layer),layer,random,3,10.0,44,1,0
Baseline (5-layer),layer,random,3,100.0,285,0,0
Baseline (5-layer),layer,column,3,5.0,248,0,0
Baseline (5-layer),layer,single,3,10.0,157,1,0
Baseline (5-layer),layer,row,3,100.0,100,1,0
Baseline (5-layer),layer,random,3,50.0,296,0,0
Baseline (5-layer),layer,single,3,1.5,117,1,0
Baseline (5-layer),layer,single,3,10.0,12,0,0
Baseline (5-layer),layer,row,3,100.0,291,1,1
Baseline (5-layer),layer,row,3,5.0,256,1,0
Baseline (5-layer),layer,row,3,100.0,20,1,0
Baseline (5-layer),layer,single,3,100.0,237,1,0
Baseline (5-layer),layer,column,3,50.0,321,1,0
Baseline (5-layer),layer,random,3,100.0,86,1,1
Baseline (5-layer),magnitude,row,1,1.1,202,1,0
Baseline (5-layer),magnitude,random,2,1.1,268,1,0
Baseline (5-layer),magnitude,random,3,1.1,349,0,0
Baseline (5-layer),magnitude,column,0,1.1,308,1,0
Baseline (5-layer),magnitude,random,0,1.1,92,1,0
Baseline (5-layer),magnitude,single,0,1.1,313,1,0
Baseline (5-layer),magnitude,block,1,1.1,8,1,0
Baseline (5-layer),magnitude,random,3,1.1,192,1,0
Baseline (5-layer),magnitude,block,0,1.1,211,1,0
Baseline (5-layer),magnitude,column,2,1.1,143,0,0
Baseline (5-layer),magnitude,column,2,1.1,15,1,0
Baseline (5-layer),magnitude,block,2,1.1,56,1,0
Baseline (5-layer),magnitude,row,2,1.1,201,1,0
Baseline (5-layer),magnitude,row,1,1.1,253,1,0
Baseline (5-layer),magnitude,block,2,1.1,111,1,0
Baseline (5-layer),magnitude,block,0,1.1,78,1,0
Baseline (5-layer),magnitude,row,3,1.1,18,1,0
Baseline (5-layer),magnitude,single,3,1.1,58,0,0
Baseline (5-layer),magnitude,row,0,1.1,333,1,0
Baseline (5-layer),magnitude,column,2,1.1,349,1,0
Baseline (5-layer),magnitude,single,0,1.1,358,1,0
Baseline (5-layer),magnitude,single,1,1.1,174,0,0
Baseline (5-layer),magnitude,random,2,1.1,167,0,0
Baseline (5-layer),magnitude,block,2,1.1,202,1,0
Baseline (5-layer),magnitude,column,2,1.1,342,1,0
Baseline (5-layer),magnitude,row,1,1.1,172,1,0
Baseline (5-layer),magnitude,single,2,1.1,309,0,0
Baseline (5-layer),magnitude,random,0,1.1,253,1,0
Baseline (5-layer),magnitude,row,2,1.1,234,1,0
Baseline (5-layer),magnitude,random,3,1.1,270,1,0
Baseline (5-layer),magnitude,column,2,1.1,139,1,0
Baseline (5-layer),magnitude,single,3,1.1,295,1,0
Baseline (5-layer),magnitude,single,2,1.1,26,1,0
Baseline (5-layer),magnitude,row,0,1.1,319,1,0
Baseline (5-layer),magnitude,column,0,1.1,147,1,0
Baseline (5-layer),magnitude,random,3,1.1,92,1,0
Baseline (5-layer),magnitude,single,3,1.1,193,0,0
Baseline (5-layer),magnitude,single,2,1.1,123,1,0
Baseline (5-layer),magnitude,column,3,1.1,251,1,0
Baseline (5-layer),magnitude,row,1,1.1,210,1,0
Baseline (5-layer),magnitude,column,2,1.1,107,0,0
Baseline (5-layer),magnitude,single,2,1.1,216,1,0
Baseline (5-layer),magnitude,column,0,1.1,166,1,0
Baseline (5-layer),magnitude,row,0,1.1,343,1,0
Baseline (5-layer),magnitude,block,2,1.1,343,1,0
Baseline (5-layer),magnitude,block,1,1.1,91,1,0
Baseline (5-layer),magnitude,row,2,1.1,205,1,0
Baseline (5-layer),magnitude,column,3,1.1,220,0,0
Baseline (5-layer),magnitude,single,0,1.1,108,0,0
Baseline (5-layer),magnitude,single,1,1.1,200,0,0
Baseline (5-layer),magnitude,block,1,2.0,278,1,0
Baseline (5-layer),magnitude,random,1,2.0,290,1,0
Baseline (5-layer),magnitude,column,0,2.0,29,1,0
Baseline (5-layer),magnitude,column,0,2.0,25,0,0
Baseline (5-layer),magnitude,column,1,2.0,205,1,0
Baseline (5-layer),magnitude,random,2,2.0,42,0,0
Baseline (5-layer),magnitude,random,1,2.0,300,0,0
Baseline (5-layer),magnitude,random,0,2.0,212,1,0
Baseline (5-layer),magnitude,single,2,2.0,164,1,0
Baseline (5-layer),magnitude,block,3,2.0,158,1,0
Baseline (5-layer),magnitude,random,0,2.0,213,0,0
Baseline (5-layer),magnitude,row,2,2.0,189,1,0
Baseline (5-layer),magnitude,random,3,2.0,326,0,0
Baseline (5-layer),magnitude,row,0,2.0,277,1,0
Baseline (5-layer),magnitude,random,3,2.0,99,0,0
Baseline (5-layer),magnitude,block,1,2.0,86,1,0
Baseline (5-layer),magnitude,row,3,2.0,284,1,0
Baseline (5-layer),magnitude,block,1,2.0,358,1,0
Baseline (5-layer),magnitude,random,0,2.0,38,0,0
Baseline (5-layer),magnitude,block,2,2.0,282,1,0
Baseline (5-layer),magnitude,column,0,2.0,354,0,0
Baseline (5-layer),magnitude,row,3,2.0,315,1,0
Baseline (5-layer),magnitude,column,2,2.0,121,1,0
Baseline (5-layer),magnitude,single,3,2.0,323,1,0
Baseline (5-layer),magnitude,column,1,2.0,270,0,0
Baseline (5-layer),magnitude,block,1,2.0,219,1,0
Baseline (5-layer),magnitude,single,0,2.0,85,1,0
Baseline (5-layer),magnitude,row,0,2.0,88,1,0
Baseline (5-layer),magnitude,column,1,2.0,231,1,0
Baseline (5-layer),magnitude,random,2,2.0,262,0,0
Baseline (5-layer),magnitude,column,2,2.0,42,0,0
Baseline (5-layer),magnitude,column,1,2.0,149,0,0
Baseline (5-layer),magnitude,random,0,2.0,81,0,0
Baseline (5-layer),magnitude,column,1,2.0,8,1,0
Baseline (5-layer),magnitude,random,1,2.0,179,0,0
Baseline (5-layer),magnitude,single,0,2.0,143,1,0
Baseline (5-layer),magnitude,block,0,2.0,320,1,0
Baseline (5-layer),magnitude,row,0,2.0,177,1,0
Baseline (5-layer),magnitude,random,1,2.0,85,1,0
Baseline (5-layer),magnitude,column,0,2.0,80,1,0
Baseline (5-layer),magnitude,block,0,2.0,198,1,0
Baseline (5-layer),magnitude,block,1,2.0,290,1,0
Baseline (5-layer),magnitude,block,1,2.0,250,1,0
Baseline (5-layer),magnitude,block,1,2.0,121,1,0
Baseline (5-layer),magnitude,single,3,2.0,316,1,1
Baseline (5-layer),magnitude,block,0,2.0,16,1,0
Baseline (5-layer),magnitude,random,3,2.0,251,0,0
Baseline (5-layer),magnitude,random,0,2.0,80,0,0
Baseline (5-layer),magnitude,single,2,2.0,311,1,0
Baseline (5-layer),magnitude,random,1,2.0,18,1,0
Baseline (5-layer),magnitude,column,2,5.0,105,0,0
Baseline (5-layer),magnitude,random,3,5.0,21,0,0
Baseline (5-layer),magnitude,row,2,5.0,93,1,1
Baseline (5-layer),magnitude,row,3,5.0,21,1,0
Baseline (5-layer),magnitude,random,0,5.0,308,1,0
Baseline (5-layer),magnitude,block,3,5.0,154,1,0
Baseline (5-layer),magnitude,random,2,5.0,90,0,0
Baseline (5-layer),magnitude,random,2,5.0,10,0,0
Baseline (5-layer),magnitude,block,0,5.0,194,1,0
Baseline (5-layer),magnitude,block,2,5.0,267,1,1
Baseline (5-layer),magnitude,single,3,5.0,184,0,0
Baseline (5-layer),magnitude,column,1,5.0,41,1,0
Baseline (5-layer),magnitude,single,1,5.0,260,0,0
Baseline (5-layer),magnitude,row,1,5.0,89,1,1
Baseline (5-layer),magnitude,row,0,5.0,81,1,1
Baseline (5-layer),magnitude,single,0,5.0,143,0,0
Baseline (5-layer),magnitude,single,0,5.0,159,0,0
Baseline (5-layer),magnitude,random,3,5.0,227,1,0
Baseline (5-layer),magnitude,block,3,5.0,73,1,0
Baseline (5-layer),magnitude,row,3,5.0,305,1,0
Baseline (5-layer),magnitude,random,3,5.0,2,1,0
Baseline (5-layer),magnitude,block,0,5.0,79,1,0
Baseline (5-layer),magnitude,single,2,5.0,252,0,0
Baseline (5-layer),magnitude,random,1,5.0,36,1,0
Baseline (5-layer),magnitude,column,2,5.0,35,1,0
Baseline (5-layer),magnitude,random,1,5.0,357,1,0
Baseline (5-layer),magnitude,single,3,5.0,220,1,0
Baseline (5-layer),magnitude,column,3,5.0,324,1,0
Baseline (5-layer),magnitude,column,2,5.0,250,0,0
Baseline (5-layer),magnitude,block,1,5.0,8,1,0
Baseline (5-layer),magnitude,random,3,5.0,268,1,1
Baseline (5-layer),magnitude,block,2,5.0,118,1,1
Baseline (5-layer),magnitude,random,3,5.0,143,1,0
Baseline (5-layer),magnitude,random,3,5.0,325,1,0
Baseline (5-layer),magnitude,row,1,5.0,255,1,0
Baseline (5-layer),magnitude,block,1,5.0,58,1,0
Baseline (5-layer),magnitude,random,0,5.0,162,1,0
Baseline (5-layer),magnitude,single,2,5.0,205,1,0
Baseline (5-layer),magnitude,single,0,5.0,136,1,0
Baseline (5-layer),magnitude,row,3,5.0,20,1,0
Baseline (5-layer),magnitude,single,1,5.0,3,1,0
Baseline (5-layer),magnitude,column,0,5.0,89,0,0
Baseline (5-layer),magnitude,column,1,5.0,95,0,0
Baseline (5-layer),magnitude,row,1,5.0,351,1,0
Baseline (5-layer),magnitude,row,2,5.0,109,1,0
Baseline (5-layer),magnitude,block,2,5.0,24,1,0
Baseline (5-layer),magnitude,single,1,5.0,242,0,0
Baseline (5-layer),magnitude,single,3,5.0,248,0,0
Baseline (5-layer),magnitude,single,3,5.0,231,1,1
Baseline (5-layer),magnitude,single,2,5.0,314,0,0
Baseline (5-layer),magnitude,block,0,10.0,300,1,1
Baseline (5-layer),magnitude,row,2,10.0,233,1,1
Baseline (5-layer),magnitude,column,0,10.0,325,0,0
Baseline (5-layer),magnitude,column,0,10.0,233,0,0
Baseline (5-layer),magnitude,single,1,10.0,304,0,0
Baseline (5-layer),magnitude,row,0,10.0,11,1,0
Baseline (5-layer),magnitude,column,3,10.0,136,1,0
Baseline (5-layer),magnitude,single,3,10.0,161,0,0
Baseline (5-layer),magnitude,block,3,10.0,159,1,0
Baseline (5-layer),magnitude,single,1,10.0,43,1,0
Baseline (5-layer),magnitude,column,0,10.0,352,0,0
Baseline (5-layer),magnitude,single,1,10.0,232,0,0
Baseline (5-layer),magnitude,random,1,10.0,210,0,0
Baseline (5-layer),magnitude,random,1,10.0,291,1,0
Baseline (5-layer),magnitude,column,3,10.0,111,1,0
Baseline (5-layer),magnitude,column,2,10.0,161,1,0
Baseline (5-layer),magnitude,random,2,10.0,103,1,0
Baseline (5-layer),magnitude,random,0,10.0,336,1,0
Baseline (5-layer),magnitude,single,0,10.0,64,0,0
Baseline (5-layer),magnitude,column,1,10.0,196,1,0
Baseline (5-layer),magnitude,single,1,10.0,5,0,0
Baseline (5-layer),magnitude,block,2,10.0,17,1,0
Baseline (5-layer),magnitude,column,1,10.0,310,1,0
Baseline (5-layer),magnitude,block,0,10.0,207,1,0
Baseline (5-layer),magnitude,random,2,10.0,152,1,0
Baseline (5-layer),magnitude,random,1,10.0,85,1,0
Baseline (5-layer),magnitude,column,2,10.0,51,0,0
Baseline (5-layer),magnitude,single,0,10.0,348,1,0
Baseline (5-layer),magnitude,random,1,10.0,0,1,0
Baseline (5-layer),magnitude,column,1,10.0,297,0,0
Baseline (5-layer),magnitude,row,2,10.0,268,1,1
Baseline (5-layer),magnitude,block,2,10.0,316,1,0
Baseline (5-layer),magnitude,row,2,10.0,88,1,0
Baseline (5-layer),magnitude,block,2,10.0,203,1,0
Baseline (5-layer),magnitude,random,1,10.0,72,0,0
Baseline (5-layer),magnitude,column,2,10.0,259,0,0
Baseline (5-layer),magnitude,single,1,10.0,143,1,0
Baseline (5-layer),magnitude,block,0,10.0,195,1,0
Baseline (5-layer),magnitude,row,0,10.0,331,1,0
Baseline (5-layer),magnitude,random,3,10.0,215,0,0
Baseline (5-layer),magnitude,random,3,10.0,212,0,0
Baseline (5-layer),magnitude,block,1,10.0,277,1,0
Baseline (5-layer),magnitude,random,1,10.0,47,1,0
Baseline (5-layer),magnitude,block,0,10.0,142,1,0
Baseline (5-layer),magnitude,column,1,10.0,118,1,0
Baseline (5-layer),magnitude,column,0,10.0,132,1,0
Baseline (5-layer),magnitude,row,3,10.0,164,1,0
Baseline (5-layer),magnitude,column,3,10.0,341,0,0
Baseline (5-layer),magnitude,column,1,10.0,344,1,0
Baseline (5-layer),magnitude,column,3,10.0,191,1,0
Baseline (5-layer),magnitude,single,3,25.0,5,0,0
Baseline (5-layer),magnitude,random,3,25.0,177,0,0
Baseline (5-layer),magnitude,block,1,25.0,0,1,1
Baseline (5-layer),magnitude,single,0,25.0,75,0,0
Baseline (5-layer),magnitude,column,1,25.0,58,0,0
Baseline (5-layer),magnitude,random,0,25.0,202,1,0
Baseline (5-layer),magnitude,random,3,25.0,315,1,0
Baseline (5-layer),magnitude,single,1,25.0,145,0,0
Baseline (5-layer),magnitude,row,1,25.0,214,1,1
Baseline (5-layer),magnitude,row,2,25.0,139,1,0
Baseline (5-layer),magnitude,column,3,25.0,318,1,1
Baseline (5-layer),magnitude,single,2,25.0,160,0,0
Baseline (5-layer),magnitude,single,2,25.0,74,0,0
Baseline (5-layer),magnitude,column,3,25.0,256,1,0
Baseline (5-layer),magnitude,random,3,25.0,241,1,0
Baseline (5-layer),magnitude,block,3,25.0,140,1,1
Baseline (5-layer),magnitude,block,3,25.0,194,1,0
Baseline (5-layer),magnitude,random,3,25.0,104,0,0
Baseline (5-layer),magnitude,column,0,25.0,6,0,0
Baseline (5-layer),magnitude,block,2,25.0,42,1,0
Baseline (5-layer),magnitude,row,0,25.0,83,1,0
Baseline (5-layer),magnitude,column,0,25.0,349,0,0
Baseline (5-layer),magnitude,single,3,25.0,348,1,0
Baseline (5-layer),magnitude,row,0,25.0,50,1,0
Baseline (5-layer),magnitude,block,1,25.0,124,1,1
Baseline (5-layer),magnitude,block,1,25.0,77,1,0
Baseline (5-layer),magnitude,row,3,25.0,210,1,0
Baseline (5-layer),magnitude,column,1,25.0,249,0,0
Baseline (5-layer),magnitude,random,0,25.0,147,0,0
Baseline (5-layer),magnitude,single,0,25.0,344,1,0
Baseline (5-layer),magnitude,single,2,25.0,277,0,0
Baseline (5-layer),magnitude,block,0,25.0,357,1,0
Baseline (5-layer),magnitude,random,3,25.0,160,1,0
Baseline (5-layer),magnitude,block,2,25.0,121,1,0
Baseline (5-layer),magnitude,random,3,25.0,189,0,0
Baseline (5-layer),magnitude,random,1,25.0,2,1,1
Baseline (5-layer),magnitude,random,3,25.0,77,1,0
Baseline (5-layer),magnitude,random,0,25.0,276,1,1
Baseline (5-layer),magnitude,single,2,25.0,341,0,0
Baseline (5-layer),magnitude,block,2,25.0,98,1,0
Baseline (5-layer),magnitude,random,2,25.0,196,0,0
Baseline (5-layer),magnitude,block,1,25.0,347,1,1
Baseline (5-layer),magnitude,single,2,25.0,134,1,0
Baseline (5-layer),magnitude,column,2,25.0,66,0,0
Baseline (5-layer),magnitude,single,0,25.0,0,1,0
Baseline (5-layer),magnitude,random,0,25.0,51,1,1
Baseline (5-layer),magnitude,column,2,25.0,266,0,0
Baseline (5-layer),magnitude,row,1,25.0,260,1,0
Baseline (5-layer),magnitude,column,3,25.0,174,0,0
Baseline (5-layer),magnitude,block,3,25.0,156,1,0
Baseline (5-layer),magnitude,random,2,50.0,88,1,1
Baseline (5-layer),magnitude,single,0,50.0,322,1,1
Baseline (5-layer),magnitude,column,3,50.0,1,1,1
Baseline (5-layer),magnitude,row,0,50.0,273,1,0
Baseline (5-layer),magnitude,block,0,50.0,196,1,0
Baseline (5-layer),magnitude,row,1,50.0,350,1,0
Baseline (5-layer),magnitude,column,0,50.0,290,1,0
Baseline (5-layer),magnitude,single,2,50.0,102,0,0
Baseline (5-layer),magnitude,random,1,50.0,299,1,0
Baseline (5-layer),magnitude,row,0,50.0,113,1,0
Baseline (5-layer),magnitude,random,0,50.0,271,0,0
Baseline (5-layer),magnitude,block,0,50.0,126,1,1
Baseline (5-layer),magnitude,row,1,50.0,294,1,1
Baseline (5-layer),magnitude,block,3,50.0,163,1,1
Baseline (5-layer),magnitude,column,1,50.0,137,0,0
Baseline (5-layer),magnitude,column,0,50.0,141,0,0
Baseline (5-layer),magnitude,single,0,50.0,212,1,1
Baseline (5-layer),magnitude,column,1,50.0,349,1,0
Baseline (5-layer),magnitude,block,2,50.0,101,1,0
Baseline (5-layer),magnitude,single,1,50.0,274,1,0
Baseline (5-layer),magnitude,random,2,50.0,283,0,0
Baseline (5-layer),magnitude,column,0,50.0,18,0,0
Baseline (5-layer),magnitude,random,3,50.0,278,0,0
Baseline (5-layer),magnitude,column,1,50.0,93,0,0
Baseline (5-layer),magnitude,random,2,50.0,325,1,1
Baseline (5-layer),magnitude,block,1,50.0,102,1,1
Baseline (5-layer),magnitude,row,1,50.0,75,1,0
Baseline (5-layer),magnitude,single,1,50.0,118,1,0
Baseline (5-layer),magnitude,block,0,50.0,80,1,1
Baseline (5-layer),magnitude,single,3,50.0,215,1,0
Baseline (5-layer),magnitude,column,0,50.0,345,1,0
Baseline (5-layer),magnitude,single,1,50.0,197,1,0
Baseline (5-layer),magnitude,single,0,50.0,270,0,0
Baseline (5-layer),magnitude,row,2,50.0,151,1,0
Baseline (5-layer),magnitude,block,3,50.0,208,1,1
Baseline (5-layer),magnitude,column,2,50.0,41,1,0
Baseline (5-layer),magnitude,random,3,50.0,184,0,0
Baseline (5-layer),magnitude,column,3,50.0,192,0,0
Baseline (5-layer),magnitude,single,3,50.0,307,1,0
Baseline (5-layer),magnitude,column,1,50.0,260,1,0
Baseline (5-layer),magnitude,row,2,50.0,338,1,0
Baseline (5-layer),magnitude,block,2,50.0,269,1,1
Baseline (5-layer),magnitude,single,2,50.0,143,1,0
Baseline (5-layer),magnitude,column,1,50.0,327,1,0
Baseline (5-layer),magnitude,block,2,50.0,124,1,1
Baseline (5-layer),magnitude,random,1,50.0,96,1,0
Baseline (5-layer),magnitude,block,2,50.0,235,1,0
Baseline (5-layer),magnitude,column,0,50.0,45,1,0
Baseline (5-layer),magnitude,row,2,50.0,12,1,1
Baseline (5-layer),magnitude,single,1,50.0,167,1,0
Baseline (5-layer),magnitude,row,1,100.0,27,1,1
Baseline (5-layer),magnitude,column,1,100.0,167,1,0
Baseline (5-layer),magnitude,row,2,100.0,136,1,1
Baseline (5-layer),magnitude,random,1,100.0,317,1,0
Baseline (5-layer),magnitude,random,1,100.0,39,1,0
Baseline (5-layer),magnitude,column,1,100.0,152,1,1
Baseline (5-layer),magnitude,column,2,100.0,214,0,0
Baseline (5-layer),magnitude,random,1,100.0,40,1,0
Baseline (5-layer),magnitude,column,2,100.0,283,0,0
Baseline (5-layer),magnitude,random,2,100.0,53,1,0
Baseline (5-layer),magnitude,random,0,100.0,38,0,0
Baseline (5-layer),magnitude,random,0,100.0,53,1,1
Baseline (5-layer),magnitude,column,3,100.0,157,1,1
Baseline (5-layer),magnitude,row,1,100.0,167,1,0
Baseline (5-layer),magnitude,column,1,100.0,329,0,0
Baseline (5-layer),magnitude,row,2,100.0,150,1,0
Baseline (5-layer),magnitude,single,1,100.0,278,0,0
Baseline (5-layer),magnitude,single,3,100.0,322,0,0
Baseline (5-layer),magnitude,single,1,100.0,104,0,0
Baseline (5-layer),magnitude,row,1,100.0,245,1,0
Baseline (5-layer),magnitude,block,2,100.0,20,1,1
Baseline (5-layer),magnitude,column,2,100.0,328,1,0
Baseline (5-layer),magnitude,block,1,100.0,155,1,0
Baseline (5-layer),magnitude,random,2,100.0,1,1,0
Baseline (5-layer),magnitude,column,0,100.0,312,1,1
Baseline (5-layer),magnitude,column,0,100.0,265,1,0
Baseline (5-layer),magnitude,random,3,100.0,25,1,1
Baseline (5-layer),magnitude,row,2,100.0,345,1,0
Baseline (5-layer),magnitude,random,0,100.0,59,1,0
Baseline (5-layer),magnitude,random,1,100.0,88,1,1
Baseline (5-layer),magnitude,single,3,100.0,39,1,1
Baseline (5-layer),magnitude,row,2,100.0,203,1,0
Baseline (5-layer),magnitude,single,3,100.0,97,1,1
Baseline (5-layer),magnitude,column,2,100.0,29,1,0
Baseline (5-layer),magnitude,column,1,100.0,332,1,0
Baseline (5-layer),magnitude,row,1,100.0,299,1,1
Baseline (5-layer),magnitude,column,3,100.0,143,1,0
Baseline (5-layer),magnitude,single,3,100.0,353,1,1
Baseline (5-layer),magnitude,row,2,100.0,251,1,0
Baseline (5-layer),magnitude,block,3,100.0,28,1,1
Baseline (5-layer),magnitude,random,2,100.0,256,1,1
Baseline (5-layer),magnitude,block,0,100.0,261,1,1
Baseline (5-layer),magnitude,column,3,100.0,187,1,1
Baseline (5-layer),magnitude,random,0,100.0,229,0,0
Baseline (5-layer),magnitude,block,2,100.0,77,1,0
Baseline (5-layer),magnitude,random,3,100.0,290,1,1
Baseline (5-layer),magnitude,block,1,100.0,224,1,0
Baseline (5-layer),magnitude,row,2,100.0,301,1,0
Baseline (5-layer),magnitude,random,0,100.0,196,0,0
Baseline (5-layer),magnitude,block,2,100.0,66,1,1
Baseline (5-layer),magnitude,column,0,500.0,100,1,1
Baseline (5-layer),magnitude,column,2,500.0,134,1,0
Baseline (5-layer),magnitude,row,0,500.0,244,1,0
Baseline (5-layer),magnitude,random,0,500.0,96,0,0
Baseline (5-layer),magnitude,block,1,500.0,287,1,0
Baseline (5-layer),magnitude,column,1,500.0,31,0,0
Baseline (5-layer),magnitude,single,2,500.0,36,1,1
Baseline (5-layer),magnitude,random,3,500.0,192,1,0
Baseline (5-layer),magnitude,block,3,500.0,66,1,1
Baseline (5-layer),magnitude,row,0,500.0,176,1,1
Baseline (5-layer),magnitude,block,0,500.0,79,1,0
Baseline (5-layer),magnitude,column,3,500.0,312,0,0
Baseline (5-layer),magnitude,single,2,500.0,239,1,1
Baseline (5-layer),magnitude,random,1,500.0,27,1,1
Baseline (5-layer),magnitude,single,2,500.0,171,0,0
Baseline (5-layer),magnitude,random,2,500.0,245,0,0
Baseline (5-layer),magnitude,row,3,500.0,339,1,0
Baseline (5-layer),magnitude,column,0,500.0,161,1,1
Baseline (5-layer),magnitude,random,3,500.0,216,0,0
Baseline (5-layer),magnitude,block,0,500.0,216,1,1
Baseline (5-layer),magnitude,single,3,500.0,297,1,1
Baseline (5-layer),magnitude,single,3,500.0,251,0,0
Baseline (5-layer),magnitude,row,0,500.0,204,1,0
Baseline (5-layer),magnitude,row,3,500.0,121,1,0
Baseline (5-layer),magnitude,block,2,500.0,158,1,1
Baseline (5-layer),magnitude,column,0,500.0,241,1,0
Baseline (5-layer),magnitude,row,0,500.0,278,1,0
Baseline (5-layer),magnitude,column,0,500.0,314,1,1
Baseline (5-layer),magnitude,block,3,500.0,329,1,1
Baseline (5-layer),magnitude,row,2,500.0,121,1,0
Baseline (5-layer),magnitude,single,2,500.0,222,1,0
Baseline (5-layer),magnitude,block,1,500.0,128,1,1
Baseline (5-layer),magnitude,column,2,500.0,152,0,0
Baseline (5-layer),magnitude,single,2,500.0,296,1,1
Baseline (5-layer),magnitude,single,0,500.0,243,1,1
Baseline (5-layer),magnitude,single,3,500.0,272,1,0
Baseline (5-layer),magnitude,random,0,500.0,96,0,0
Baseline (5-layer),magnitude,column,2,500.0,328,1,0
Baseline (5-layer),magnitude,column,2,500.0,66,1,1
Baseline (5-layer),magnitude,random,1,500.0,319,1,1
Baseline (5-layer),magnitude,random,0,500.0,196,1,0
Baseline (5-layer),magnitude,column,1,500.0,223,1,0
Baseline (5-layer),magnitude,column,1,500.0,343,1,0
Baseline (5-layer),magnitude,single,0,500.0,86,1,1
Baseline (5-layer),magnitude,single,3,500.0,74,1,0
Baseline (5-layer),magnitude,random,1,500.0,187,1,1
Baseline (5-layer),magnitude,block,3,500.0,138,1,1
Baseline (5-layer),magnitude,random,2,500.0,356,1,1
Baseline (5-layer),magnitude,block,2,500.0,258,1,0
Baseline (5-layer),magnitude,block,1,500.0,298,1,0
+ReLU6,application,single,2,100.0,73,1,0
+ReLU6,application,single,1,5.0,294,1,0
+ReLU6,application,single,2,5.0,181,1,0
+ReLU6,application,single,1,5.0,179,1,0
+ReLU6,application,single,2,1.5,67,0,0
+ReLU6,application,single,3,50.0,323,1,0
+ReLU6,application,single,0,50.0,285,0,0
+ReLU6,application,single,2,1.5,54,0,0
+ReLU6,application,single,0,100.0,154,0,0
+ReLU6,application,single,2,5.0,308,1,0
+ReLU6,application,single,3,100.0,166,0,0
+ReLU6,application,single,2,100.0,251,1,0
+ReLU6,application,single,0,100.0,126,0,0
+ReLU6,application,single,1,50.0,354,0,0
+ReLU6,application,single,3,1.5,46,1,0
+ReLU6,application,single,0,5.0,42,0,0
+ReLU6,application,single,3,100.0,243,0,0
+ReLU6,application,single,0,1.5,302,0,0
+ReLU6,application,single,1,50.0,171,0,0
+ReLU6,application,single,0,1.5,208,1,0
+ReLU6,application,single,2,50.0,202,0,0
+ReLU6,application,single,1,1.5,79,0,0
+ReLU6,application,single,2,50.0,256,0,0
+ReLU6,application,single,2,10.0,309,1,0
+ReLU6,application,single,2,1.5,134,0,0
+ReLU6,application,single,2,100.0,285,0,0
+ReLU6,application,single,3,5.0,50,1,0
+ReLU6,application,single,2,5.0,336,1,0
+ReLU6,application,single,1,1.5,114,0,0
+ReLU6,application,single,0,10.0,14,1,0
+ReLU6,application,single,0,10.0,92,1,0
+ReLU6,application,single,2,1.5,170,1,0
+ReLU6,application,single,0,10.0,50,1,0
+ReLU6,application,single,1,5.0,122,1,0
+ReLU6,application,single,1,50.0,307,0,0
+ReLU6,application,single,2,1.5,119,0,0
+ReLU6,application,single,0,50.0,155,0,0
+ReLU6,application,single,0,10.0,268,0,0
+ReLU6,application,single,3,10.0,246,1,0
+ReLU6,application,single,2,5.0,206,0,0
+ReLU6,application,single,2,100.0,122,1,0
+ReLU6,application,single,3,10.0,67,1,0
+ReLU6,application,single,3,5.0,165,0,0
+ReLU6,application,single,2,1.5,314,0,0
+ReLU6,application,single,2,50.0,165,1,1
+ReLU6,application,single,2,10.0,58,1,0
+ReLU6,application,single,0,5.0,243,1,0
+ReLU6,application,single,2,1.5,333,1,0
+ReLU6,application,single,1,1.5,274,0,0
+ReLU6,application,single,1,100.0,51,1,0
+ReLU6,application,single,0,1.5,250,0,0
+ReLU6,application,single,0,10.0,6,1,0
+ReLU6,application,single,3,50.0,47,0,0
+ReLU6,application,single,1,50.0,166,1,0
+ReLU6,application,single,2,10.0,17,1,0
+ReLU6,application,single,3,5.0,259,0,0
+ReLU6,application,single,1,5.0,23,1,0
+ReLU6,application,single,0,10.0,210,0,0
+ReLU6,application,single,0,5.0,281,1,0
+ReLU6,application,single,2,5.0,141,0,0
+ReLU6,application,single,0,100.0,300,0,0
+ReLU6,application,single,0,5.0,312,0,0
+ReLU6,application,single,1,1.5,232,0,0
+ReLU6,application,single,1,1.5,139,0,0
+ReLU6,application,single,1,5.0,135,1,0
+ReLU6,application,single,1,100.0,212,1,0
+ReLU6,application,single,2,10.0,353,0,0
+ReLU6,application,single,0,1.5,309,1,0
+ReLU6,application,single,0,100.0,144,1,0
+ReLU6,application,single,2,5.0,140,0,0
+ReLU6,application,single,2,1.5,230,1,0
+ReLU6,application,single,3,1.5,351,1,0
+ReLU6,application,single,1,10.0,184,0,0
+ReLU6,application,single,2,5.0,290,1,0
+ReLU6,application,single,3,50.0,277,1,0
+ReLU6,application,single,1,100.0,358,1,0
+ReLU6,application,single,2,5.0,51,1,1
+ReLU6,application,single,1,5.0,4,0,0
+ReLU6,application,single,2,1.5,66,1,0
+ReLU6,application,single,2,50.0,261,1,0
+ReLU6,application,single,2,5.0,305,1,0
+ReLU6,application,single,0,50.0,240,1,0
+ReLU6,application,single,0,5.0,329,0,0
+ReLU6,application,single,1,10.0,42,0,0
+ReLU6,application,single,2,1.5,28,1,0
+ReLU6,application,single,2,50.0,292,1,0
+ReLU6,application,single,1,50.0,198,0,0
+ReLU6,application,single,3,5.0,185,0,0
+ReLU6,application,single,2,50.0,215,0,0
+ReLU6,application,single,0,50.0,276,0,0
+ReLU6,application,single,0,10.0,125,0,0
+ReLU6,application,single,2,100.0,287,0,0
+ReLU6,application,single,2,5.0,261,1,0
+ReLU6,application,single,3,50.0,181,1,0
+ReLU6,application,single,2,10.0,297,0,0
+ReLU6,application,single,0,1.5,54,0,0
+ReLU6,application,single,2,5.0,351,0,0
+ReLU6,application,single,0,50.0,264,0,0
+ReLU6,application,single,0,10.0,192,1,0
+ReLU6,application,single,1,5.0,328,0,0
+ReLU6,application,random,0,10.0,109,0,0
+ReLU6,application,random,1,1.5,164,1,0
+ReLU6,application,random,3,1.5,168,1,0
+ReLU6,application,random,1,50.0,126,1,0
+ReLU6,application,random,2,100.0,37,0,0
+ReLU6,application,random,1,5.0,150,1,0
+ReLU6,application,random,3,10.0,16,1,0
+ReLU6,application,random,2,100.0,180,0,0
+ReLU6,application,random,0,10.0,338,1,0
+ReLU6,application,random,2,10.0,324,0,0
+ReLU6,application,random,0,50.0,243,1,0
+ReLU6,application,random,0,50.0,352,0,0
+ReLU6,application,random,0,100.0,325,1,1
+ReLU6,application,random,2,1.5,88,0,0
+ReLU6,application,random,2,50.0,114,0,0
+ReLU6,application,random,2,1.5,276,0,0
+ReLU6,application,random,2,50.0,64,0,0
+ReLU6,application,random,2,100.0,242,0,0
+ReLU6,application,random,0,100.0,48,0,0
+ReLU6,application,random,3,50.0,224,0,0
+ReLU6,application,random,1,50.0,239,1,1
+ReLU6,application,random,0,5.0,29,0,0
+ReLU6,application,random,0,5.0,261,0,0
+ReLU6,application,random,3,1.5,225,1,0
+ReLU6,application,random,2,100.0,284,0,0
+ReLU6,application,random,2,50.0,68,0,0
+ReLU6,application,random,3,10.0,182,0,0
+ReLU6,application,random,1,50.0,44,0,0
+ReLU6,application,random,1,5.0,352,0,0
+ReLU6,application,random,0,50.0,163,0,0
+ReLU6,application,random,3,100.0,312,1,0
+ReLU6,application,random,2,100.0,31,0,0
+ReLU6,application,random,2,5.0,340,0,0
+ReLU6,application,random,0,10.0,253,1,0
+ReLU6,application,random,1,100.0,231,0,0
+ReLU6,application,random,1,10.0,190,1,0
+ReLU6,application,random,0,100.0,67,1,1
+ReLU6,application,random,1,5.0,62,1,0
+ReLU6,application,random,3,100.0,160,0,0
+ReLU6,application,random,3,10.0,96,1,0
+ReLU6,application,random,1,100.0,206,1,0
+ReLU6,application,random,0,50.0,152,1,0
+ReLU6,application,random,2,10.0,346,1,0
+ReLU6,application,random,2,10.0,189,0,0
+ReLU6,application,random,3,50.0,313,0,0
+ReLU6,application,random,3,5.0,97,0,0
+ReLU6,application,random,3,5.0,323,0,0
+ReLU6,application,random,0,5.0,177,0,0
+ReLU6,application,random,0,5.0,274,0,0
+ReLU6,application,random,3,5.0,151,1,0
+ReLU6,application,random,0,5.0,114,0,0
+ReLU6,application,random,2,5.0,357,0,0
+ReLU6,application,random,3,10.0,244,0,0
+ReLU6,application,random,3,50.0,98,1,0
+ReLU6,application,random,1,100.0,156,1,0
+ReLU6,application,random,0,5.0,223,0,0
+ReLU6,application,random,3,10.0,348,1,0
+ReLU6,application,random,2,5.0,283,1,0
+ReLU6,application,random,1,100.0,85,1,0
+ReLU6,application,random,1,100.0,329,1,0
+ReLU6,application,random,3,1.5,206,1,0
+ReLU6,application,random,3,1.5,227,1,0
+ReLU6,application,random,3,100.0,14,0,0
+ReLU6,application,random,0,5.0,135,0,0
+ReLU6,application,random,0,5.0,250,0,0
+ReLU6,application,random,2,1.5,86,1,0
+ReLU6,application,random,3,1.5,258,1,0
+ReLU6,application,random,1,10.0,109,1,0
+ReLU6,application,random,2,5.0,338,0,0
+ReLU6,application,random,3,10.0,261,1,0
+ReLU6,application,random,0,5.0,253,1,0
+ReLU6,application,random,2,5.0,141,0,0
+ReLU6,application,random,2,5.0,166,0,0
+ReLU6,application,random,0,10.0,257,0,0
+ReLU6,application,random,0,50.0,295,0,0
+ReLU6,application,random,3,50.0,336,0,0
+ReLU6,application,random,3,1.5,301,0,0
+ReLU6,application,random,2,10.0,323,0,0
+ReLU6,application,random,1,10.0,351,1,0
+ReLU6,application,random,1,100.0,355,1,0
+ReLU6,application,random,2,1.5,12,1,0
+ReLU6,application,random,1,1.5,181,0,0
+ReLU6,application,random,1,10.0,280,0,0
+ReLU6,application,random,0,1.5,122,0,0
+ReLU6,application,random,3,10.0,5,0,0
+ReLU6,application,random,1,10.0,179,0,0
+ReLU6,application,random,3,5.0,297,0,0
+ReLU6,application,random,2,1.5,75,0,0
+ReLU6,application,random,2,5.0,87,1,0
+ReLU6,application,random,3,1.5,22,1,0
+ReLU6,application,random,3,100.0,341,1,0
+ReLU6,application,random,1,10.0,2,1,0
+ReLU6,application,random,1,5.0,163,1,0
+ReLU6,application,random,3,5.0,280,1,0
+ReLU6,application,random,1,100.0,74,1,0
+ReLU6,application,random,3,100.0,101,0,0
+ReLU6,application,random,3,100.0,296,1,0
+ReLU6,application,random,1,50.0,209,0,0
+ReLU6,application,random,1,5.0,33,1,1
+ReLU6,application,random,0,5.0,123,1,0
+ReLU6,application,row,2,100.0,121,1,0
+ReLU6,application,row,3,5.0,111,1,0
+ReLU6,application,row,0,50.0,136,1,1
+ReLU6,application,row,0,1.5,261,1,0
+ReLU6,application,row,2,50.0,274,1,0
+ReLU6,application,row,3,1.5,260,1,0
+ReLU6,application,row,1,5.0,128,1,1
+ReLU6,application,row,0,50.0,325,1,1
+ReLU6,application,row,2,5.0,265,1,0
+ReLU6,application,row,0,10.0,165,1,0
+ReLU6,application,row,3,50.0,34,1,0
+ReLU6,application,row,0,50.0,222,1,1
+ReLU6,application,row,2,50.0,162,1,0
+ReLU6,application,row,1,10.0,188,1,1
+ReLU6,application,row,0,10.0,257,1,0
+ReLU6,application,row,1,1.5,2,1,1
+ReLU6,application,row,3,1.5,28,1,0
+ReLU6,application,row,0,10.0,275,1,0
+ReLU6,application,row,3,10.0,1,1,0
+ReLU6,application,row,2,5.0,150,1,0
+ReLU6,application,row,3,10.0,322,1,0
+ReLU6,application,row,0,100.0,109,1,1
+ReLU6,application,row,0,50.0,55,1,0
+ReLU6,application,row,2,5.0,329,1,0
+ReLU6,application,row,3,10.0,191,1,0
+ReLU6,application,row,0,100.0,212,1,0
+ReLU6,application,row,3,1.5,286,1,0
+ReLU6,application,row,1,50.0,127,1,1
+ReLU6,application,row,1,100.0,288,1,0
+ReLU6,application,row,3,100.0,315,1,0
+ReLU6,application,row,2,1.5,356,1,0
+ReLU6,application,row,3,10.0,348,1,0
+ReLU6,application,row,0,5.0,197,1,0
+ReLU6,application,row,1,5.0,187,1,1
+ReLU6,application,row,0,5.0,101,1,1
+ReLU6,application,row,0,10.0,2,1,1
+ReLU6,application,row,3,5.0,345,1,0
+ReLU6,application,row,3,10.0,146,1,0
+ReLU6,application,row,0,1.5,359,1,0
+ReLU6,application,row,3,50.0,111,1,0
+ReLU6,application,row,1,50.0,61,1,1
+ReLU6,application,row,3,50.0,359,1,0
+ReLU6,application,row,3,10.0,13,1,0
+ReLU6,application,row,1,10.0,325,1,0
+ReLU6,application,row,2,10.0,128,1,1
+ReLU6,application,row,2,100.0,346,1,0
+ReLU6,application,row,1,1.5,166,1,0
+ReLU6,application,row,1,100.0,21,1,1
+ReLU6,application,row,3,50.0,188,1,0
+ReLU6,application,row,1,1.5,143,1,0
+ReLU6,application,row,3,10.0,224,1,0
+ReLU6,application,row,3,50.0,297,1,1
+ReLU6,application,row,1,10.0,145,1,0
+ReLU6,application,row,3,100.0,183,1,0
+ReLU6,application,row,2,50.0,314,1,1
+ReLU6,application,row,1,50.0,251,1,1
+ReLU6,application,row,3,5.0,183,1,0
+ReLU6,application,row,0,1.5,250,1,0
+ReLU6,application,row,0,100.0,315,1,1
+ReLU6,application,row,2,10.0,62,1,0
+ReLU6,application,row,0,1.5,319,1,0
+ReLU6,application,row,1,5.0,89,1,1
+ReLU6,application,row,2,1.5,117,1,0
+ReLU6,application,row,3,1.5,63,1,0
+ReLU6,application,row,0,10.0,140,1,0
+ReLU6,application,row,2,1.5,72,1,0
+ReLU6,application,row,2,5.0,146,1,0
+ReLU6,application,row,1,1.5,200,1,0
+ReLU6,application,row,3,10.0,252,1,0
+ReLU6,application,row,0,100.0,307,1,0
+ReLU6,application,row,3,100.0,212,1,0
+ReLU6,application,row,1,5.0,155,1,0
+ReLU6,application,row,0,50.0,206,1,1
+ReLU6,application,row,3,5.0,53,1,0
+ReLU6,application,row,0,100.0,104,1,1
+ReLU6,application,row,0,100.0,328,1,0
+ReLU6,application,row,3,100.0,274,1,0
+ReLU6,application,row,2,5.0,98,1,0
+ReLU6,application,row,0,50.0,269,1,0
+ReLU6,application,row,2,50.0,226,1,0
+ReLU6,application,row,0,10.0,227,1,0
+ReLU6,application,row,0,5.0,335,1,0
+ReLU6,application,row,2,5.0,336,1,0
+ReLU6,application,row,2,10.0,99,1,0
+ReLU6,application,row,3,5.0,126,1,0
+ReLU6,application,row,1,1.5,173,1,1
+ReLU6,application,row,3,1.5,103,1,0
+ReLU6,application,row,0,50.0,51,1,1
+ReLU6,application,row,1,50.0,238,1,0
+ReLU6,application,row,1,100.0,352,1,1
+ReLU6,application,row,0,10.0,61,1,0
+ReLU6,application,row,0,5.0,92,1,0
+ReLU6,application,row,0,1.5,214,1,0
+ReLU6,application,row,2,10.0,261,1,1
+ReLU6,application,row,0,10.0,251,1,1
+ReLU6,application,row,0,5.0,208,1,1
+ReLU6,application,row,2,50.0,216,1,1
+ReLU6,application,row,3,10.0,153,1,0
+ReLU6,application,row,1,5.0,341,1,1
+ReLU6,application,row,0,5.0,288,1,0
+ReLU6,application,column,3,50.0,59,1,0
+ReLU6,application,column,3,50.0,351,0,0
+ReLU6,application,column,1,10.0,256,0,0
+ReLU6,application,column,0,50.0,240,1,0
+ReLU6,application,column,3,10.0,109,0,0
+ReLU6,application,column,1,10.0,127,1,0
+ReLU6,application,column,3,5.0,263,0,0
+ReLU6,application,column,0,1.5,346,1,0
+ReLU6,application,column,0,10.0,184,0,0
+ReLU6,application,column,2,1.5,183,1,0
+ReLU6,application,column,3,1.5,215,0,0
+ReLU6,application,column,0,1.5,259,0,0
+ReLU6,application,column,2,10.0,158,1,0
+ReLU6,application,column,2,5.0,247,0,0
+ReLU6,application,column,3,1.5,86,1,0
+ReLU6,application,column,1,5.0,332,0,0
+ReLU6,application,column,3,100.0,34,1,0
+ReLU6,application,column,2,5.0,17,1,0
+ReLU6,application,column,2,5.0,60,0,0
+ReLU6,application,column,2,10.0,92,0,0
+ReLU6,application,column,0,1.5,110,1,0
+ReLU6,application,column,2,1.5,157,0,0
+ReLU6,application,column,0,100.0,61,1,0
+ReLU6,application,column,3,1.5,94,1,0
+ReLU6,application,column,3,50.0,158,1,0
+ReLU6,application,column,3,5.0,124,1,0
+ReLU6,application,column,0,5.0,303,0,0
+ReLU6,application,column,3,5.0,316,1,0
+ReLU6,application,column,1,1.5,248,1,0
+ReLU6,application,column,2,10.0,277,1,0
+ReLU6,application,column,2,50.0,166,0,0
+ReLU6,application,column,1,10.0,285,0,0
+ReLU6,application,column,1,1.5,324,0,0
+ReLU6,application,column,3,5.0,29,1,0
+ReLU6,application,column,3,50.0,321,1,0
+ReLU6,application,column,3,5.0,186,1,0
+ReLU6,application,column,0,100.0,240,1,0
+ReLU6,application,column,0,100.0,280,0,0
+ReLU6,application,column,3,50.0,328,1,0
+ReLU6,application,column,2,5.0,234,1,0
+ReLU6,application,column,3,100.0,48,1,0
+ReLU6,application,column,2,100.0,160,0,0
+ReLU6,application,column,0,5.0,49,0,0
+ReLU6,application,column,3,10.0,2,0,0
+ReLU6,application,column,1,5.0,283,1,0
+ReLU6,application,column,0,1.5,80,1,0
+ReLU6,application,column,1,10.0,197,1,0
+ReLU6,application,column,2,1.5,24,1,0
+ReLU6,application,column,3,50.0,263,0,0
+ReLU6,application,column,3,1.5,209,0,0
+ReLU6,application,column,1,10.0,111,0,0
+ReLU6,application,column,0,5.0,175,0,0
+ReLU6,application,column,3,10.0,212,1,0
+ReLU6,application,column,3,100.0,160,1,0
+ReLU6,application,column,3,100.0,96,0,0
+ReLU6,application,column,2,1.5,52,0,0
+ReLU6,application,column,0,10.0,187,1,0
+ReLU6,application,column,2,50.0,47,1,0
+ReLU6,application,column,2,5.0,237,1,0
+ReLU6,application,column,0,50.0,49,0,0
+ReLU6,application,column,1,1.5,186,1,0
+ReLU6,application,column,2,1.5,304,0,0
+ReLU6,application,column,3,100.0,248,0,0
+ReLU6,application,column,0,50.0,245,1,0
+ReLU6,application,column,1,1.5,24,0,0
+ReLU6,application,column,2,1.5,8,0,0
+ReLU6,application,column,0,5.0,326,1,0
+ReLU6,application,column,0,50.0,76,0,0
+ReLU6,application,column,0,1.5,140,1,0
+ReLU6,application,column,2,10.0,316,1,1
+ReLU6,application,column,3,5.0,44,1,0
+ReLU6,application,column,2,10.0,76,0,0
+ReLU6,application,column,1,100.0,358,0,0
+ReLU6,application,column,3,50.0,265,0,0
+ReLU6,application,column,1,5.0,94,1,0
+ReLU6,application,column,3,50.0,174,1,0
+ReLU6,application,column,0,1.5,152,1,0
+ReLU6,application,column,3,100.0,354,1,0
+ReLU6,application,column,2,50.0,186,0,0
+ReLU6,application,column,1,50.0,130,1,0
+ReLU6,application,column,2,100.0,114,1,0
+ReLU6,application,column,2,1.5,186,1,0
+ReLU6,application,column,1,5.0,217,1,0
+ReLU6,application,column,0,10.0,310,1,0
+ReLU6,application,column,3,1.5,315,0,0
+ReLU6,application,column,3,5.0,157,1,0
+ReLU6,application,column,3,1.5,289,1,0
+ReLU6,application,column,2,1.5,163,0,0
+ReLU6,application,column,1,10.0,153,1,0
+ReLU6,application,column,3,1.5,251,0,0
+ReLU6,application,column,2,100.0,91,0,0
+ReLU6,application,column,0,5.0,353,1,1
+ReLU6,application,column,1,1.5,207,0,0
+ReLU6,application,column,1,50.0,95,1,0
+ReLU6,application,column,2,5.0,132,1,0
+ReLU6,application,column,0,100.0,118,1,0
+ReLU6,application,column,2,5.0,54,1,0
+ReLU6,application,column,0,1.5,257,0,0
+ReLU6,application,column,0,5.0,209,0,0
+ReLU6,application,column,0,50.0,145,0,0
+ReLU6,application,block,2,1.5,102,1,0
+ReLU6,application,block,2,1.5,157,1,0
+ReLU6,application,block,3,5.0,265,1,0
+ReLU6,application,block,3,5.0,332,1,0
+ReLU6,application,block,1,100.0,248,1,0
+ReLU6,application,block,0,1.5,184,1,0
+ReLU6,application,block,0,10.0,216,1,0
+ReLU6,application,block,0,5.0,23,1,0
+ReLU6,application,block,0,100.0,117,1,0
+ReLU6,application,block,3,1.5,61,1,0
+ReLU6,application,block,0,1.5,142,1,0
+ReLU6,application,block,2,100.0,115,1,1
+ReLU6,application,block,1,10.0,249,1,0
+ReLU6,application,block,1,1.5,332,1,0
+ReLU6,application,block,3,50.0,17,1,1
+ReLU6,application,block,1,5.0,34,1,0
+ReLU6,application,block,0,100.0,141,1,1
+ReLU6,application,block,2,5.0,84,1,0
+ReLU6,application,block,0,5.0,215,1,0
+ReLU6,application,block,0,50.0,80,1,0
+ReLU6,application,block,2,10.0,311,1,0
+ReLU6,application,block,0,100.0,320,1,0
+ReLU6,application,block,0,1.5,222,1,0
+ReLU6,application,block,1,10.0,294,1,0
+ReLU6,application,block,0,5.0,67,1,0
+ReLU6,application,block,2,50.0,336,1,0
+ReLU6,application,block,2,10.0,106,1,0
+ReLU6,application,block,1,100.0,229,1,0
+ReLU6,application,block,2,1.5,262,1,0
+ReLU6,application,block,3,5.0,203,1,0
+ReLU6,application,block,2,1.5,181,1,0
+ReLU6,application,block,2,50.0,27,1,1
+ReLU6,application,block,1,50.0,172,1,0
+ReLU6,application,block,2,1.5,311,1,0
+ReLU6,application,block,1,100.0,261,1,1
+ReLU6,application,block,1,100.0,57,1,0
+ReLU6,application,block,1,50.0,355,1,0
+ReLU6,application,block,1,5.0,179,1,0
+ReLU6,application,block,1,50.0,34,1,0
+ReLU6,application,block,1,1.5,195,1,0
+ReLU6,application,block,0,10.0,21,1,0
+ReLU6,application,block,2,1.5,161,1,0
+ReLU6,application,block,2,5.0,294,1,0
+ReLU6,application,block,1,50.0,205,1,0
+ReLU6,application,block,3,50.0,107,1,1
+ReLU6,application,block,1,1.5,1,1,0
+ReLU6,application,block,1,5.0,194,1,0
+ReLU6,application,block,2,1.5,314,1,0
+ReLU6,application,block,3,10.0,255,1,0
+ReLU6,application,block,2,100.0,318,1,1
+ReLU6,application,block,3,5.0,358,1,0
+ReLU6,application,block,3,10.0,264,1,1
+ReLU6,application,block,3,10.0,205,1,0
+ReLU6,application,block,3,10.0,300,1,0
+ReLU6,application,block,1,10.0,290,1,0
+ReLU6,application,block,0,10.0,319,1,1
+ReLU6,application,block,0,50.0,312,1,1
+ReLU6,application,block,3,5.0,307,1,0
+ReLU6,application,block,2,10.0,113,1,0
+ReLU6,application,block,1,10.0,281,1,0
+ReLU6,application,block,0,50.0,266,1,0
+ReLU6,application,block,2,100.0,341,1,1
+ReLU6,application,block,0,50.0,285,1,0
+ReLU6,application,block,3,50.0,302,1,0
+ReLU6,application,block,0,1.5,119,1,0
+ReLU6,application,block,3,50.0,130,1,0
+ReLU6,application,block,1,1.5,171,1,0
+ReLU6,application,block,1,10.0,21,1,0
+ReLU6,application,block,1,50.0,219,1,0
+ReLU6,application,block,2,50.0,44,1,0
+ReLU6,application,block,1,50.0,48,1,0
+ReLU6,application,block,0,5.0,226,1,0
+ReLU6,application,block,2,100.0,268,1,1
+ReLU6,application,block,2,5.0,344,1,0
+ReLU6,application,block,3,5.0,20,1,0
+ReLU6,application,block,2,5.0,157,1,0
+ReLU6,application,block,1,50.0,320,1,0
+ReLU6,application,block,1,5.0,348,1,0
+ReLU6,application,block,3,5.0,35,1,0
+ReLU6,application,block,1,100.0,299,1,0
+ReLU6,application,block,2,5.0,71,1,0
+ReLU6,application,block,1,50.0,309,1,0
+ReLU6,application,block,1,50.0,133,1,0
+ReLU6,application,block,3,100.0,318,1,1
+ReLU6,application,block,2,100.0,307,1,0
+ReLU6,application,block,0,5.0,324,1,1
+ReLU6,application,block,1,100.0,205,1,0
+ReLU6,application,block,1,100.0,351,1,0
+ReLU6,application,block,3,50.0,74,1,0
+ReLU6,application,block,3,100.0,157,1,0
+ReLU6,application,block,3,1.5,210,1,0
+ReLU6,application,block,2,50.0,242,1,0
+ReLU6,application,block,2,1.5,4,1,0
+ReLU6,application,block,3,1.5,247,1,0
+ReLU6,application,block,2,1.5,82,1,0
+ReLU6,application,block,1,50.0,57,1,0
+ReLU6,application,block,0,50.0,287,1,0
+ReLU6,application,block,1,10.0,136,1,0
+ReLU6,application,block,1,1.5,259,1,0
+ReLU6,application,block,0,5.0,304,1,0
+ReLU6,application,bitflip,0,nan,154,0,0
+ReLU6,application,bitflip,2,nan,294,0,0
+ReLU6,application,bitflip,1,nan,196,0,0
+ReLU6,application,bitflip,2,nan,248,1,0
+ReLU6,application,bitflip,3,nan,75,0,0
+ReLU6,application,bitflip,0,nan,317,0,0
+ReLU6,application,bitflip,1,nan,124,0,0
+ReLU6,application,bitflip,1,nan,49,0,0
+ReLU6,application,bitflip,2,nan,261,1,0
+ReLU6,application,bitflip,3,nan,299,0,0
+ReLU6,application,bitflip,2,nan,248,0,0
+ReLU6,application,bitflip,0,nan,332,0,0
+ReLU6,application,bitflip,2,nan,103,0,0
+ReLU6,application,bitflip,1,nan,10,1,0
+ReLU6,application,bitflip,3,nan,88,0,0
+ReLU6,application,bitflip,3,nan,3,0,0
+ReLU6,application,bitflip,1,nan,248,0,0
+ReLU6,application,bitflip,3,nan,33,0,0
+ReLU6,application,bitflip,0,nan,154,0,0
+ReLU6,application,bitflip,2,nan,104,0,0
+ReLU6,application,bitflip,1,nan,325,0,0
+ReLU6,application,bitflip,2,nan,359,0,0
+ReLU6,application,bitflip,3,nan,119,0,0
+ReLU6,application,bitflip,0,nan,48,0,0
+ReLU6,application,bitflip,0,nan,124,0,0
+ReLU6,application,bitflip,1,nan,273,0,0
+ReLU6,application,bitflip,0,nan,226,0,0
+ReLU6,application,bitflip,3,nan,128,0,0
+ReLU6,application,bitflip,0,nan,104,0,0
+ReLU6,application,bitflip,3,nan,112,0,0
+ReLU6,application,bitflip,3,nan,347,0,0
+ReLU6,application,bitflip,2,nan,4,0,0
+ReLU6,application,bitflip,0,nan,334,0,0
+ReLU6,application,bitflip,1,nan,186,1,0
+ReLU6,application,bitflip,2,nan,97,0,0
+ReLU6,application,bitflip,0,nan,251,0,0
+ReLU6,application,bitflip,3,nan,215,1,0
+ReLU6,application,bitflip,3,nan,197,0,0
+ReLU6,application,bitflip,2,nan,186,0,0
+ReLU6,application,bitflip,0,nan,224,0,0
+ReLU6,application,bitflip,0,nan,258,0,0
+ReLU6,application,bitflip,3,nan,185,0,0
+ReLU6,application,bitflip,1,nan,183,0,0
+ReLU6,application,bitflip,3,nan,272,1,0
+ReLU6,application,bitflip,2,nan,240,1,0
+ReLU6,application,bitflip,3,nan,176,0,0
+ReLU6,application,bitflip,1,nan,168,0,0
+ReLU6,application,bitflip,0,nan,131,0,0
+ReLU6,application,bitflip,0,nan,222,0,0
+ReLU6,application,bitflip,0,nan,181,0,0
+ReLU6,application,bitflip,2,nan,349,1,0
+ReLU6,application,bitflip,3,nan,134,0,0
+ReLU6,application,bitflip,1,nan,301,1,0
+ReLU6,application,bitflip,1,nan,213,0,0
+ReLU6,application,bitflip,0,nan,23,0,0
+ReLU6,application,bitflip,2,nan,280,0,0
+ReLU6,application,bitflip,0,nan,97,1,0
+ReLU6,application,bitflip,2,nan,328,0,0
+ReLU6,application,bitflip,2,nan,84,0,0
+ReLU6,application,bitflip,2,nan,62,1,0
+ReLU6,application,bitflip,0,nan,212,0,0
+ReLU6,application,bitflip,0,nan,48,0,0
+ReLU6,application,bitflip,3,nan,212,0,0
+ReLU6,application,bitflip,1,nan,175,1,0
+ReLU6,application,bitflip,0,nan,230,1,0
+ReLU6,application,bitflip,0,nan,312,1,0
+ReLU6,application,bitflip,1,nan,127,0,0
+ReLU6,application,bitflip,2,nan,286,1,0
+ReLU6,application,bitflip,0,nan,246,1,0
+ReLU6,application,bitflip,1,nan,23,1,0
+ReLU6,application,bitflip,2,nan,2,1,0
+ReLU6,application,bitflip,2,nan,148,0,0
+ReLU6,application,bitflip,1,nan,99,0,0
+ReLU6,application,bitflip,2,nan,354,0,0
+ReLU6,application,bitflip,1,nan,207,0,0
+ReLU6,application,bitflip,1,nan,297,0,0
+ReLU6,application,bitflip,1,nan,20,0,0
+ReLU6,application,bitflip,2,nan,216,0,0
+ReLU6,application,bitflip,2,nan,246,0,0
+ReLU6,application,bitflip,0,nan,35,1,0
+ReLU6,application,bitflip,1,nan,70,0,0
+ReLU6,application,bitflip,3,nan,96,0,0
+ReLU6,application,bitflip,2,nan,271,0,0
+ReLU6,application,bitflip,0,nan,140,1,0
+ReLU6,application,bitflip,2,nan,207,0,0
+ReLU6,application,bitflip,2,nan,108,0,0
+ReLU6,application,bitflip,0,nan,44,0,0
+ReLU6,application,bitflip,1,nan,217,1,0
+ReLU6,application,bitflip,1,nan,72,0,0
+ReLU6,application,bitflip,0,nan,96,1,0
+ReLU6,application,bitflip,3,nan,348,0,0
+ReLU6,application,bitflip,2,nan,118,1,0
+ReLU6,application,bitflip,1,nan,282,0,0
+ReLU6,application,bitflip,3,nan,10,1,0
+ReLU6,application,bitflip,0,nan,208,0,0
+ReLU6,application,bitflip,0,nan,102,0,0
+ReLU6,application,bitflip,3,nan,75,0,0
+ReLU6,application,bitflip,2,nan,75,0,0
+ReLU6,application,bitflip,1,nan,19,0,0
+ReLU6,application,bitflip,1,nan,212,0,0
+ReLU6,application,nan,3,nan,66,1,1
+ReLU6,application,nan,3,nan,300,1,1
+ReLU6,application,nan,0,nan,257,1,1
+ReLU6,application,nan,0,nan,172,1,1
+ReLU6,application,nan,3,nan,90,1,1
+ReLU6,application,nan,2,nan,249,1,1
+ReLU6,application,nan,0,nan,289,1,1
+ReLU6,application,nan,3,nan,116,1,1
+ReLU6,application,nan,0,nan,62,1,1
+ReLU6,application,nan,0,nan,115,1,1
+ReLU6,application,nan,0,nan,41,1,1
+ReLU6,application,nan,2,nan,347,1,1
+ReLU6,application,nan,2,nan,126,1,1
+ReLU6,application,nan,0,nan,17,1,1
+ReLU6,application,nan,2,nan,252,1,1
+ReLU6,application,nan,2,nan,170,1,1
+ReLU6,application,nan,3,nan,0,1,1
+ReLU6,application,nan,3,nan,46,1,1
+ReLU6,application,nan,0,nan,211,1,1
+ReLU6,application,nan,1,nan,349,1,1
+ReLU6,application,nan,3,nan,239,1,1
+ReLU6,application,nan,3,nan,141,1,1
+ReLU6,application,nan,3,nan,71,1,1
+ReLU6,application,nan,2,nan,44,1,1
+ReLU6,application,nan,3,nan,184,1,1
+ReLU6,application,nan,0,nan,13,1,1
+ReLU6,application,nan,2,nan,74,1,1
+ReLU6,application,nan,0,nan,178,1,1
+ReLU6,application,nan,1,nan,246,1,1
+ReLU6,application,nan,2,nan,122,1,1
+ReLU6,application,nan,1,nan,69,1,1
+ReLU6,application,nan,2,nan,359,1,1
+ReLU6,application,nan,0,nan,279,1,1
+ReLU6,application,nan,2,nan,338,1,1
+ReLU6,application,nan,1,nan,0,1,1
+ReLU6,application,nan,3,nan,142,1,1
+ReLU6,application,nan,0,nan,282,1,1
+ReLU6,application,nan,3,nan,40,1,1
+ReLU6,application,nan,0,nan,109,1,1
+ReLU6,application,nan,2,nan,127,1,1
+ReLU6,application,nan,2,nan,344,1,1
+ReLU6,application,nan,3,nan,56,1,1
+ReLU6,application,nan,3,nan,276,1,1
+ReLU6,application,nan,2,nan,67,1,1
+ReLU6,application,nan,0,nan,337,1,1
+ReLU6,application,nan,2,nan,93,1,1
+ReLU6,application,nan,3,nan,132,1,1
+ReLU6,application,nan,1,nan,288,1,1
+ReLU6,application,nan,2,nan,340,1,1
+ReLU6,application,nan,2,nan,163,1,1
+ReLU6,application,nan,3,nan,201,1,1
+ReLU6,application,nan,3,nan,75,1,1
+ReLU6,application,nan,0,nan,234,1,1
+ReLU6,application,nan,1,nan,253,1,1
+ReLU6,application,nan,1,nan,348,1,1
+ReLU6,application,nan,3,nan,78,1,1
+ReLU6,application,nan,2,nan,49,1,1
+ReLU6,application,nan,0,nan,34,1,1
+ReLU6,application,nan,1,nan,85,1,1
+ReLU6,application,nan,3,nan,227,1,1
+ReLU6,application,nan,2,nan,61,1,1
+ReLU6,application,nan,3,nan,82,1,1
+ReLU6,application,nan,1,nan,358,1,1
+ReLU6,application,nan,3,nan,170,1,1
+ReLU6,application,nan,1,nan,249,1,1
+ReLU6,application,nan,0,nan,6,1,1
+ReLU6,application,nan,0,nan,72,1,1
+ReLU6,application,nan,1,nan,53,1,1
+ReLU6,application,nan,1,nan,326,1,1
+ReLU6,application,nan,2,nan,74,1,1
+ReLU6,application,nan,0,nan,288,1,1
+ReLU6,application,nan,3,nan,189,1,1
+ReLU6,application,nan,0,nan,170,1,1
+ReLU6,application,nan,1,nan,182,1,1
+ReLU6,application,nan,3,nan,114,1,1
+ReLU6,application,nan,1,nan,95,1,1
+ReLU6,application,nan,1,nan,174,1,1
+ReLU6,application,nan,3,nan,79,1,1
+ReLU6,application,nan,2,nan,338,1,1
+ReLU6,application,nan,1,nan,40,1,1
+ReLU6,application,nan,3,nan,354,1,1
+ReLU6,application,nan,3,nan,236,1,1
+ReLU6,application,nan,2,nan,231,1,1
+ReLU6,application,nan,1,nan,150,1,1
+ReLU6,application,nan,0,nan,272,1,1
+ReLU6,application,nan,3,nan,132,1,1
+ReLU6,application,nan,1,nan,353,1,1
+ReLU6,application,nan,3,nan,288,1,1
+ReLU6,application,nan,3,nan,315,1,1
+ReLU6,application,nan,0,nan,240,1,1
+ReLU6,application,nan,2,nan,22,1,1
+ReLU6,application,nan,2,nan,33,1,1
+ReLU6,application,nan,1,nan,78,1,1
+ReLU6,application,nan,1,nan,295,1,1
+ReLU6,application,nan,1,nan,213,1,1
+ReLU6,application,nan,0,nan,112,1,1
+ReLU6,application,nan,0,nan,33,1,1
+ReLU6,application,nan,2,nan,140,1,1
+ReLU6,application,nan,1,nan,355,1,1
+ReLU6,application,nan,2,nan,285,1,1
+ReLU6,layer,column,0,1.5,32,0,0
+ReLU6,layer,single,0,5.0,327,1,0
+ReLU6,layer,random,0,10.0,261,1,0
+ReLU6,layer,row,0,1.5,156,1,1
+ReLU6,layer,single,0,50.0,347,0,0
+ReLU6,layer,column,0,1.5,278,0,0
+ReLU6,layer,single,0,1.5,146,1,0
+ReLU6,layer,column,0,10.0,303,1,0
+ReLU6,layer,random,0,100.0,230,0,0
+ReLU6,layer,random,0,50.0,263,0,0
+ReLU6,layer,random,0,50.0,153,0,0
+ReLU6,layer,random,0,50.0,191,0,0
+ReLU6,layer,block,0,1.5,339,1,0
+ReLU6,layer,single,0,10.0,59,1,0
+ReLU6,layer,random,0,1.5,195,1,0
+ReLU6,layer,single,0,50.0,261,1,0
+ReLU6,layer,single,0,50.0,220,0,0
+ReLU6,layer,column,0,100.0,137,0,0
+ReLU6,layer,row,0,100.0,40,1,1
+ReLU6,layer,row,0,10.0,211,1,0
+ReLU6,layer,single,0,50.0,209,1,0
+ReLU6,layer,single,0,10.0,340,0,0
+ReLU6,layer,block,0,1.5,71,1,0
+ReLU6,layer,block,0,10.0,37,1,0
+ReLU6,layer,block,0,1.5,233,1,0
+ReLU6,layer,row,0,5.0,114,1,1
+ReLU6,layer,random,0,5.0,340,0,0
+ReLU6,layer,single,0,100.0,204,1,0
+ReLU6,layer,block,0,10.0,75,1,0
+ReLU6,layer,random,0,1.5,324,1,0
+ReLU6,layer,random,0,1.5,69,1,0
+ReLU6,layer,random,0,50.0,296,0,0
+ReLU6,layer,block,0,10.0,321,1,0
+ReLU6,layer,block,0,5.0,277,1,0
+ReLU6,layer,column,0,5.0,254,0,0
+ReLU6,layer,column,0,100.0,151,1,1
+ReLU6,layer,column,0,1.5,205,0,0
+ReLU6,layer,block,0,1.5,53,1,0
+ReLU6,layer,single,0,5.0,227,1,0
+ReLU6,layer,column,0,1.5,3,1,0
+ReLU6,layer,row,0,50.0,71,1,1
+ReLU6,layer,row,0,100.0,52,1,0
+ReLU6,layer,column,0,50.0,87,0,0
+ReLU6,layer,random,0,100.0,157,0,0
+ReLU6,layer,block,0,50.0,168,1,0
+ReLU6,layer,row,0,100.0,38,1,1
+ReLU6,layer,row,0,5.0,352,1,0
+ReLU6,layer,random,0,10.0,82,1,0
+ReLU6,layer,column,0,50.0,300,0,0
+ReLU6,layer,random,0,50.0,283,0,0
+ReLU6,layer,column,0,10.0,1,1,0
+ReLU6,layer,block,0,10.0,291,1,1
+ReLU6,layer,column,0,5.0,156,0,0
+ReLU6,layer,single,0,10.0,86,0,0
+ReLU6,layer,block,0,1.5,1,1,0
+ReLU6,layer,single,0,1.5,183,0,0
+ReLU6,layer,row,0,5.0,214,1,1
+ReLU6,layer,block,0,10.0,178,1,1
+ReLU6,layer,column,0,50.0,146,0,0
+ReLU6,layer,single,0,50.0,107,0,0
+ReLU6,layer,column,0,10.0,170,0,0
+ReLU6,layer,row,0,50.0,39,1,0
+ReLU6,layer,random,0,10.0,305,1,0
+ReLU6,layer,block,0,10.0,43,1,0
+ReLU6,layer,single,0,10.0,334,1,0
+ReLU6,layer,single,0,10.0,66,1,0
+ReLU6,layer,single,0,50.0,35,1,0
+ReLU6,layer,single,0,50.0,140,0,0
+ReLU6,layer,single,0,10.0,204,0,0
+ReLU6,layer,row,0,1.5,346,1,0
+ReLU6,layer,single,0,10.0,160,0,0
+ReLU6,layer,single,0,100.0,269,1,0
+ReLU6,layer,random,0,10.0,179,0,0
+ReLU6,layer,row,0,5.0,335,1,0
+ReLU6,layer,single,0,50.0,358,0,0
+ReLU6,layer,random,0,5.0,313,1,0
+ReLU6,layer,block,0,100.0,287,1,0
+ReLU6,layer,block,0,1.5,63,1,0
+ReLU6,layer,row,0,50.0,147,1,1
+ReLU6,layer,row,0,5.0,296,1,0
+ReLU6,layer,column,1,1.5,298,1,0
+ReLU6,layer,block,1,50.0,20,1,0
+ReLU6,layer,block,1,100.0,42,1,0
+ReLU6,layer,block,1,10.0,330,1,0
+ReLU6,layer,block,1,5.0,105,1,0
+ReLU6,layer,column,1,50.0,193,0,0
+ReLU6,layer,column,1,1.5,37,0,0
+ReLU6,layer,single,1,10.0,311,1,0
+ReLU6,layer,row,1,10.0,86,1,1
+ReLU6,layer,block,1,5.0,185,1,0
+ReLU6,layer,random,1,5.0,222,1,0
+ReLU6,layer,random,1,10.0,357,1,0
+ReLU6,layer,column,1,50.0,181,1,0
+ReLU6,layer,single,1,5.0,19,0,0
+ReLU6,layer,single,1,1.5,254,0,0
+ReLU6,layer,column,1,5.0,103,1,0
+ReLU6,layer,single,1,1.5,158,1,0
+ReLU6,layer,random,1,5.0,233,1,0
+ReLU6,layer,row,1,50.0,249,1,0
+ReLU6,layer,single,1,1.5,192,0,0
+ReLU6,layer,block,1,5.0,76,1,1
+ReLU6,layer,single,1,1.5,240,1,0
+ReLU6,layer,block,1,50.0,186,1,0
+ReLU6,layer,random,1,1.5,180,0,0
+ReLU6,layer,single,1,50.0,318,0,0
+ReLU6,layer,block,1,10.0,160,1,0
+ReLU6,layer,column,1,50.0,347,1,0
+ReLU6,layer,random,1,1.5,231,0,0
+ReLU6,layer,column,1,100.0,57,1,0
+ReLU6,layer,block,1,10.0,224,1,0
+ReLU6,layer,column,1,50.0,72,0,0
+ReLU6,layer,single,1,100.0,307,0,0
+ReLU6,layer,random,1,50.0,143,1,0
+ReLU6,layer,block,1,10.0,290,1,0
+ReLU6,layer,row,1,50.0,153,1,1
+ReLU6,layer,block,1,10.0,91,1,0
+ReLU6,layer,random,1,100.0,310,1,0
+ReLU6,layer,row,1,50.0,14,1,0
+ReLU6,layer,row,1,10.0,202,1,1
+ReLU6,layer,block,1,50.0,59,1,0
+ReLU6,layer,random,1,5.0,344,1,0
+ReLU6,layer,single,1,5.0,288,1,0
+ReLU6,layer,row,1,10.0,241,1,1
+ReLU6,layer,column,1,1.5,294,1,0
+ReLU6,layer,single,1,100.0,176,0,0
+ReLU6,layer,row,1,10.0,299,1,0
+ReLU6,layer,block,1,5.0,228,1,0
+ReLU6,layer,random,1,5.0,268,1,0
+ReLU6,layer,block,1,1.5,334,1,0
+ReLU6,layer,row,1,5.0,82,1,0
+ReLU6,layer,random,1,10.0,24,1,0
+ReLU6,layer,random,1,50.0,209,1,0
+ReLU6,layer,single,1,5.0,110,0,0
+ReLU6,layer,single,1,50.0,300,0,0
+ReLU6,layer,block,1,1.5,12,1,0
+ReLU6,layer,column,1,100.0,161,0,0
+ReLU6,layer,row,1,100.0,272,1,1
+ReLU6,layer,block,1,10.0,262,1,1
+ReLU6,layer,single,1,100.0,60,1,0
+ReLU6,layer,column,1,5.0,198,0,0
+ReLU6,layer,column,1,50.0,313,1,0
+ReLU6,layer,column,1,50.0,220,1,0
+ReLU6,layer,single,1,1.5,342,1,0
+ReLU6,layer,single,1,10.0,189,1,0
+ReLU6,layer,random,1,100.0,81,0,0
+ReLU6,layer,single,1,1.5,17,1,0
+ReLU6,layer,random,1,100.0,125,0,0
+ReLU6,layer,row,1,50.0,278,1,0
+ReLU6,layer,random,1,50.0,44,1,0
+ReLU6,layer,block,1,1.5,108,1,0
+ReLU6,layer,row,1,50.0,262,1,1
+ReLU6,layer,random,1,50.0,54,0,0
+ReLU6,layer,row,1,1.5,30,1,0
+ReLU6,layer,random,1,1.5,92,1,0
+ReLU6,layer,row,1,1.5,326,1,0
+ReLU6,layer,column,1,50.0,255,1,0
+ReLU6,layer,row,1,50.0,35,1,1
+ReLU6,layer,random,1,10.0,246,1,0
+ReLU6,layer,row,1,1.5,79,1,0
+ReLU6,layer,block,1,5.0,78,1,0
+ReLU6,layer,column,2,10.0,275,0,0
+ReLU6,layer,block,2,100.0,328,1,0
+ReLU6,layer,random,2,100.0,32,0,0
+ReLU6,layer,column,2,100.0,26,1,0
+ReLU6,layer,block,2,5.0,9,1,0
+ReLU6,layer,row,2,5.0,294,1,1
+ReLU6,layer,single,2,5.0,57,1,0
+ReLU6,layer,column,2,10.0,355,1,0
+ReLU6,layer,column,2,5.0,50,1,0
+ReLU6,layer,column,2,50.0,334,1,0
+ReLU6,layer,column,2,1.5,199,1,0
+ReLU6,layer,row,2,100.0,158,1,0
+ReLU6,layer,row,2,5.0,238,1,0
+ReLU6,layer,random,2,5.0,211,1,0
+ReLU6,layer,block,2,5.0,44,1,0
+ReLU6,layer,single,2,10.0,342,1,0
+ReLU6,layer,random,2,5.0,139,0,0
+ReLU6,layer,row,2,5.0,219,1,0
+ReLU6,layer,single,2,1.5,158,1,0
+ReLU6,layer,row,2,10.0,7,1,0
+ReLU6,layer,column,2,100.0,46,0,0
+ReLU6,layer,column,2,5.0,257,0,0
+ReLU6,layer,column,2,10.0,57,0,0
+ReLU6,layer,block,2,100.0,303,1,0
+ReLU6,layer,single,2,10.0,336,1,0
+ReLU6,layer,block,2,100.0,77,1,0
+ReLU6,layer,row,2,10.0,271,1,1
+ReLU6,layer,random,2,100.0,59,1,0
+ReLU6,layer,row,2,50.0,124,1,1
+ReLU6,layer,single,2,10.0,211,0,0
+ReLU6,layer,random,2,100.0,163,1,0
+ReLU6,layer,row,2,10.0,289,1,1
+ReLU6,layer,single,2,10.0,165,0,0
+ReLU6,layer,block,2,50.0,266,1,1
+ReLU6,layer,row,2,50.0,151,1,1
+ReLU6,layer,block,2,100.0,293,1,0
+ReLU6,layer,column,2,10.0,359,1,0
+ReLU6,layer,single,2,1.5,249,0,0
+ReLU6,layer,column,2,100.0,66,1,0
+ReLU6,layer,row,2,1.5,235,1,0
+ReLU6,layer,column,2,10.0,279,1,0
+ReLU6,layer,block,2,1.5,273,1,0
+ReLU6,layer,column,2,5.0,298,1,0
+ReLU6,layer,random,2,50.0,121,0,0
+ReLU6,layer,row,2,50.0,144,1,1
+ReLU6,layer,random,2,10.0,246,1,0
+ReLU6,layer,block,2,50.0,36,1,0
+ReLU6,layer,random,2,10.0,187,0,0
+ReLU6,layer,row,2,50.0,84,1,1
+ReLU6,layer,single,2,50.0,69,1,0
+ReLU6,layer,random,2,50.0,18,1,1
+ReLU6,layer,block,2,5.0,232,1,0
+ReLU6,layer,column,2,100.0,359,1,0
+ReLU6,layer,block,2,10.0,222,1,0
+ReLU6,layer,row,2,1.5,283,1,0
+ReLU6,layer,column,2,50.0,353,1,1
+ReLU6,layer,single,2,100.0,192,0,0
+ReLU6,layer,row,2,100.0,101,1,1
+ReLU6,layer,single,2,50.0,15,0,0
+ReLU6,layer,block,2,1.5,357,1,0
+ReLU6,layer,random,2,1.5,209,0,0
+ReLU6,layer,single,2,10.0,38,1,0
+ReLU6,layer,row,2,10.0,18,1,0
+ReLU6,layer,column,2,5.0,243,1,0
+ReLU6,layer,single,2,5.0,12,1,0
+ReLU6,layer,single,2,5.0,195,1,0
+ReLU6,layer,random,2,1.5,121,1,0
+ReLU6,layer,column,2,100.0,170,0,0
+ReLU6,layer,random,2,1.5,251,1,0
+ReLU6,layer,single,2,1.5,318,0,0
+ReLU6,layer,column,2,5.0,270,0,0
+ReLU6,layer,block,2,5.0,345,1,0
+ReLU6,layer,random,2,1.5,277,0,0
+ReLU6,layer,random,2,5.0,91,0,0
+ReLU6,layer,random,2,1.5,158,1,0
+ReLU6,layer,row,2,100.0,6,1,0
+ReLU6,layer,random,2,5.0,324,1,0
+ReLU6,layer,row,2,10.0,348,1,1
+ReLU6,layer,column,2,5.0,313,1,0
+ReLU6,layer,random,2,5.0,337,0,0
+ReLU6,layer,single,3,50.0,295,0,0
+ReLU6,layer,column,3,5.0,209,1,0
+ReLU6,layer,single,3,5.0,139,0,0
+ReLU6,layer,column,3,50.0,85,0,0
+ReLU6,layer,block,3,50.0,18,1,1
+ReLU6,layer,block,3,100.0,265,1,0
+ReLU6,layer,column,3,100.0,4,1,0
+ReLU6,layer,block,3,1.5,3,1,0
+ReLU6,layer,random,3,50.0,29,0,0
+ReLU6,layer,random,3,100.0,203,1,0
+ReLU6,layer,random,3,50.0,219,0,0
+ReLU6,layer,row,3,5.0,49,1,0
+ReLU6,layer,block,3,100.0,171,1,0
+ReLU6,layer,random,3,50.0,59,1,0
+ReLU6,layer,single,3,1.5,139,0,0
+ReLU6,layer,random,3,5.0,275,1,0
+ReLU6,layer,single,3,50.0,251,0,0
+ReLU6,layer,random,3,1.5,95,0,0
+ReLU6,layer,column,3,50.0,164,0,0
+ReLU6,layer,row,3,10.0,346,1,0
+ReLU6,layer,single,3,50.0,195,1,1
+ReLU6,layer,random,3,10.0,47,1,0
+ReLU6,layer,row,3,1.5,183,1,0
+ReLU6,layer,column,3,1.5,218,1,0
+ReLU6,layer,random,3,10.0,144,1,0
+ReLU6,layer,single,3,100.0,73,1,0
+ReLU6,layer,single,3,100.0,198,0,0
+ReLU6,layer,single,3,50.0,251,0,0
+ReLU6,layer,single,3,100.0,111,1,0
+ReLU6,layer,row,3,1.5,65,1,0
+ReLU6,layer,random,3,100.0,272,1,0
+ReLU6,layer,row,3,1.5,309,1,0
+ReLU6,layer,random,3,50.0,302,0,0
+ReLU6,layer,row,3,50.0,230,1,0
+ReLU6,layer,random,3,100.0,68,1,1
+ReLU6,layer,block,3,10.0,202,1,0
+ReLU6,layer,random,3,5.0,210,0,0
+ReLU6,layer,block,3,100.0,218,1,0
+ReLU6,layer,block,3,50.0,33,1,0
+ReLU6,layer,block,3,10.0,301,1,1
+ReLU6,layer,single,3,10.0,349,0,0
+ReLU6,layer,single,3,100.0,33,1,1
+ReLU6,layer,block,3,1.5,172,1,0
+ReLU6,layer,random,3,10.0,121,1,0
+ReLU6,layer,row,3,50.0,350,1,0
+ReLU6,layer,block,3,50.0,54,1,1
+ReLU6,layer,row,3,100.0,107,1,1
+ReLU6,layer,block,3,10.0,33,1,0
+ReLU6,layer,single,3,100.0,300,0,0
+ReLU6,layer,single,3,10.0,159,1,0
+ReLU6,layer,single,3,100.0,270,1,0
+ReLU6,layer,random,3,10.0,80,1,1
+ReLU6,layer,column,3,50.0,284,0,0
+ReLU6,layer,single,3,100.0,300,0,0
+ReLU6,layer,row,3,1.5,344,1,0
+ReLU6,layer,row,3,10.0,52,1,0
+ReLU6,layer,single,3,50.0,217,1,0
+ReLU6,layer,row,3,1.5,81,1,0
+ReLU6,layer,single,3,5.0,175,1,0
+ReLU6,layer,row,3,100.0,26,1,0
+ReLU6,layer,random,3,1.5,347,1,0
+ReLU6,layer,random,3,5.0,252,0,0
+ReLU6,layer,row,3,5.0,77,1,0
+ReLU6,layer,block,3,5.0,66,1,0
+ReLU6,layer,block,3,1.5,116,1,0
+ReLU6,layer,block,3,100.0,118,1,0
+ReLU6,layer,random,3,10.0,44,1,0
+ReLU6,layer,random,3,100.0,285,0,0
+ReLU6,layer,column,3,5.0,248,0,0
+ReLU6,layer,single,3,10.0,157,1,0
+ReLU6,layer,row,3,100.0,100,1,0
+ReLU6,layer,random,3,50.0,296,0,0
+ReLU6,layer,single,3,1.5,117,1,0
+ReLU6,layer,single,3,10.0,12,0,0
+ReLU6,layer,row,3,100.0,291,1,1
+ReLU6,layer,row,3,5.0,256,1,0
+ReLU6,layer,row,3,100.0,20,1,0
+ReLU6,layer,single,3,100.0,237,1,0
+ReLU6,layer,column,3,50.0,321,1,0
+ReLU6,layer,random,3,100.0,86,1,1
+ReLU6,magnitude,row,1,1.1,202,1,0
+ReLU6,magnitude,random,2,1.1,268,1,0
+ReLU6,magnitude,random,3,1.1,349,0,0
+ReLU6,magnitude,column,0,1.1,308,1,0
+ReLU6,magnitude,random,0,1.1,92,1,0
+ReLU6,magnitude,single,0,1.1,313,1,0
+ReLU6,magnitude,block,1,1.1,8,1,0
+ReLU6,magnitude,random,3,1.1,192,1,0
+ReLU6,magnitude,block,0,1.1,211,1,0
+ReLU6,magnitude,column,2,1.1,143,0,0
+ReLU6,magnitude,column,2,1.1,15,1,0
+ReLU6,magnitude,block,2,1.1,56,1,0
+ReLU6,magnitude,row,2,1.1,201,1,0
+ReLU6,magnitude,row,1,1.1,253,1,0
+ReLU6,magnitude,block,2,1.1,111,1,0
+ReLU6,magnitude,block,0,1.1,78,1,0
+ReLU6,magnitude,row,3,1.1,18,1,0
+ReLU6,magnitude,single,3,1.1,58,0,0
+ReLU6,magnitude,row,0,1.1,333,1,0
+ReLU6,magnitude,column,2,1.1,349,1,0
+ReLU6,magnitude,single,0,1.1,358,1,0
+ReLU6,magnitude,single,1,1.1,174,0,0
+ReLU6,magnitude,random,2,1.1,167,0,0
+ReLU6,magnitude,block,2,1.1,202,1,0
+ReLU6,magnitude,column,2,1.1,342,1,0
+ReLU6,magnitude,row,1,1.1,172,1,0
+ReLU6,magnitude,single,2,1.1,309,0,0
+ReLU6,magnitude,random,0,1.1,253,1,0
+ReLU6,magnitude,row,2,1.1,234,1,0
+ReLU6,magnitude,random,3,1.1,270,1,0
+ReLU6,magnitude,column,2,1.1,139,1,0
+ReLU6,magnitude,single,3,1.1,295,1,0
+ReLU6,magnitude,single,2,1.1,26,1,0
+ReLU6,magnitude,row,0,1.1,319,1,0
+ReLU6,magnitude,column,0,1.1,147,1,0
+ReLU6,magnitude,random,3,1.1,92,1,0
+ReLU6,magnitude,single,3,1.1,193,0,0
+ReLU6,magnitude,single,2,1.1,123,1,0
+ReLU6,magnitude,column,3,1.1,251,1,0
+ReLU6,magnitude,row,1,1.1,210,1,0
+ReLU6,magnitude,column,2,1.1,107,0,0
+ReLU6,magnitude,single,2,1.1,216,1,0
+ReLU6,magnitude,column,0,1.1,166,1,0
+ReLU6,magnitude,row,0,1.1,343,1,0
+ReLU6,magnitude,block,2,1.1,343,1,0
+ReLU6,magnitude,block,1,1.1,91,1,0
+ReLU6,magnitude,row,2,1.1,205,1,0
+ReLU6,magnitude,column,3,1.1,220,0,0
+ReLU6,magnitude,single,0,1.1,108,0,0
+ReLU6,magnitude,single,1,1.1,200,0,0
+ReLU6,magnitude,block,1,2.0,278,1,0
+ReLU6,magnitude,random,1,2.0,290,1,0
+ReLU6,magnitude,column,0,2.0,29,1,0
+ReLU6,magnitude,column,0,2.0,25,0,0
+ReLU6,magnitude,column,1,2.0,205,1,0
+ReLU6,magnitude,random,2,2.0,42,0,0
+ReLU6,magnitude,random,1,2.0,300,0,0
+ReLU6,magnitude,random,0,2.0,212,1,0
+ReLU6,magnitude,single,2,2.0,164,1,0
+ReLU6,magnitude,block,3,2.0,158,1,0
+ReLU6,magnitude,random,0,2.0,213,0,0
+ReLU6,magnitude,row,2,2.0,189,1,0
+ReLU6,magnitude,random,3,2.0,326,0,0
+ReLU6,magnitude,row,0,2.0,277,1,0
+ReLU6,magnitude,random,3,2.0,99,0,0
+ReLU6,magnitude,block,1,2.0,86,1,0
+ReLU6,magnitude,row,3,2.0,284,1,0
+ReLU6,magnitude,block,1,2.0,358,1,0
+ReLU6,magnitude,random,0,2.0,38,0,0
+ReLU6,magnitude,block,2,2.0,282,1,0
+ReLU6,magnitude,column,0,2.0,354,0,0
+ReLU6,magnitude,row,3,2.0,315,1,0
+ReLU6,magnitude,column,2,2.0,121,1,0
+ReLU6,magnitude,single,3,2.0,323,1,0
+ReLU6,magnitude,column,1,2.0,270,0,0
+ReLU6,magnitude,block,1,2.0,219,1,0
+ReLU6,magnitude,single,0,2.0,85,1,0
+ReLU6,magnitude,row,0,2.0,88,1,0
+ReLU6,magnitude,column,1,2.0,231,1,0
+ReLU6,magnitude,random,2,2.0,262,0,0
+ReLU6,magnitude,column,2,2.0,42,0,0
+ReLU6,magnitude,column,1,2.0,149,0,0
+ReLU6,magnitude,random,0,2.0,81,0,0
+ReLU6,magnitude,column,1,2.0,8,1,0
+ReLU6,magnitude,random,1,2.0,179,0,0
+ReLU6,magnitude,single,0,2.0,143,1,0
+ReLU6,magnitude,block,0,2.0,320,1,0
+ReLU6,magnitude,row,0,2.0,177,1,0
+ReLU6,magnitude,random,1,2.0,85,1,0
+ReLU6,magnitude,column,0,2.0,80,1,0
+ReLU6,magnitude,block,0,2.0,198,1,0
+ReLU6,magnitude,block,1,2.0,290,1,0
+ReLU6,magnitude,block,1,2.0,250,1,0
+ReLU6,magnitude,block,1,2.0,121,1,0
+ReLU6,magnitude,single,3,2.0,316,1,1
+ReLU6,magnitude,block,0,2.0,16,1,0
+ReLU6,magnitude,random,3,2.0,251,0,0
+ReLU6,magnitude,random,0,2.0,80,0,0
+ReLU6,magnitude,single,2,2.0,311,1,0
+ReLU6,magnitude,random,1,2.0,18,1,0
+ReLU6,magnitude,column,2,5.0,105,0,0
+ReLU6,magnitude,random,3,5.0,21,0,0
+ReLU6,magnitude,row,2,5.0,93,1,1
+ReLU6,magnitude,row,3,5.0,21,1,0
+ReLU6,magnitude,random,0,5.0,308,1,0
+ReLU6,magnitude,block,3,5.0,154,1,0
+ReLU6,magnitude,random,2,5.0,90,0,0
+ReLU6,magnitude,random,2,5.0,10,0,0
+ReLU6,magnitude,block,0,5.0,194,1,0
+ReLU6,magnitude,block,2,5.0,267,1,1
+ReLU6,magnitude,single,3,5.0,184,0,0
+ReLU6,magnitude,column,1,5.0,41,1,0
+ReLU6,magnitude,single,1,5.0,260,0,0
+ReLU6,magnitude,row,1,5.0,89,1,1
+ReLU6,magnitude,row,0,5.0,81,1,1
+ReLU6,magnitude,single,0,5.0,143,0,0
+ReLU6,magnitude,single,0,5.0,159,0,0
+ReLU6,magnitude,random,3,5.0,227,1,0
+ReLU6,magnitude,block,3,5.0,73,1,0
+ReLU6,magnitude,row,3,5.0,305,1,0
+ReLU6,magnitude,random,3,5.0,2,1,0
+ReLU6,magnitude,block,0,5.0,79,1,0
+ReLU6,magnitude,single,2,5.0,252,0,0
+ReLU6,magnitude,random,1,5.0,36,1,0
+ReLU6,magnitude,column,2,5.0,35,1,0
+ReLU6,magnitude,random,1,5.0,357,1,0
+ReLU6,magnitude,single,3,5.0,220,1,0
+ReLU6,magnitude,column,3,5.0,324,1,0
+ReLU6,magnitude,column,2,5.0,250,0,0
+ReLU6,magnitude,block,1,5.0,8,1,0
+ReLU6,magnitude,random,3,5.0,268,1,0
+ReLU6,magnitude,block,2,5.0,118,1,1
+ReLU6,magnitude,random,3,5.0,143,1,0
+ReLU6,magnitude,random,3,5.0,325,1,0
+ReLU6,magnitude,row,1,5.0,255,1,0
+ReLU6,magnitude,block,1,5.0,58,1,0
+ReLU6,magnitude,random,0,5.0,162,1,0
+ReLU6,magnitude,single,2,5.0,205,1,0
+ReLU6,magnitude,single,0,5.0,136,1,0
+ReLU6,magnitude,row,3,5.0,20,1,0
+ReLU6,magnitude,single,1,5.0,3,1,0
+ReLU6,magnitude,column,0,5.0,89,0,0
+ReLU6,magnitude,column,1,5.0,95,0,0
+ReLU6,magnitude,row,1,5.0,351,1,0
+ReLU6,magnitude,row,2,5.0,109,1,0
+ReLU6,magnitude,block,2,5.0,24,1,0
+ReLU6,magnitude,single,1,5.0,242,0,0
+ReLU6,magnitude,single,3,5.0,248,0,0
+ReLU6,magnitude,single,3,5.0,231,1,1
+ReLU6,magnitude,single,2,5.0,314,0,0
+ReLU6,magnitude,block,0,10.0,300,1,0
+ReLU6,magnitude,row,2,10.0,233,1,1
+ReLU6,magnitude,column,0,10.0,325,0,0
+ReLU6,magnitude,column,0,10.0,233,0,0
+ReLU6,magnitude,single,1,10.0,304,0,0
+ReLU6,magnitude,row,0,10.0,11,1,1
+ReLU6,magnitude,column,3,10.0,136,1,0
+ReLU6,magnitude,single,3,10.0,161,0,0
+ReLU6,magnitude,block,3,10.0,159,1,0
+ReLU6,magnitude,single,1,10.0,43,1,0
+ReLU6,magnitude,column,0,10.0,352,0,0
+ReLU6,magnitude,single,1,10.0,232,0,0
+ReLU6,magnitude,random,1,10.0,210,0,0
+ReLU6,magnitude,random,1,10.0,291,1,0
+ReLU6,magnitude,column,3,10.0,111,1,0
+ReLU6,magnitude,column,2,10.0,161,1,0
+ReLU6,magnitude,random,2,10.0,103,1,0
+ReLU6,magnitude,random,0,10.0,336,1,0
+ReLU6,magnitude,single,0,10.0,64,0,0
+ReLU6,magnitude,column,1,10.0,196,1,0
+ReLU6,magnitude,single,1,10.0,5,0,0
+ReLU6,magnitude,block,2,10.0,17,1,0
+ReLU6,magnitude,column,1,10.0,310,1,0
+ReLU6,magnitude,block,0,10.0,207,1,0
+ReLU6,magnitude,random,2,10.0,152,1,0
+ReLU6,magnitude,random,1,10.0,85,1,0
+ReLU6,magnitude,column,2,10.0,51,0,0
+ReLU6,magnitude,single,0,10.0,348,1,0
+ReLU6,magnitude,random,1,10.0,0,1,0
+ReLU6,magnitude,column,1,10.0,297,0,0
+ReLU6,magnitude,row,2,10.0,268,1,1
+ReLU6,magnitude,block,2,10.0,316,1,0
+ReLU6,magnitude,row,2,10.0,88,1,1
+ReLU6,magnitude,block,2,10.0,203,1,0
+ReLU6,magnitude,random,1,10.0,72,0,0
+ReLU6,magnitude,column,2,10.0,259,0,0
+ReLU6,magnitude,single,1,10.0,143,1,0
+ReLU6,magnitude,block,0,10.0,195,1,0
+ReLU6,magnitude,row,0,10.0,331,1,1
+ReLU6,magnitude,random,3,10.0,215,0,0
+ReLU6,magnitude,random,3,10.0,212,0,0
+ReLU6,magnitude,block,1,10.0,277,1,0
+ReLU6,magnitude,random,1,10.0,47,1,0
+ReLU6,magnitude,block,0,10.0,142,1,0
+ReLU6,magnitude,column,1,10.0,118,1,0
+ReLU6,magnitude,column,0,10.0,132,1,0
+ReLU6,magnitude,row,3,10.0,164,1,0
+ReLU6,magnitude,column,3,10.0,341,0,0
+ReLU6,magnitude,column,1,10.0,344,1,0
+ReLU6,magnitude,column,3,10.0,191,1,0
+ReLU6,magnitude,single,3,25.0,5,0,0
+ReLU6,magnitude,random,3,25.0,177,0,0
+ReLU6,magnitude,block,1,25.0,0,1,0
+ReLU6,magnitude,single,0,25.0,75,0,0
+ReLU6,magnitude,column,1,25.0,58,0,0
+ReLU6,magnitude,random,0,25.0,202,1,0
+ReLU6,magnitude,random,3,25.0,315,1,0
+ReLU6,magnitude,single,1,25.0,145,0,0
+ReLU6,magnitude,row,1,25.0,214,1,1
+ReLU6,magnitude,row,2,25.0,139,1,1
+ReLU6,magnitude,column,3,25.0,318,1,1
+ReLU6,magnitude,single,2,25.0,160,0,0
+ReLU6,magnitude,single,2,25.0,74,0,0
+ReLU6,magnitude,column,3,25.0,256,1,0
+ReLU6,magnitude,random,3,25.0,241,1,0
+ReLU6,magnitude,block,3,25.0,140,1,1
+ReLU6,magnitude,block,3,25.0,194,1,0
+ReLU6,magnitude,random,3,25.0,104,0,0
+ReLU6,magnitude,column,0,25.0,6,0,0
+ReLU6,magnitude,block,2,25.0,42,1,0
+ReLU6,magnitude,row,0,25.0,83,1,0
+ReLU6,magnitude,column,0,25.0,349,0,0
+ReLU6,magnitude,single,3,25.0,348,1,0
+ReLU6,magnitude,row,0,25.0,50,1,1
+ReLU6,magnitude,block,1,25.0,124,1,1
+ReLU6,magnitude,block,1,25.0,77,1,0
+ReLU6,magnitude,row,3,25.0,210,1,0
+ReLU6,magnitude,column,1,25.0,249,0,0
+ReLU6,magnitude,random,0,25.0,147,0,0
+ReLU6,magnitude,single,0,25.0,344,1,0
+ReLU6,magnitude,single,2,25.0,277,0,0
+ReLU6,magnitude,block,0,25.0,357,1,0
+ReLU6,magnitude,random,3,25.0,160,1,0
+ReLU6,magnitude,block,2,25.0,121,1,0
+ReLU6,magnitude,random,3,25.0,189,0,0
+ReLU6,magnitude,random,1,25.0,2,1,0
+ReLU6,magnitude,random,3,25.0,77,1,0
+ReLU6,magnitude,random,0,25.0,276,1,1
+ReLU6,magnitude,single,2,25.0,341,0,0
+ReLU6,magnitude,block,2,25.0,98,1,0
+ReLU6,magnitude,random,2,25.0,196,0,0
+ReLU6,magnitude,block,1,25.0,347,1,1
+ReLU6,magnitude,single,2,25.0,134,1,0
+ReLU6,magnitude,column,2,25.0,66,0,0
+ReLU6,magnitude,single,0,25.0,0,1,0
+ReLU6,magnitude,random,0,25.0,51,1,1
+ReLU6,magnitude,column,2,25.0,266,0,0
+ReLU6,magnitude,row,1,25.0,260,1,1
+ReLU6,magnitude,column,3,25.0,174,0,0
+ReLU6,magnitude,block,3,25.0,156,1,0
+ReLU6,magnitude,random,2,50.0,88,1,0
+ReLU6,magnitude,single,0,50.0,322,1,0
+ReLU6,magnitude,column,3,50.0,1,1,0
+ReLU6,magnitude,row,0,50.0,273,1,0
+ReLU6,magnitude,block,0,50.0,196,1,0
+ReLU6,magnitude,row,1,50.0,350,1,1
+ReLU6,magnitude,column,0,50.0,290,1,0
+ReLU6,magnitude,single,2,50.0,102,0,0
+ReLU6,magnitude,random,1,50.0,299,1,0
+ReLU6,magnitude,row,0,50.0,113,1,1
+ReLU6,magnitude,random,0,50.0,271,0,0
+ReLU6,magnitude,block,0,50.0,126,1,0
+ReLU6,magnitude,row,1,50.0,294,1,1
+ReLU6,magnitude,block,3,50.0,163,1,0
+ReLU6,magnitude,column,1,50.0,137,0,0
+ReLU6,magnitude,column,0,50.0,141,0,0
+ReLU6,magnitude,single,0,50.0,212,1,0
+ReLU6,magnitude,column,1,50.0,349,1,0
+ReLU6,magnitude,block,2,50.0,101,1,0
+ReLU6,magnitude,single,1,50.0,274,1,0
+ReLU6,magnitude,random,2,50.0,283,0,0
+ReLU6,magnitude,column,0,50.0,18,0,0
+ReLU6,magnitude,random,3,50.0,278,0,0
+ReLU6,magnitude,column,1,50.0,93,0,0
+ReLU6,magnitude,random,2,50.0,325,1,1
+ReLU6,magnitude,block,1,50.0,102,1,1
+ReLU6,magnitude,row,1,50.0,75,1,1
+ReLU6,magnitude,single,1,50.0,118,1,0
+ReLU6,magnitude,block,0,50.0,80,1,0
+ReLU6,magnitude,single,3,50.0,215,1,0
+ReLU6,magnitude,column,0,50.0,345,1,0
+ReLU6,magnitude,single,1,50.0,197,1,0
+ReLU6,magnitude,single,0,50.0,270,0,0
+ReLU6,magnitude,row,2,50.0,151,1,1
+ReLU6,magnitude,block,3,50.0,208,1,0
+ReLU6,magnitude,column,2,50.0,41,1,0
+ReLU6,magnitude,random,3,50.0,184,0,0
+ReLU6,magnitude,column,3,50.0,192,0,0
+ReLU6,magnitude,single,3,50.0,307,1,0
+ReLU6,magnitude,column,1,50.0,260,1,0
+ReLU6,magnitude,row,2,50.0,338,1,0
+ReLU6,magnitude,block,2,50.0,269,1,0
+ReLU6,magnitude,single,2,50.0,143,1,0
+ReLU6,magnitude,column,1,50.0,327,1,0
+ReLU6,magnitude,block,2,50.0,124,1,1
+ReLU6,magnitude,random,1,50.0,96,1,0
+ReLU6,magnitude,block,2,50.0,235,1,0
+ReLU6,magnitude,column,0,50.0,45,1,0
+ReLU6,magnitude,row,2,50.0,12,1,1
+ReLU6,magnitude,single,1,50.0,167,1,0
+ReLU6,magnitude,row,1,100.0,27,1,1
+ReLU6,magnitude,column,1,100.0,167,1,0
+ReLU6,magnitude,row,2,100.0,136,1,1
+ReLU6,magnitude,random,1,100.0,317,1,0
+ReLU6,magnitude,random,1,100.0,39,1,0
+ReLU6,magnitude,column,1,100.0,152,1,0
+ReLU6,magnitude,column,2,100.0,214,0,0
+ReLU6,magnitude,random,1,100.0,40,1,0
+ReLU6,magnitude,column,2,100.0,283,0,0
+ReLU6,magnitude,random,2,100.0,53,1,0
+ReLU6,magnitude,random,0,100.0,38,0,0
+ReLU6,magnitude,random,0,100.0,53,1,0
+ReLU6,magnitude,column,3,100.0,157,1,0
+ReLU6,magnitude,row,1,100.0,167,1,1
+ReLU6,magnitude,column,1,100.0,329,0,0
+ReLU6,magnitude,row,2,100.0,150,1,0
+ReLU6,magnitude,single,1,100.0,278,0,0
+ReLU6,magnitude,single,3,100.0,322,0,0
+ReLU6,magnitude,single,1,100.0,104,0,0
+ReLU6,magnitude,row,1,100.0,245,1,1
+ReLU6,magnitude,block,2,100.0,20,1,0
+ReLU6,magnitude,column,2,100.0,328,1,0
+ReLU6,magnitude,block,1,100.0,155,1,0
+ReLU6,magnitude,random,2,100.0,1,1,0
+ReLU6,magnitude,column,0,100.0,312,1,0
+ReLU6,magnitude,column,0,100.0,265,1,0
+ReLU6,magnitude,random,3,100.0,25,1,0
+ReLU6,magnitude,row,2,100.0,345,1,1
+ReLU6,magnitude,random,0,100.0,59,1,0
+ReLU6,magnitude,random,1,100.0,88,1,0
+ReLU6,magnitude,single,3,100.0,39,1,1
+ReLU6,magnitude,row,2,100.0,203,1,0
+ReLU6,magnitude,single,3,100.0,97,1,1
+ReLU6,magnitude,column,2,100.0,29,1,0
+ReLU6,magnitude,column,1,100.0,332,1,0
+ReLU6,magnitude,row,1,100.0,299,1,1
+ReLU6,magnitude,column,3,100.0,143,1,0
+ReLU6,magnitude,single,3,100.0,353,1,0
+ReLU6,magnitude,row,2,100.0,251,1,1
+ReLU6,magnitude,block,3,100.0,28,1,1
+ReLU6,magnitude,random,2,100.0,256,1,0
+ReLU6,magnitude,block,0,100.0,261,1,0
+ReLU6,magnitude,column,3,100.0,187,1,0
+ReLU6,magnitude,random,0,100.0,229,0,0
+ReLU6,magnitude,block,2,100.0,77,1,0
+ReLU6,magnitude,random,3,100.0,290,1,0
+ReLU6,magnitude,block,1,100.0,224,1,0
+ReLU6,magnitude,row,2,100.0,301,1,0
+ReLU6,magnitude,random,0,100.0,196,0,0
+ReLU6,magnitude,block,2,100.0,66,1,0
+ReLU6,magnitude,column,0,500.0,100,1,0
+ReLU6,magnitude,column,2,500.0,134,1,0
+ReLU6,magnitude,row,0,500.0,244,1,0
+ReLU6,magnitude,random,0,500.0,96,0,0
+ReLU6,magnitude,block,1,500.0,287,1,0
+ReLU6,magnitude,column,1,500.0,31,0,0
+ReLU6,magnitude,single,2,500.0,36,1,0
+ReLU6,magnitude,random,3,500.0,192,1,0
+ReLU6,magnitude,block,3,500.0,66,1,0
+ReLU6,magnitude,row,0,500.0,176,1,0
+ReLU6,magnitude,block,0,500.0,79,1,0
+ReLU6,magnitude,column,3,500.0,312,0,0
+ReLU6,magnitude,single,2,500.0,239,1,0
+ReLU6,magnitude,random,1,500.0,27,1,1
+ReLU6,magnitude,single,2,500.0,171,0,0
+ReLU6,magnitude,random,2,500.0,245,0,0
+ReLU6,magnitude,row,3,500.0,339,1,0
+ReLU6,magnitude,column,0,500.0,161,1,0
+ReLU6,magnitude,random,3,500.0,216,0,0
+ReLU6,magnitude,block,0,500.0,216,1,0
+ReLU6,magnitude,single,3,500.0,297,1,0
+ReLU6,magnitude,single,3,500.0,251,0,0
+ReLU6,magnitude,row,0,500.0,204,1,0
+ReLU6,magnitude,row,3,500.0,121,1,0
+ReLU6,magnitude,block,2,500.0,158,1,0
+ReLU6,magnitude,column,0,500.0,241,1,0
+ReLU6,magnitude,row,0,500.0,278,1,0
+ReLU6,magnitude,column,0,500.0,314,1,0
+ReLU6,magnitude,block,3,500.0,329,1,0
+ReLU6,magnitude,row,2,500.0,121,1,0
+ReLU6,magnitude,single,2,500.0,222,1,0
+ReLU6,magnitude,block,1,500.0,128,1,1
+ReLU6,magnitude,column,2,500.0,152,0,0
+ReLU6,magnitude,single,2,500.0,296,1,0
+ReLU6,magnitude,single,0,500.0,243,1,0
+ReLU6,magnitude,single,3,500.0,272,1,0
+ReLU6,magnitude,random,0,500.0,96,0,0
+ReLU6,magnitude,column,2,500.0,328,1,0
+ReLU6,magnitude,column,2,500.0,66,1,0
+ReLU6,magnitude,random,1,500.0,319,1,0
+ReLU6,magnitude,random,0,500.0,196,1,0
+ReLU6,magnitude,column,1,500.0,223,1,0
+ReLU6,magnitude,column,1,500.0,343,1,0
+ReLU6,magnitude,single,0,500.0,86,1,0
+ReLU6,magnitude,single,3,500.0,74,1,0
+ReLU6,magnitude,random,1,500.0,187,1,0
+ReLU6,magnitude,block,3,500.0,138,1,1
+ReLU6,magnitude,random,2,500.0,356,1,0
+ReLU6,magnitude,block,2,500.0,258,1,0
+ReLU6,magnitude,block,1,500.0,298,1,0
+ReLU6+OrderInv,application,single,2,100.0,73,0,0
+ReLU6+OrderInv,application,single,1,5.0,294,0,0
+ReLU6+OrderInv,application,single,2,5.0,181,1,0
+ReLU6+OrderInv,application,single,1,5.0,179,1,0
+ReLU6+OrderInv,application,single,2,1.5,67,0,0
+ReLU6+OrderInv,application,single,3,50.0,323,1,0
+ReLU6+OrderInv,application,single,0,50.0,285,0,0
+ReLU6+OrderInv,application,single,2,1.5,54,0,0
+ReLU6+OrderInv,application,single,0,100.0,154,0,0
+ReLU6+OrderInv,application,single,2,5.0,308,1,0
+ReLU6+OrderInv,application,single,3,100.0,166,0,0
+ReLU6+OrderInv,application,single,2,100.0,251,0,0
+ReLU6+OrderInv,application,single,0,100.0,126,0,0
+ReLU6+OrderInv,application,single,1,50.0,354,0,0
+ReLU6+OrderInv,application,single,3,1.5,46,1,0
+ReLU6+OrderInv,application,single,0,5.0,42,0,0
+ReLU6+OrderInv,application,single,3,100.0,243,0,0
+ReLU6+OrderInv,application,single,0,1.5,302,0,0
+ReLU6+OrderInv,application,single,1,50.0,171,1,0
+ReLU6+OrderInv,application,single,0,1.5,208,1,0
+ReLU6+OrderInv,application,single,2,50.0,202,0,0
+ReLU6+OrderInv,application,single,1,1.5,79,0,0
+ReLU6+OrderInv,application,single,2,50.0,256,1,0
+ReLU6+OrderInv,application,single,2,10.0,309,0,0
+ReLU6+OrderInv,application,single,2,1.5,134,1,0
+ReLU6+OrderInv,application,single,2,100.0,285,0,0
+ReLU6+OrderInv,application,single,3,5.0,50,1,0
+ReLU6+OrderInv,application,single,2,5.0,336,0,0
+ReLU6+OrderInv,application,single,1,1.5,114,1,0
+ReLU6+OrderInv,application,single,0,10.0,14,1,0
+ReLU6+OrderInv,application,single,0,10.0,92,1,0
+ReLU6+OrderInv,application,single,2,1.5,170,0,0
+ReLU6+OrderInv,application,single,0,10.0,50,1,0
+ReLU6+OrderInv,application,single,1,5.0,122,1,0
+ReLU6+OrderInv,application,single,1,50.0,307,0,0
+ReLU6+OrderInv,application,single,2,1.5,119,0,0
+ReLU6+OrderInv,application,single,0,50.0,155,0,0
+ReLU6+OrderInv,application,single,0,10.0,268,0,0
+ReLU6+OrderInv,application,single,3,10.0,246,0,0
+ReLU6+OrderInv,application,single,2,5.0,206,1,0
+ReLU6+OrderInv,application,single,2,100.0,122,0,0
+ReLU6+OrderInv,application,single,3,10.0,67,1,0
+ReLU6+OrderInv,application,single,3,5.0,165,0,0
+ReLU6+OrderInv,application,single,2,1.5,314,0,0
+ReLU6+OrderInv,application,single,2,50.0,165,1,0
+ReLU6+OrderInv,application,single,2,10.0,58,1,0
+ReLU6+OrderInv,application,single,0,5.0,243,0,0
+ReLU6+OrderInv,application,single,2,1.5,333,0,0
+ReLU6+OrderInv,application,single,1,1.5,274,0,0
+ReLU6+OrderInv,application,single,1,100.0,51,0,0
+ReLU6+OrderInv,application,single,0,1.5,250,0,0
+ReLU6+OrderInv,application,single,0,10.0,6,0,0
+ReLU6+OrderInv,application,single,3,50.0,47,0,0
+ReLU6+OrderInv,application,single,1,50.0,166,0,0
+ReLU6+OrderInv,application,single,2,10.0,17,1,0
+ReLU6+OrderInv,application,single,3,5.0,259,0,0
+ReLU6+OrderInv,application,single,1,5.0,23,0,0
+ReLU6+OrderInv,application,single,0,10.0,210,0,0
+ReLU6+OrderInv,application,single,0,5.0,281,0,0
+ReLU6+OrderInv,application,single,2,5.0,141,0,0
+ReLU6+OrderInv,application,single,0,100.0,300,1,0
+ReLU6+OrderInv,application,single,0,5.0,312,0,0
+ReLU6+OrderInv,application,single,1,1.5,232,0,0
+ReLU6+OrderInv,application,single,1,1.5,139,0,0
+ReLU6+OrderInv,application,single,1,5.0,135,1,0
+ReLU6+OrderInv,application,single,1,100.0,212,1,0
+ReLU6+OrderInv,application,single,2,10.0,353,0,0
+ReLU6+OrderInv,application,single,0,1.5,309,0,0
+ReLU6+OrderInv,application,single,0,100.0,144,1,0
+ReLU6+OrderInv,application,single,2,5.0,140,0,0
+ReLU6+OrderInv,application,single,2,1.5,230,0,0
+ReLU6+OrderInv,application,single,3,1.5,351,1,0
+ReLU6+OrderInv,application,single,1,10.0,184,0,0
+ReLU6+OrderInv,application,single,2,5.0,290,1,0
+ReLU6+OrderInv,application,single,3,50.0,277,1,0
+ReLU6+OrderInv,application,single,1,100.0,358,1,0
+ReLU6+OrderInv,application,single,2,5.0,51,1,0
+ReLU6+OrderInv,application,single,1,5.0,4,0,0
+ReLU6+OrderInv,application,single,2,1.5,66,1,0
+ReLU6+OrderInv,application,single,2,50.0,261,0,0
+ReLU6+OrderInv,application,single,2,5.0,305,0,0
+ReLU6+OrderInv,application,single,0,50.0,240,1,0
+ReLU6+OrderInv,application,single,0,5.0,329,0,0
+ReLU6+OrderInv,application,single,1,10.0,42,0,0
+ReLU6+OrderInv,application,single,2,1.5,28,1,0
+ReLU6+OrderInv,application,single,2,50.0,292,1,0
+ReLU6+OrderInv,application,single,1,50.0,198,0,0
+ReLU6+OrderInv,application,single,3,5.0,185,0,0
+ReLU6+OrderInv,application,single,2,50.0,215,0,0
+ReLU6+OrderInv,application,single,0,50.0,276,1,0
+ReLU6+OrderInv,application,single,0,10.0,125,0,0
+ReLU6+OrderInv,application,single,2,100.0,287,0,0
+ReLU6+OrderInv,application,single,2,5.0,261,1,0
+ReLU6+OrderInv,application,single,3,50.0,181,1,0
+ReLU6+OrderInv,application,single,2,10.0,297,0,0
+ReLU6+OrderInv,application,single,0,1.5,54,0,0
+ReLU6+OrderInv,application,single,2,5.0,351,0,0
+ReLU6+OrderInv,application,single,0,50.0,264,0,0
+ReLU6+OrderInv,application,single,0,10.0,192,1,0
+ReLU6+OrderInv,application,single,1,5.0,328,1,0
+ReLU6+OrderInv,application,random,0,10.0,109,0,0
+ReLU6+OrderInv,application,random,1,1.5,164,1,0
+ReLU6+OrderInv,application,random,3,1.5,168,0,0
+ReLU6+OrderInv,application,random,1,50.0,126,0,0
+ReLU6+OrderInv,application,random,2,100.0,37,0,0
+ReLU6+OrderInv,application,random,1,5.0,150,1,0
+ReLU6+OrderInv,application,random,3,10.0,16,1,0
+ReLU6+OrderInv,application,random,2,100.0,180,0,0
+ReLU6+OrderInv,application,random,0,10.0,338,1,0
+ReLU6+OrderInv,application,random,2,10.0,324,1,0
+ReLU6+OrderInv,application,random,0,50.0,243,0,0
+ReLU6+OrderInv,application,random,0,50.0,352,0,0
+ReLU6+OrderInv,application,random,0,100.0,325,1,0
+ReLU6+OrderInv,application,random,2,1.5,88,0,0
+ReLU6+OrderInv,application,random,2,50.0,114,0,0
+ReLU6+OrderInv,application,random,2,1.5,276,1,0
+ReLU6+OrderInv,application,random,2,50.0,64,0,0
+ReLU6+OrderInv,application,random,2,100.0,242,0,0
+ReLU6+OrderInv,application,random,0,100.0,48,1,0
+ReLU6+OrderInv,application,random,3,50.0,224,1,0
+ReLU6+OrderInv,application,random,1,50.0,239,0,0
+ReLU6+OrderInv,application,random,0,5.0,29,0,0
+ReLU6+OrderInv,application,random,0,5.0,261,0,0
+ReLU6+OrderInv,application,random,3,1.5,225,0,0
+ReLU6+OrderInv,application,random,2,100.0,284,0,0
+ReLU6+OrderInv,application,random,2,50.0,68,0,0
+ReLU6+OrderInv,application,random,3,10.0,182,0,0
+ReLU6+OrderInv,application,random,1,50.0,44,0,0
+ReLU6+OrderInv,application,random,1,5.0,352,1,0
+ReLU6+OrderInv,application,random,0,50.0,163,1,0
+ReLU6+OrderInv,application,random,3,100.0,312,1,0
+ReLU6+OrderInv,application,random,2,100.0,31,0,0
+ReLU6+OrderInv,application,random,2,5.0,340,1,0
+ReLU6+OrderInv,application,random,0,10.0,253,1,0
+ReLU6+OrderInv,application,random,1,100.0,231,1,0
+ReLU6+OrderInv,application,random,1,10.0,190,0,0
+ReLU6+OrderInv,application,random,0,100.0,67,1,0
+ReLU6+OrderInv,application,random,1,5.0,62,0,0
+ReLU6+OrderInv,application,random,3,100.0,160,0,0
+ReLU6+OrderInv,application,random,3,10.0,96,1,0
+ReLU6+OrderInv,application,random,1,100.0,206,1,0
+ReLU6+OrderInv,application,random,0,50.0,152,1,0
+ReLU6+OrderInv,application,random,2,10.0,346,1,0
+ReLU6+OrderInv,application,random,2,10.0,189,0,0
+ReLU6+OrderInv,application,random,3,50.0,313,1,0
+ReLU6+OrderInv,application,random,3,5.0,97,0,0
+ReLU6+OrderInv,application,random,3,5.0,323,0,0
+ReLU6+OrderInv,application,random,0,5.0,177,1,0
+ReLU6+OrderInv,application,random,0,5.0,274,0,0
+ReLU6+OrderInv,application,random,3,5.0,151,1,0
+ReLU6+OrderInv,application,random,0,5.0,114,1,0
+ReLU6+OrderInv,application,random,2,5.0,357,0,0
+ReLU6+OrderInv,application,random,3,10.0,244,1,0
+ReLU6+OrderInv,application,random,3,50.0,98,0,0
+ReLU6+OrderInv,application,random,1,100.0,156,1,0
+ReLU6+OrderInv,application,random,0,5.0,223,1,0
+ReLU6+OrderInv,application,random,3,10.0,348,1,0
+ReLU6+OrderInv,application,random,2,5.0,283,0,0
+ReLU6+OrderInv,application,random,1,100.0,85,1,0
+ReLU6+OrderInv,application,random,1,100.0,329,1,0
+ReLU6+OrderInv,application,random,3,1.5,206,0,0
+ReLU6+OrderInv,application,random,3,1.5,227,0,0
+ReLU6+OrderInv,application,random,3,100.0,14,0,0
+ReLU6+OrderInv,application,random,0,5.0,135,1,0
+ReLU6+OrderInv,application,random,0,5.0,250,1,0
+ReLU6+OrderInv,application,random,2,1.5,86,1,0
+ReLU6+OrderInv,application,random,3,1.5,258,0,0
+ReLU6+OrderInv,application,random,1,10.0,109,0,0
+ReLU6+OrderInv,application,random,2,5.0,338,0,0
+ReLU6+OrderInv,application,random,3,10.0,261,1,0
+ReLU6+OrderInv,application,random,0,5.0,253,0,0
+ReLU6+OrderInv,application,random,2,5.0,141,0,0
+ReLU6+OrderInv,application,random,2,5.0,166,1,0
+ReLU6+OrderInv,application,random,0,10.0,257,1,0
+ReLU6+OrderInv,application,random,0,50.0,295,0,0
+ReLU6+OrderInv,application,random,3,50.0,336,0,0
+ReLU6+OrderInv,application,random,3,1.5,301,0,0
+ReLU6+OrderInv,application,random,2,10.0,323,0,0
+ReLU6+OrderInv,application,random,1,10.0,351,1,0
+ReLU6+OrderInv,application,random,1,100.0,355,1,0
+ReLU6+OrderInv,application,random,2,1.5,12,1,0
+ReLU6+OrderInv,application,random,1,1.5,181,1,0
+ReLU6+OrderInv,application,random,1,10.0,280,0,0
+ReLU6+OrderInv,application,random,0,1.5,122,0,0
+ReLU6+OrderInv,application,random,3,10.0,5,0,0
+ReLU6+OrderInv,application,random,1,10.0,179,0,0
+ReLU6+OrderInv,application,random,3,5.0,297,0,0
+ReLU6+OrderInv,application,random,2,1.5,75,0,0
+ReLU6+OrderInv,application,random,2,5.0,87,0,0
+ReLU6+OrderInv,application,random,3,1.5,22,0,0
+ReLU6+OrderInv,application,random,3,100.0,341,1,0
+ReLU6+OrderInv,application,random,1,10.0,2,1,0
+ReLU6+OrderInv,application,random,1,5.0,163,0,0
+ReLU6+OrderInv,application,random,3,5.0,280,0,0
+ReLU6+OrderInv,application,random,1,100.0,74,1,0
+ReLU6+OrderInv,application,random,3,100.0,101,0,0
+ReLU6+OrderInv,application,random,3,100.0,296,1,0
+ReLU6+OrderInv,application,random,1,50.0,209,0,0
+ReLU6+OrderInv,application,random,1,5.0,33,1,0
+ReLU6+OrderInv,application,random,0,5.0,123,1,0
+ReLU6+OrderInv,application,row,2,100.0,121,1,0
+ReLU6+OrderInv,application,row,3,5.0,111,1,0
+ReLU6+OrderInv,application,row,0,50.0,136,1,0
+ReLU6+OrderInv,application,row,0,1.5,261,1,0
+ReLU6+OrderInv,application,row,2,50.0,274,1,0
+ReLU6+OrderInv,application,row,3,1.5,260,1,0
+ReLU6+OrderInv,application,row,1,5.0,128,1,0
+ReLU6+OrderInv,application,row,0,50.0,325,1,0
+ReLU6+OrderInv,application,row,2,5.0,265,1,0
+ReLU6+OrderInv,application,row,0,10.0,165,1,0
+ReLU6+OrderInv,application,row,3,50.0,34,1,0
+ReLU6+OrderInv,application,row,0,50.0,222,1,0
+ReLU6+OrderInv,application,row,2,50.0,162,1,0
+ReLU6+OrderInv,application,row,1,10.0,188,1,0
+ReLU6+OrderInv,application,row,0,10.0,257,1,0
+ReLU6+OrderInv,application,row,1,1.5,2,1,0
+ReLU6+OrderInv,application,row,3,1.5,28,1,0
+ReLU6+OrderInv,application,row,0,10.0,275,1,0
+ReLU6+OrderInv,application,row,3,10.0,1,1,0
+ReLU6+OrderInv,application,row,2,5.0,150,1,0
+ReLU6+OrderInv,application,row,3,10.0,322,1,0
+ReLU6+OrderInv,application,row,0,100.0,109,1,0
+ReLU6+OrderInv,application,row,0,50.0,55,1,0
+ReLU6+OrderInv,application,row,2,5.0,329,1,0
+ReLU6+OrderInv,application,row,3,10.0,191,1,0
+ReLU6+OrderInv,application,row,0,100.0,212,1,0
+ReLU6+OrderInv,application,row,3,1.5,286,1,0
+ReLU6+OrderInv,application,row,1,50.0,127,1,0
+ReLU6+OrderInv,application,row,1,100.0,288,1,0
+ReLU6+OrderInv,application,row,3,100.0,315,1,0
+ReLU6+OrderInv,application,row,2,1.5,356,1,0
+ReLU6+OrderInv,application,row,3,10.0,348,1,0
+ReLU6+OrderInv,application,row,0,5.0,197,1,0
+ReLU6+OrderInv,application,row,1,5.0,187,1,0
+ReLU6+OrderInv,application,row,0,5.0,101,1,0
+ReLU6+OrderInv,application,row,0,10.0,2,1,1
+ReLU6+OrderInv,application,row,3,5.0,345,1,0
+ReLU6+OrderInv,application,row,3,10.0,146,1,0
+ReLU6+OrderInv,application,row,0,1.5,359,1,0
+ReLU6+OrderInv,application,row,3,50.0,111,1,0
+ReLU6+OrderInv,application,row,1,50.0,61,1,0
+ReLU6+OrderInv,application,row,3,50.0,359,1,0
+ReLU6+OrderInv,application,row,3,10.0,13,1,0
+ReLU6+OrderInv,application,row,1,10.0,325,1,0
+ReLU6+OrderInv,application,row,2,10.0,128,1,0
+ReLU6+OrderInv,application,row,2,100.0,346,1,0
+ReLU6+OrderInv,application,row,1,1.5,166,1,0
+ReLU6+OrderInv,application,row,1,100.0,21,1,0
+ReLU6+OrderInv,application,row,3,50.0,188,1,0
+ReLU6+OrderInv,application,row,1,1.5,143,1,0
+ReLU6+OrderInv,application,row,3,10.0,224,1,0
+ReLU6+OrderInv,application,row,3,50.0,297,1,0
+ReLU6+OrderInv,application,row,1,10.0,145,1,0
+ReLU6+OrderInv,application,row,3,100.0,183,1,0
+ReLU6+OrderInv,application,row,2,50.0,314,1,0
+ReLU6+OrderInv,application,row,1,50.0,251,1,0
+ReLU6+OrderInv,application,row,3,5.0,183,1,0
+ReLU6+OrderInv,application,row,0,1.5,250,1,0
+ReLU6+OrderInv,application,row,0,100.0,315,1,0
+ReLU6+OrderInv,application,row,2,10.0,62,1,0
+ReLU6+OrderInv,application,row,0,1.5,319,1,0
+ReLU6+OrderInv,application,row,1,5.0,89,1,0
+ReLU6+OrderInv,application,row,2,1.5,117,1,0
+ReLU6+OrderInv,application,row,3,1.5,63,1,0
+ReLU6+OrderInv,application,row,0,10.0,140,1,0
+ReLU6+OrderInv,application,row,2,1.5,72,1,0
+ReLU6+OrderInv,application,row,2,5.0,146,1,0
+ReLU6+OrderInv,application,row,1,1.5,200,1,0
+ReLU6+OrderInv,application,row,3,10.0,252,1,0
+ReLU6+OrderInv,application,row,0,100.0,307,1,0
+ReLU6+OrderInv,application,row,3,100.0,212,1,0
+ReLU6+OrderInv,application,row,1,5.0,155,1,0
+ReLU6+OrderInv,application,row,0,50.0,206,1,0
+ReLU6+OrderInv,application,row,3,5.0,53,1,0
+ReLU6+OrderInv,application,row,0,100.0,104,1,0
+ReLU6+OrderInv,application,row,0,100.0,328,1,0
+ReLU6+OrderInv,application,row,3,100.0,274,1,0
+ReLU6+OrderInv,application,row,2,5.0,98,1,0
+ReLU6+OrderInv,application,row,0,50.0,269,1,0
+ReLU6+OrderInv,application,row,2,50.0,226,1,0
+ReLU6+OrderInv,application,row,0,10.0,227,1,0
+ReLU6+OrderInv,application,row,0,5.0,335,1,0
+ReLU6+OrderInv,application,row,2,5.0,336,1,0
+ReLU6+OrderInv,application,row,2,10.0,99,1,0
+ReLU6+OrderInv,application,row,3,5.0,126,1,0
+ReLU6+OrderInv,application,row,1,1.5,173,1,0
+ReLU6+OrderInv,application,row,3,1.5,103,1,0
+ReLU6+OrderInv,application,row,0,50.0,51,1,1
+ReLU6+OrderInv,application,row,1,50.0,238,1,0
+ReLU6+OrderInv,application,row,1,100.0,352,1,0
+ReLU6+OrderInv,application,row,0,10.0,61,1,0
+ReLU6+OrderInv,application,row,0,5.0,92,1,0
+ReLU6+OrderInv,application,row,0,1.5,214,1,0
+ReLU6+OrderInv,application,row,2,10.0,261,1,0
+ReLU6+OrderInv,application,row,0,10.0,251,1,0
+ReLU6+OrderInv,application,row,0,5.0,208,1,0
+ReLU6+OrderInv,application,row,2,50.0,216,1,0
+ReLU6+OrderInv,application,row,3,10.0,153,1,0
+ReLU6+OrderInv,application,row,1,5.0,341,1,0
+ReLU6+OrderInv,application,row,0,5.0,288,1,0
+ReLU6+OrderInv,application,column,3,50.0,59,1,0
+ReLU6+OrderInv,application,column,3,50.0,351,0,0
+ReLU6+OrderInv,application,column,1,10.0,256,1,0
+ReLU6+OrderInv,application,column,0,50.0,240,0,0
+ReLU6+OrderInv,application,column,3,10.0,109,0,0
+ReLU6+OrderInv,application,column,1,10.0,127,1,0
+ReLU6+OrderInv,application,column,3,5.0,263,1,0
+ReLU6+OrderInv,application,column,0,1.5,346,0,0
+ReLU6+OrderInv,application,column,0,10.0,184,0,0
+ReLU6+OrderInv,application,column,2,1.5,183,0,0
+ReLU6+OrderInv,application,column,3,1.5,215,0,0
+ReLU6+OrderInv,application,column,0,1.5,259,0,0
+ReLU6+OrderInv,application,column,2,10.0,158,0,0
+ReLU6+OrderInv,application,column,2,5.0,247,0,0
+ReLU6+OrderInv,application,column,3,1.5,86,1,0
+ReLU6+OrderInv,application,column,1,5.0,332,0,0
+ReLU6+OrderInv,application,column,3,100.0,34,1,0
+ReLU6+OrderInv,application,column,2,5.0,17,1,0
+ReLU6+OrderInv,application,column,2,5.0,60,0,0
+ReLU6+OrderInv,application,column,2,10.0,92,0,0
+ReLU6+OrderInv,application,column,0,1.5,110,1,0
+ReLU6+OrderInv,application,column,2,1.5,157,1,0
+ReLU6+OrderInv,application,column,0,100.0,61,1,0
+ReLU6+OrderInv,application,column,3,1.5,94,1,0
+ReLU6+OrderInv,application,column,3,50.0,158,0,0
+ReLU6+OrderInv,application,column,3,5.0,124,1,1
+ReLU6+OrderInv,application,column,0,5.0,303,0,0
+ReLU6+OrderInv,application,column,3,5.0,316,0,0
+ReLU6+OrderInv,application,column,1,1.5,248,0,0
+ReLU6+OrderInv,application,column,2,10.0,277,1,0
+ReLU6+OrderInv,application,column,2,50.0,166,0,0
+ReLU6+OrderInv,application,column,1,10.0,285,1,0
+ReLU6+OrderInv,application,column,1,1.5,324,0,0
+ReLU6+OrderInv,application,column,3,5.0,29,0,0
+ReLU6+OrderInv,application,column,3,50.0,321,1,0
+ReLU6+OrderInv,application,column,3,5.0,186,1,0
+ReLU6+OrderInv,application,column,0,100.0,240,1,0
+ReLU6+OrderInv,application,column,0,100.0,280,0,0
+ReLU6+OrderInv,application,column,3,50.0,328,0,0
+ReLU6+OrderInv,application,column,2,5.0,234,0,0
+ReLU6+OrderInv,application,column,3,100.0,48,1,0
+ReLU6+OrderInv,application,column,2,100.0,160,1,0
+ReLU6+OrderInv,application,column,0,5.0,49,1,0
+ReLU6+OrderInv,application,column,3,10.0,2,0,0
+ReLU6+OrderInv,application,column,1,5.0,283,0,0
+ReLU6+OrderInv,application,column,0,1.5,80,1,0
+ReLU6+OrderInv,application,column,1,10.0,197,0,0
+ReLU6+OrderInv,application,column,2,1.5,24,0,0
+ReLU6+OrderInv,application,column,3,50.0,263,0,0
+ReLU6+OrderInv,application,column,3,1.5,209,0,0
+ReLU6+OrderInv,application,column,1,10.0,111,0,0
+ReLU6+OrderInv,application,column,0,5.0,175,0,0
+ReLU6+OrderInv,application,column,3,10.0,212,1,0
+ReLU6+OrderInv,application,column,3,100.0,160,1,0
+ReLU6+OrderInv,application,column,3,100.0,96,0,0
+ReLU6+OrderInv,application,column,2,1.5,52,1,0
+ReLU6+OrderInv,application,column,0,10.0,187,1,0
+ReLU6+OrderInv,application,column,2,50.0,47,0,0
+ReLU6+OrderInv,application,column,2,5.0,237,1,0
+ReLU6+OrderInv,application,column,0,50.0,49,0,0
+ReLU6+OrderInv,application,column,1,1.5,186,1,0
+ReLU6+OrderInv,application,column,2,1.5,304,0,0
+ReLU6+OrderInv,application,column,3,100.0,248,0,0
+ReLU6+OrderInv,application,column,0,50.0,245,0,0
+ReLU6+OrderInv,application,column,1,1.5,24,0,0
+ReLU6+OrderInv,application,column,2,1.5,8,0,0
+ReLU6+OrderInv,application,column,0,5.0,326,0,0
+ReLU6+OrderInv,application,column,0,50.0,76,0,0
+ReLU6+OrderInv,application,column,0,1.5,140,1,0
+ReLU6+OrderInv,application,column,2,10.0,316,1,0
+ReLU6+OrderInv,application,column,3,5.0,44,1,0
+ReLU6+OrderInv,application,column,2,10.0,76,1,0
+ReLU6+OrderInv,application,column,1,100.0,358,0,0
+ReLU6+OrderInv,application,column,3,50.0,265,0,0
+ReLU6+OrderInv,application,column,1,5.0,94,0,0
+ReLU6+OrderInv,application,column,3,50.0,174,1,0
+ReLU6+OrderInv,application,column,0,1.5,152,0,0
+ReLU6+OrderInv,application,column,3,100.0,354,0,0
+ReLU6+OrderInv,application,column,2,50.0,186,1,0
+ReLU6+OrderInv,application,column,1,50.0,130,1,0
+ReLU6+OrderInv,application,column,2,100.0,114,0,0
+ReLU6+OrderInv,application,column,2,1.5,186,1,0
+ReLU6+OrderInv,application,column,1,5.0,217,1,0
+ReLU6+OrderInv,application,column,0,10.0,310,1,0
+ReLU6+OrderInv,application,column,3,1.5,315,0,0
+ReLU6+OrderInv,application,column,3,5.0,157,1,0
+ReLU6+OrderInv,application,column,3,1.5,289,1,0
+ReLU6+OrderInv,application,column,2,1.5,163,0,0
+ReLU6+OrderInv,application,column,1,10.0,153,1,0
+ReLU6+OrderInv,application,column,3,1.5,251,0,0
+ReLU6+OrderInv,application,column,2,100.0,91,1,0
+ReLU6+OrderInv,application,column,0,5.0,353,0,0
+ReLU6+OrderInv,application,column,1,1.5,207,0,0
+ReLU6+OrderInv,application,column,1,50.0,95,0,0
+ReLU6+OrderInv,application,column,2,5.0,132,1,0
+ReLU6+OrderInv,application,column,0,100.0,118,1,0
+ReLU6+OrderInv,application,column,2,5.0,54,0,0
+ReLU6+OrderInv,application,column,0,1.5,257,0,0
+ReLU6+OrderInv,application,column,0,5.0,209,0,0
+ReLU6+OrderInv,application,column,0,50.0,145,0,0
+ReLU6+OrderInv,application,block,2,1.5,102,1,0
+ReLU6+OrderInv,application,block,2,1.5,157,1,0
+ReLU6+OrderInv,application,block,3,5.0,265,1,0
+ReLU6+OrderInv,application,block,3,5.0,332,1,0
+ReLU6+OrderInv,application,block,1,100.0,248,1,0
+ReLU6+OrderInv,application,block,0,1.5,184,1,0
+ReLU6+OrderInv,application,block,0,10.0,216,1,0
+ReLU6+OrderInv,application,block,0,5.0,23,1,0
+ReLU6+OrderInv,application,block,0,100.0,117,1,0
+ReLU6+OrderInv,application,block,3,1.5,61,1,0
+ReLU6+OrderInv,application,block,0,1.5,142,1,0
+ReLU6+OrderInv,application,block,2,100.0,115,1,0
+ReLU6+OrderInv,application,block,1,10.0,249,1,0
+ReLU6+OrderInv,application,block,1,1.5,332,1,0
+ReLU6+OrderInv,application,block,3,50.0,17,1,0
+ReLU6+OrderInv,application,block,1,5.0,34,1,0
+ReLU6+OrderInv,application,block,0,100.0,141,1,0
+ReLU6+OrderInv,application,block,2,5.0,84,1,0
+ReLU6+OrderInv,application,block,0,5.0,215,1,0
+ReLU6+OrderInv,application,block,0,50.0,80,1,0
+ReLU6+OrderInv,application,block,2,10.0,311,1,0
+ReLU6+OrderInv,application,block,0,100.0,320,1,0
+ReLU6+OrderInv,application,block,0,1.5,222,1,0
+ReLU6+OrderInv,application,block,1,10.0,294,1,0
+ReLU6+OrderInv,application,block,0,5.0,67,1,1
+ReLU6+OrderInv,application,block,2,50.0,336,1,0
+ReLU6+OrderInv,application,block,2,10.0,106,1,0
+ReLU6+OrderInv,application,block,1,100.0,229,1,0
+ReLU6+OrderInv,application,block,2,1.5,262,1,0
+ReLU6+OrderInv,application,block,3,5.0,203,1,0
+ReLU6+OrderInv,application,block,2,1.5,181,1,0
+ReLU6+OrderInv,application,block,2,50.0,27,1,0
+ReLU6+OrderInv,application,block,1,50.0,172,1,0
+ReLU6+OrderInv,application,block,2,1.5,311,1,0
+ReLU6+OrderInv,application,block,1,100.0,261,1,0
+ReLU6+OrderInv,application,block,1,100.0,57,1,0
+ReLU6+OrderInv,application,block,1,50.0,355,1,0
+ReLU6+OrderInv,application,block,1,5.0,179,1,0
+ReLU6+OrderInv,application,block,1,50.0,34,1,0
+ReLU6+OrderInv,application,block,1,1.5,195,1,0
+ReLU6+OrderInv,application,block,0,10.0,21,1,0
+ReLU6+OrderInv,application,block,2,1.5,161,1,0
+ReLU6+OrderInv,application,block,2,5.0,294,1,0
+ReLU6+OrderInv,application,block,1,50.0,205,1,0
+ReLU6+OrderInv,application,block,3,50.0,107,1,1
+ReLU6+OrderInv,application,block,1,1.5,1,1,0
+ReLU6+OrderInv,application,block,1,5.0,194,1,0
+ReLU6+OrderInv,application,block,2,1.5,314,1,0
+ReLU6+OrderInv,application,block,3,10.0,255,1,0
+ReLU6+OrderInv,application,block,2,100.0,318,1,0
+ReLU6+OrderInv,application,block,3,5.0,358,1,0
+ReLU6+OrderInv,application,block,3,10.0,264,1,0
+ReLU6+OrderInv,application,block,3,10.0,205,1,0
+ReLU6+OrderInv,application,block,3,10.0,300,1,0
+ReLU6+OrderInv,application,block,1,10.0,290,1,0
+ReLU6+OrderInv,application,block,0,10.0,319,1,0
+ReLU6+OrderInv,application,block,0,50.0,312,1,0
+ReLU6+OrderInv,application,block,3,5.0,307,1,0
+ReLU6+OrderInv,application,block,2,10.0,113,1,0
+ReLU6+OrderInv,application,block,1,10.0,281,1,0
+ReLU6+OrderInv,application,block,0,50.0,266,1,0
+ReLU6+OrderInv,application,block,2,100.0,341,1,0
+ReLU6+OrderInv,application,block,0,50.0,285,1,0
+ReLU6+OrderInv,application,block,3,50.0,302,1,0
+ReLU6+OrderInv,application,block,0,1.5,119,1,0
+ReLU6+OrderInv,application,block,3,50.0,130,1,0
+ReLU6+OrderInv,application,block,1,1.5,171,1,0
+ReLU6+OrderInv,application,block,1,10.0,21,1,0
+ReLU6+OrderInv,application,block,1,50.0,219,1,0
+ReLU6+OrderInv,application,block,2,50.0,44,1,0
+ReLU6+OrderInv,application,block,1,50.0,48,1,0
+ReLU6+OrderInv,application,block,0,5.0,226,1,0
+ReLU6+OrderInv,application,block,2,100.0,268,1,0
+ReLU6+OrderInv,application,block,2,5.0,344,1,0
+ReLU6+OrderInv,application,block,3,5.0,20,1,0
+ReLU6+OrderInv,application,block,2,5.0,157,1,0
+ReLU6+OrderInv,application,block,1,50.0,320,1,0
+ReLU6+OrderInv,application,block,1,5.0,348,1,0
+ReLU6+OrderInv,application,block,3,5.0,35,1,0
+ReLU6+OrderInv,application,block,1,100.0,299,1,0
+ReLU6+OrderInv,application,block,2,5.0,71,1,0
+ReLU6+OrderInv,application,block,1,50.0,309,1,0
+ReLU6+OrderInv,application,block,1,50.0,133,1,0
+ReLU6+OrderInv,application,block,3,100.0,318,1,0
+ReLU6+OrderInv,application,block,2,100.0,307,1,0
+ReLU6+OrderInv,application,block,0,5.0,324,1,0
+ReLU6+OrderInv,application,block,1,100.0,205,1,0
+ReLU6+OrderInv,application,block,1,100.0,351,1,0
+ReLU6+OrderInv,application,block,3,50.0,74,1,0
+ReLU6+OrderInv,application,block,3,100.0,157,1,0
+ReLU6+OrderInv,application,block,3,1.5,210,1,0
+ReLU6+OrderInv,application,block,2,50.0,242,1,0
+ReLU6+OrderInv,application,block,2,1.5,4,1,0
+ReLU6+OrderInv,application,block,3,1.5,247,1,0
+ReLU6+OrderInv,application,block,2,1.5,82,1,0
+ReLU6+OrderInv,application,block,1,50.0,57,1,0
+ReLU6+OrderInv,application,block,0,50.0,287,1,0
+ReLU6+OrderInv,application,block,1,10.0,136,1,0
+ReLU6+OrderInv,application,block,1,1.5,259,1,0
+ReLU6+OrderInv,application,block,0,5.0,304,1,0
+ReLU6+OrderInv,application,bitflip,0,nan,154,0,0
+ReLU6+OrderInv,application,bitflip,2,nan,294,0,0
+ReLU6+OrderInv,application,bitflip,1,nan,196,0,0
+ReLU6+OrderInv,application,bitflip,2,nan,248,0,0
+ReLU6+OrderInv,application,bitflip,3,nan,75,1,0
+ReLU6+OrderInv,application,bitflip,0,nan,317,0,0
+ReLU6+OrderInv,application,bitflip,1,nan,124,0,0
+ReLU6+OrderInv,application,bitflip,1,nan,49,0,0
+ReLU6+OrderInv,application,bitflip,2,nan,261,1,1
+ReLU6+OrderInv,application,bitflip,3,nan,299,1,0
+ReLU6+OrderInv,application,bitflip,2,nan,248,0,0
+ReLU6+OrderInv,application,bitflip,0,nan,332,1,0
+ReLU6+OrderInv,application,bitflip,2,nan,103,0,0
+ReLU6+OrderInv,application,bitflip,1,nan,10,0,0
+ReLU6+OrderInv,application,bitflip,3,nan,88,0,0
+ReLU6+OrderInv,application,bitflip,3,nan,3,0,0
+ReLU6+OrderInv,application,bitflip,1,nan,248,0,0
+ReLU6+OrderInv,application,bitflip,3,nan,33,0,0
+ReLU6+OrderInv,application,bitflip,0,nan,154,0,0
+ReLU6+OrderInv,application,bitflip,2,nan,104,0,0
+ReLU6+OrderInv,application,bitflip,1,nan,325,0,0
+ReLU6+OrderInv,application,bitflip,2,nan,359,0,0
+ReLU6+OrderInv,application,bitflip,3,nan,119,0,0
+ReLU6+OrderInv,application,bitflip,0,nan,48,0,0
+ReLU6+OrderInv,application,bitflip,0,nan,124,0,0
+ReLU6+OrderInv,application,bitflip,1,nan,273,1,0
+ReLU6+OrderInv,application,bitflip,0,nan,226,0,0
+ReLU6+OrderInv,application,bitflip,3,nan,128,0,0
+ReLU6+OrderInv,application,bitflip,0,nan,104,0,0
+ReLU6+OrderInv,application,bitflip,3,nan,112,0,0
+ReLU6+OrderInv,application,bitflip,3,nan,347,0,0
+ReLU6+OrderInv,application,bitflip,2,nan,4,0,0
+ReLU6+OrderInv,application,bitflip,0,nan,334,0,0
+ReLU6+OrderInv,application,bitflip,1,nan,186,0,0
+ReLU6+OrderInv,application,bitflip,2,nan,97,0,0
+ReLU6+OrderInv,application,bitflip,0,nan,251,0,0
+ReLU6+OrderInv,application,bitflip,3,nan,215,1,0
+ReLU6+OrderInv,application,bitflip,3,nan,197,0,0
+ReLU6+OrderInv,application,bitflip,2,nan,186,0,0
+ReLU6+OrderInv,application,bitflip,0,nan,224,0,0
+ReLU6+OrderInv,application,bitflip,0,nan,258,0,0
+ReLU6+OrderInv,application,bitflip,3,nan,185,0,0
+ReLU6+OrderInv,application,bitflip,1,nan,183,0,0
+ReLU6+OrderInv,application,bitflip,3,nan,272,0,0
+ReLU6+OrderInv,application,bitflip,2,nan,240,1,0
+ReLU6+OrderInv,application,bitflip,3,nan,176,0,0
+ReLU6+OrderInv,application,bitflip,1,nan,168,0,0
+ReLU6+OrderInv,application,bitflip,0,nan,131,0,0
+ReLU6+OrderInv,application,bitflip,0,nan,222,0,0
+ReLU6+OrderInv,application,bitflip,0,nan,181,0,0
+ReLU6+OrderInv,application,bitflip,2,nan,349,1,0
+ReLU6+OrderInv,application,bitflip,3,nan,134,0,0
+ReLU6+OrderInv,application,bitflip,1,nan,301,0,0
+ReLU6+OrderInv,application,bitflip,1,nan,213,0,0
+ReLU6+OrderInv,application,bitflip,0,nan,23,0,0
+ReLU6+OrderInv,application,bitflip,2,nan,280,0,0
+ReLU6+OrderInv,application,bitflip,0,nan,97,1,0
+ReLU6+OrderInv,application,bitflip,2,nan,328,0,0
+ReLU6+OrderInv,application,bitflip,2,nan,84,0,0
+ReLU6+OrderInv,application,bitflip,2,nan,62,1,0
+ReLU6+OrderInv,application,bitflip,0,nan,212,0,0
+ReLU6+OrderInv,application,bitflip,0,nan,48,0,0
+ReLU6+OrderInv,application,bitflip,3,nan,212,0,0
+ReLU6+OrderInv,application,bitflip,1,nan,175,1,0
+ReLU6+OrderInv,application,bitflip,0,nan,230,1,0
+ReLU6+OrderInv,application,bitflip,0,nan,312,0,0
+ReLU6+OrderInv,application,bitflip,1,nan,127,1,0
+ReLU6+OrderInv,application,bitflip,2,nan,286,0,0
+ReLU6+OrderInv,application,bitflip,0,nan,246,0,0
+ReLU6+OrderInv,application,bitflip,1,nan,23,1,0
+ReLU6+OrderInv,application,bitflip,2,nan,2,1,0
+ReLU6+OrderInv,application,bitflip,2,nan,148,0,0
+ReLU6+OrderInv,application,bitflip,1,nan,99,0,0
+ReLU6+OrderInv,application,bitflip,2,nan,354,0,0
+ReLU6+OrderInv,application,bitflip,1,nan,207,0,0
+ReLU6+OrderInv,application,bitflip,1,nan,297,0,0
+ReLU6+OrderInv,application,bitflip,1,nan,20,0,0
+ReLU6+OrderInv,application,bitflip,2,nan,216,0,0
+ReLU6+OrderInv,application,bitflip,2,nan,246,0,0
+ReLU6+OrderInv,application,bitflip,0,nan,35,1,0
+ReLU6+OrderInv,application,bitflip,1,nan,70,1,0
+ReLU6+OrderInv,application,bitflip,3,nan,96,0,0
+ReLU6+OrderInv,application,bitflip,2,nan,271,0,0
+ReLU6+OrderInv,application,bitflip,0,nan,140,1,0
+ReLU6+OrderInv,application,bitflip,2,nan,207,0,0
+ReLU6+OrderInv,application,bitflip,2,nan,108,0,0
+ReLU6+OrderInv,application,bitflip,0,nan,44,0,0
+ReLU6+OrderInv,application,bitflip,1,nan,217,1,0
+ReLU6+OrderInv,application,bitflip,1,nan,72,0,0
+ReLU6+OrderInv,application,bitflip,0,nan,96,0,0
+ReLU6+OrderInv,application,bitflip,3,nan,348,0,0
+ReLU6+OrderInv,application,bitflip,2,nan,118,1,0
+ReLU6+OrderInv,application,bitflip,1,nan,282,0,0
+ReLU6+OrderInv,application,bitflip,3,nan,10,1,0
+ReLU6+OrderInv,application,bitflip,0,nan,208,0,0
+ReLU6+OrderInv,application,bitflip,0,nan,102,0,0
+ReLU6+OrderInv,application,bitflip,3,nan,75,0,0
+ReLU6+OrderInv,application,bitflip,2,nan,75,0,0
+ReLU6+OrderInv,application,bitflip,1,nan,19,0,0
+ReLU6+OrderInv,application,bitflip,1,nan,212,0,0
+ReLU6+OrderInv,application,nan,3,nan,66,1,1
+ReLU6+OrderInv,application,nan,3,nan,300,1,1
+ReLU6+OrderInv,application,nan,0,nan,257,1,1
+ReLU6+OrderInv,application,nan,0,nan,172,1,1
+ReLU6+OrderInv,application,nan,3,nan,90,1,1
+ReLU6+OrderInv,application,nan,2,nan,249,1,1
+ReLU6+OrderInv,application,nan,0,nan,289,1,1
+ReLU6+OrderInv,application,nan,3,nan,116,1,1
+ReLU6+OrderInv,application,nan,0,nan,62,1,1
+ReLU6+OrderInv,application,nan,0,nan,115,1,1
+ReLU6+OrderInv,application,nan,0,nan,41,1,1
+ReLU6+OrderInv,application,nan,2,nan,347,1,1
+ReLU6+OrderInv,application,nan,2,nan,126,1,1
+ReLU6+OrderInv,application,nan,0,nan,17,1,1
+ReLU6+OrderInv,application,nan,2,nan,252,1,1
+ReLU6+OrderInv,application,nan,2,nan,170,1,1
+ReLU6+OrderInv,application,nan,3,nan,0,1,1
+ReLU6+OrderInv,application,nan,3,nan,46,1,1
+ReLU6+OrderInv,application,nan,0,nan,211,1,1
+ReLU6+OrderInv,application,nan,1,nan,349,1,1
+ReLU6+OrderInv,application,nan,3,nan,239,1,1
+ReLU6+OrderInv,application,nan,3,nan,141,1,1
+ReLU6+OrderInv,application,nan,3,nan,71,1,1
+ReLU6+OrderInv,application,nan,2,nan,44,1,1
+ReLU6+OrderInv,application,nan,3,nan,184,1,1
+ReLU6+OrderInv,application,nan,0,nan,13,1,1
+ReLU6+OrderInv,application,nan,2,nan,74,1,1
+ReLU6+OrderInv,application,nan,0,nan,178,1,1
+ReLU6+OrderInv,application,nan,1,nan,246,1,1
+ReLU6+OrderInv,application,nan,2,nan,122,1,1
+ReLU6+OrderInv,application,nan,1,nan,69,1,1
+ReLU6+OrderInv,application,nan,2,nan,359,1,1
+ReLU6+OrderInv,application,nan,0,nan,279,1,1
+ReLU6+OrderInv,application,nan,2,nan,338,1,1
+ReLU6+OrderInv,application,nan,1,nan,0,1,1
+ReLU6+OrderInv,application,nan,3,nan,142,1,1
+ReLU6+OrderInv,application,nan,0,nan,282,1,1
+ReLU6+OrderInv,application,nan,3,nan,40,1,1
+ReLU6+OrderInv,application,nan,0,nan,109,1,1
+ReLU6+OrderInv,application,nan,2,nan,127,1,1
+ReLU6+OrderInv,application,nan,2,nan,344,1,1
+ReLU6+OrderInv,application,nan,3,nan,56,1,1
+ReLU6+OrderInv,application,nan,3,nan,276,1,1
+ReLU6+OrderInv,application,nan,2,nan,67,1,1
+ReLU6+OrderInv,application,nan,0,nan,337,1,1
+ReLU6+OrderInv,application,nan,2,nan,93,1,1
+ReLU6+OrderInv,application,nan,3,nan,132,1,1
+ReLU6+OrderInv,application,nan,1,nan,288,1,1
+ReLU6+OrderInv,application,nan,2,nan,340,1,1
+ReLU6+OrderInv,application,nan,2,nan,163,1,1
+ReLU6+OrderInv,application,nan,3,nan,201,1,1
+ReLU6+OrderInv,application,nan,3,nan,75,1,1
+ReLU6+OrderInv,application,nan,0,nan,234,1,1
+ReLU6+OrderInv,application,nan,1,nan,253,1,1
+ReLU6+OrderInv,application,nan,1,nan,348,1,1
+ReLU6+OrderInv,application,nan,3,nan,78,1,1
+ReLU6+OrderInv,application,nan,2,nan,49,1,1
+ReLU6+OrderInv,application,nan,0,nan,34,1,1
+ReLU6+OrderInv,application,nan,1,nan,85,1,1
+ReLU6+OrderInv,application,nan,3,nan,227,1,1
+ReLU6+OrderInv,application,nan,2,nan,61,1,1
+ReLU6+OrderInv,application,nan,3,nan,82,1,1
+ReLU6+OrderInv,application,nan,1,nan,358,1,1
+ReLU6+OrderInv,application,nan,3,nan,170,1,1
+ReLU6+OrderInv,application,nan,1,nan,249,1,1
+ReLU6+OrderInv,application,nan,0,nan,6,1,1
+ReLU6+OrderInv,application,nan,0,nan,72,1,1
+ReLU6+OrderInv,application,nan,1,nan,53,1,1
+ReLU6+OrderInv,application,nan,1,nan,326,1,1
+ReLU6+OrderInv,application,nan,2,nan,74,1,1
+ReLU6+OrderInv,application,nan,0,nan,288,1,1
+ReLU6+OrderInv,application,nan,3,nan,189,1,1
+ReLU6+OrderInv,application,nan,0,nan,170,1,1
+ReLU6+OrderInv,application,nan,1,nan,182,1,1
+ReLU6+OrderInv,application,nan,3,nan,114,1,1
+ReLU6+OrderInv,application,nan,1,nan,95,1,1
+ReLU6+OrderInv,application,nan,1,nan,174,1,1
+ReLU6+OrderInv,application,nan,3,nan,79,1,1
+ReLU6+OrderInv,application,nan,2,nan,338,1,1
+ReLU6+OrderInv,application,nan,1,nan,40,1,1
+ReLU6+OrderInv,application,nan,3,nan,354,1,1
+ReLU6+OrderInv,application,nan,3,nan,236,1,1
+ReLU6+OrderInv,application,nan,2,nan,231,1,1
+ReLU6+OrderInv,application,nan,1,nan,150,1,1
+ReLU6+OrderInv,application,nan,0,nan,272,1,1
+ReLU6+OrderInv,application,nan,3,nan,132,1,1
+ReLU6+OrderInv,application,nan,1,nan,353,1,1
+ReLU6+OrderInv,application,nan,3,nan,288,1,1
+ReLU6+OrderInv,application,nan,3,nan,315,1,1
+ReLU6+OrderInv,application,nan,0,nan,240,1,1
+ReLU6+OrderInv,application,nan,2,nan,22,1,1
+ReLU6+OrderInv,application,nan,2,nan,33,1,1
+ReLU6+OrderInv,application,nan,1,nan,78,1,1
+ReLU6+OrderInv,application,nan,1,nan,295,1,1
+ReLU6+OrderInv,application,nan,1,nan,213,1,1
+ReLU6+OrderInv,application,nan,0,nan,112,1,1
+ReLU6+OrderInv,application,nan,0,nan,33,1,1
+ReLU6+OrderInv,application,nan,2,nan,140,1,1
+ReLU6+OrderInv,application,nan,1,nan,355,1,1
+ReLU6+OrderInv,application,nan,2,nan,285,1,1
+ReLU6+OrderInv,layer,column,0,1.5,32,0,0
+ReLU6+OrderInv,layer,single,0,5.0,327,0,0
+ReLU6+OrderInv,layer,random,0,10.0,261,0,0
+ReLU6+OrderInv,layer,row,0,1.5,156,1,1
+ReLU6+OrderInv,layer,single,0,50.0,347,0,0
+ReLU6+OrderInv,layer,column,0,1.5,278,0,0
+ReLU6+OrderInv,layer,single,0,1.5,146,1,0
+ReLU6+OrderInv,layer,column,0,10.0,303,1,0
+ReLU6+OrderInv,layer,random,0,100.0,230,0,0
+ReLU6+OrderInv,layer,random,0,50.0,263,0,0
+ReLU6+OrderInv,layer,random,0,50.0,153,0,0
+ReLU6+OrderInv,layer,random,0,50.0,191,1,0
+ReLU6+OrderInv,layer,block,0,1.5,339,1,0
+ReLU6+OrderInv,layer,single,0,10.0,59,1,0
+ReLU6+OrderInv,layer,random,0,1.5,195,1,0
+ReLU6+OrderInv,layer,single,0,50.0,261,0,0
+ReLU6+OrderInv,layer,single,0,50.0,220,1,0
+ReLU6+OrderInv,layer,column,0,100.0,137,0,0
+ReLU6+OrderInv,layer,row,0,100.0,40,1,0
+ReLU6+OrderInv,layer,row,0,10.0,211,1,0
+ReLU6+OrderInv,layer,single,0,50.0,209,1,0
+ReLU6+OrderInv,layer,single,0,10.0,340,0,0
+ReLU6+OrderInv,layer,block,0,1.5,71,1,0
+ReLU6+OrderInv,layer,block,0,10.0,37,1,0
+ReLU6+OrderInv,layer,block,0,1.5,233,1,0
+ReLU6+OrderInv,layer,row,0,5.0,114,1,0
+ReLU6+OrderInv,layer,random,0,5.0,340,0,0
+ReLU6+OrderInv,layer,single,0,100.0,204,1,0
+ReLU6+OrderInv,layer,block,0,10.0,75,1,0
+ReLU6+OrderInv,layer,random,0,1.5,324,1,0
+ReLU6+OrderInv,layer,random,0,1.5,69,0,0
+ReLU6+OrderInv,layer,random,0,50.0,296,0,0
+ReLU6+OrderInv,layer,block,0,10.0,321,1,0
+ReLU6+OrderInv,layer,block,0,5.0,277,1,0
+ReLU6+OrderInv,layer,column,0,5.0,254,0,0
+ReLU6+OrderInv,layer,column,0,100.0,151,1,0
+ReLU6+OrderInv,layer,column,0,1.5,205,0,0
+ReLU6+OrderInv,layer,block,0,1.5,53,1,0
+ReLU6+OrderInv,layer,single,0,5.0,227,0,0
+ReLU6+OrderInv,layer,column,0,1.5,3,1,0
+ReLU6+OrderInv,layer,row,0,50.0,71,1,0
+ReLU6+OrderInv,layer,row,0,100.0,52,1,0
+ReLU6+OrderInv,layer,column,0,50.0,87,0,0
+ReLU6+OrderInv,layer,random,0,100.0,157,0,0
+ReLU6+OrderInv,layer,block,0,50.0,168,1,1
+ReLU6+OrderInv,layer,row,0,100.0,38,1,0
+ReLU6+OrderInv,layer,row,0,5.0,352,1,0
+ReLU6+OrderInv,layer,random,0,10.0,82,0,0
+ReLU6+OrderInv,layer,column,0,50.0,300,1,0
+ReLU6+OrderInv,layer,random,0,50.0,283,1,0
+ReLU6+OrderInv,layer,column,0,10.0,1,1,0
+ReLU6+OrderInv,layer,block,0,10.0,291,1,0
+ReLU6+OrderInv,layer,column,0,5.0,156,1,0
+ReLU6+OrderInv,layer,single,0,10.0,86,0,0
+ReLU6+OrderInv,layer,block,0,1.5,1,1,0
+ReLU6+OrderInv,layer,single,0,1.5,183,1,0
+ReLU6+OrderInv,layer,row,0,5.0,214,1,0
+ReLU6+OrderInv,layer,block,0,10.0,178,1,0
+ReLU6+OrderInv,layer,column,0,50.0,146,0,0
+ReLU6+OrderInv,layer,single,0,50.0,107,0,0
+ReLU6+OrderInv,layer,column,0,10.0,170,0,0
+ReLU6+OrderInv,layer,row,0,50.0,39,1,0
+ReLU6+OrderInv,layer,random,0,10.0,305,1,0
+ReLU6+OrderInv,layer,block,0,10.0,43,1,0
+ReLU6+OrderInv,layer,single,0,10.0,334,0,0
+ReLU6+OrderInv,layer,single,0,10.0,66,0,0
+ReLU6+OrderInv,layer,single,0,50.0,35,1,0
+ReLU6+OrderInv,layer,single,0,50.0,140,0,0
+ReLU6+OrderInv,layer,single,0,10.0,204,1,0
+ReLU6+OrderInv,layer,row,0,1.5,346,1,0
+ReLU6+OrderInv,layer,single,0,10.0,160,0,0
+ReLU6+OrderInv,layer,single,0,100.0,269,1,0
+ReLU6+OrderInv,layer,random,0,10.0,179,0,0
+ReLU6+OrderInv,layer,row,0,5.0,335,1,0
+ReLU6+OrderInv,layer,single,0,50.0,358,0,0
+ReLU6+OrderInv,layer,random,0,5.0,313,1,0
+ReLU6+OrderInv,layer,block,0,100.0,287,1,0
+ReLU6+OrderInv,layer,block,0,1.5,63,1,0
+ReLU6+OrderInv,layer,row,0,50.0,147,1,1
+ReLU6+OrderInv,layer,row,0,5.0,296,1,0
+ReLU6+OrderInv,layer,column,1,1.5,298,1,0
+ReLU6+OrderInv,layer,block,1,50.0,20,1,0
+ReLU6+OrderInv,layer,block,1,100.0,42,1,0
+ReLU6+OrderInv,layer,block,1,10.0,330,1,0
+ReLU6+OrderInv,layer,block,1,5.0,105,1,0
+ReLU6+OrderInv,layer,column,1,50.0,193,0,0
+ReLU6+OrderInv,layer,column,1,1.5,37,1,0
+ReLU6+OrderInv,layer,single,1,10.0,311,0,0
+ReLU6+OrderInv,layer,row,1,10.0,86,1,0
+ReLU6+OrderInv,layer,block,1,5.0,185,1,0
+ReLU6+OrderInv,layer,random,1,5.0,222,1,0
+ReLU6+OrderInv,layer,random,1,10.0,357,1,0
+ReLU6+OrderInv,layer,column,1,50.0,181,0,0
+ReLU6+OrderInv,layer,single,1,5.0,19,0,0
+ReLU6+OrderInv,layer,single,1,1.5,254,1,0
+ReLU6+OrderInv,layer,column,1,5.0,103,0,0
+ReLU6+OrderInv,layer,single,1,1.5,158,1,0
+ReLU6+OrderInv,layer,random,1,5.0,233,1,0
+ReLU6+OrderInv,layer,row,1,50.0,249,1,0
+ReLU6+OrderInv,layer,single,1,1.5,192,0,0
+ReLU6+OrderInv,layer,block,1,5.0,76,1,0
+ReLU6+OrderInv,layer,single,1,1.5,240,1,0
+ReLU6+OrderInv,layer,block,1,50.0,186,1,0
+ReLU6+OrderInv,layer,random,1,1.5,180,1,0
+ReLU6+OrderInv,layer,single,1,50.0,318,0,0
+ReLU6+OrderInv,layer,block,1,10.0,160,1,0
+ReLU6+OrderInv,layer,column,1,50.0,347,1,0
+ReLU6+OrderInv,layer,random,1,1.5,231,1,0
+ReLU6+OrderInv,layer,column,1,100.0,57,1,0
+ReLU6+OrderInv,layer,block,1,10.0,224,1,0
+ReLU6+OrderInv,layer,column,1,50.0,72,0,0
+ReLU6+OrderInv,layer,single,1,100.0,307,1,0
+ReLU6+OrderInv,layer,random,1,50.0,143,1,0
+ReLU6+OrderInv,layer,block,1,10.0,290,1,0
+ReLU6+OrderInv,layer,row,1,50.0,153,1,0
+ReLU6+OrderInv,layer,block,1,10.0,91,1,0
+ReLU6+OrderInv,layer,random,1,100.0,310,1,0
+ReLU6+OrderInv,layer,row,1,50.0,14,1,0
+ReLU6+OrderInv,layer,row,1,10.0,202,1,0
+ReLU6+OrderInv,layer,block,1,50.0,59,1,0
+ReLU6+OrderInv,layer,random,1,5.0,344,0,0
+ReLU6+OrderInv,layer,single,1,5.0,288,0,0
+ReLU6+OrderInv,layer,row,1,10.0,241,1,0
+ReLU6+OrderInv,layer,column,1,1.5,294,1,0
+ReLU6+OrderInv,layer,single,1,100.0,176,1,0
+ReLU6+OrderInv,layer,row,1,10.0,299,1,0
+ReLU6+OrderInv,layer,block,1,5.0,228,1,0
+ReLU6+OrderInv,layer,random,1,5.0,268,1,0
+ReLU6+OrderInv,layer,block,1,1.5,334,1,0
+ReLU6+OrderInv,layer,row,1,5.0,82,1,0
+ReLU6+OrderInv,layer,random,1,10.0,24,1,0
+ReLU6+OrderInv,layer,random,1,50.0,209,1,0
+ReLU6+OrderInv,layer,single,1,5.0,110,0,0
+ReLU6+OrderInv,layer,single,1,50.0,300,0,0
+ReLU6+OrderInv,layer,block,1,1.5,12,1,0
+ReLU6+OrderInv,layer,column,1,100.0,161,0,0
+ReLU6+OrderInv,layer,row,1,100.0,272,1,0
+ReLU6+OrderInv,layer,block,1,10.0,262,1,0
+ReLU6+OrderInv,layer,single,1,100.0,60,1,0
+ReLU6+OrderInv,layer,column,1,5.0,198,1,0
+ReLU6+OrderInv,layer,column,1,50.0,313,1,0
+ReLU6+OrderInv,layer,column,1,50.0,220,1,0
+ReLU6+OrderInv,layer,single,1,1.5,342,1,0
+ReLU6+OrderInv,layer,single,1,10.0,189,1,0
+ReLU6+OrderInv,layer,random,1,100.0,81,1,0
+ReLU6+OrderInv,layer,single,1,1.5,17,1,0
+ReLU6+OrderInv,layer,random,1,100.0,125,1,0
+ReLU6+OrderInv,layer,row,1,50.0,278,1,0
+ReLU6+OrderInv,layer,random,1,50.0,44,1,0
+ReLU6+OrderInv,layer,block,1,1.5,108,1,0
+ReLU6+OrderInv,layer,row,1,50.0,262,1,0
+ReLU6+OrderInv,layer,random,1,50.0,54,1,0
+ReLU6+OrderInv,layer,row,1,1.5,30,1,0
+ReLU6+OrderInv,layer,random,1,1.5,92,1,0
+ReLU6+OrderInv,layer,row,1,1.5,326,1,0
+ReLU6+OrderInv,layer,column,1,50.0,255,1,0
+ReLU6+OrderInv,layer,row,1,50.0,35,1,0
+ReLU6+OrderInv,layer,random,1,10.0,246,1,0
+ReLU6+OrderInv,layer,row,1,1.5,79,1,0
+ReLU6+OrderInv,layer,block,1,5.0,78,1,0
+ReLU6+OrderInv,layer,column,2,10.0,275,0,0
+ReLU6+OrderInv,layer,block,2,100.0,328,1,0
+ReLU6+OrderInv,layer,random,2,100.0,32,1,0
+ReLU6+OrderInv,layer,column,2,100.0,26,1,0
+ReLU6+OrderInv,layer,block,2,5.0,9,1,0
+ReLU6+OrderInv,layer,row,2,5.0,294,1,0
+ReLU6+OrderInv,layer,single,2,5.0,57,0,0
+ReLU6+OrderInv,layer,column,2,10.0,355,0,0
+ReLU6+OrderInv,layer,column,2,5.0,50,0,0
+ReLU6+OrderInv,layer,column,2,50.0,334,1,0
+ReLU6+OrderInv,layer,column,2,1.5,199,1,0
+ReLU6+OrderInv,layer,row,2,100.0,158,1,0
+ReLU6+OrderInv,layer,row,2,5.0,238,1,0
+ReLU6+OrderInv,layer,random,2,5.0,211,1,0
+ReLU6+OrderInv,layer,block,2,5.0,44,1,0
+ReLU6+OrderInv,layer,single,2,10.0,342,1,0
+ReLU6+OrderInv,layer,random,2,5.0,139,0,0
+ReLU6+OrderInv,layer,row,2,5.0,219,1,0
+ReLU6+OrderInv,layer,single,2,1.5,158,1,0
+ReLU6+OrderInv,layer,row,2,10.0,7,1,0
+ReLU6+OrderInv,layer,column,2,100.0,46,0,0
+ReLU6+OrderInv,layer,column,2,5.0,257,0,0
+ReLU6+OrderInv,layer,column,2,10.0,57,0,0
+ReLU6+OrderInv,layer,block,2,100.0,303,1,0
+ReLU6+OrderInv,layer,single,2,10.0,336,0,0
+ReLU6+OrderInv,layer,block,2,100.0,77,1,0
+ReLU6+OrderInv,layer,row,2,10.0,271,1,0
+ReLU6+OrderInv,layer,random,2,100.0,59,0,0
+ReLU6+OrderInv,layer,row,2,50.0,124,1,0
+ReLU6+OrderInv,layer,single,2,10.0,211,0,0
+ReLU6+OrderInv,layer,random,2,100.0,163,0,0
+ReLU6+OrderInv,layer,row,2,10.0,289,1,0
+ReLU6+OrderInv,layer,single,2,10.0,165,0,0
+ReLU6+OrderInv,layer,block,2,50.0,266,1,0
+ReLU6+OrderInv,layer,row,2,50.0,151,1,0
+ReLU6+OrderInv,layer,block,2,100.0,293,1,0
+ReLU6+OrderInv,layer,column,2,10.0,359,0,0
+ReLU6+OrderInv,layer,single,2,1.5,249,0,0
+ReLU6+OrderInv,layer,column,2,100.0,66,0,0
+ReLU6+OrderInv,layer,row,2,1.5,235,1,0
+ReLU6+OrderInv,layer,column,2,10.0,279,1,0
+ReLU6+OrderInv,layer,block,2,1.5,273,1,0
+ReLU6+OrderInv,layer,column,2,5.0,298,1,0
+ReLU6+OrderInv,layer,random,2,50.0,121,0,0
+ReLU6+OrderInv,layer,row,2,50.0,144,1,0
+ReLU6+OrderInv,layer,random,2,10.0,246,1,0
+ReLU6+OrderInv,layer,block,2,50.0,36,1,0
+ReLU6+OrderInv,layer,random,2,10.0,187,0,0
+ReLU6+OrderInv,layer,row,2,50.0,84,1,0
+ReLU6+OrderInv,layer,single,2,50.0,69,0,0
+ReLU6+OrderInv,layer,random,2,50.0,18,1,0
+ReLU6+OrderInv,layer,block,2,5.0,232,1,0
+ReLU6+OrderInv,layer,column,2,100.0,359,0,0
+ReLU6+OrderInv,layer,block,2,10.0,222,1,0
+ReLU6+OrderInv,layer,row,2,1.5,283,1,0
+ReLU6+OrderInv,layer,column,2,50.0,353,1,0
+ReLU6+OrderInv,layer,single,2,100.0,192,1,1
+ReLU6+OrderInv,layer,row,2,100.0,101,1,0
+ReLU6+OrderInv,layer,single,2,50.0,15,0,0
+ReLU6+OrderInv,layer,block,2,1.5,357,1,0
+ReLU6+OrderInv,layer,random,2,1.5,209,1,0
+ReLU6+OrderInv,layer,single,2,10.0,38,1,0
+ReLU6+OrderInv,layer,row,2,10.0,18,1,0
+ReLU6+OrderInv,layer,column,2,5.0,243,1,0
+ReLU6+OrderInv,layer,single,2,5.0,12,0,0
+ReLU6+OrderInv,layer,single,2,5.0,195,1,0
+ReLU6+OrderInv,layer,random,2,1.5,121,1,0
+ReLU6+OrderInv,layer,column,2,100.0,170,0,0
+ReLU6+OrderInv,layer,random,2,1.5,251,1,0
+ReLU6+OrderInv,layer,single,2,1.5,318,0,0
+ReLU6+OrderInv,layer,column,2,5.0,270,0,0
+ReLU6+OrderInv,layer,block,2,5.0,345,1,0
+ReLU6+OrderInv,layer,random,2,1.5,277,0,0
+ReLU6+OrderInv,layer,random,2,5.0,91,0,0
+ReLU6+OrderInv,layer,random,2,1.5,158,1,0
+ReLU6+OrderInv,layer,row,2,100.0,6,1,0
+ReLU6+OrderInv,layer,random,2,5.0,324,1,0
+ReLU6+OrderInv,layer,row,2,10.0,348,1,0
+ReLU6+OrderInv,layer,column,2,5.0,313,0,0
+ReLU6+OrderInv,layer,random,2,5.0,337,0,0
+ReLU6+OrderInv,layer,single,3,50.0,295,0,0
+ReLU6+OrderInv,layer,column,3,5.0,209,0,0
+ReLU6+OrderInv,layer,single,3,5.0,139,0,0
+ReLU6+OrderInv,layer,column,3,50.0,85,0,0
+ReLU6+OrderInv,layer,block,3,50.0,18,1,0
+ReLU6+OrderInv,layer,block,3,100.0,265,1,0
+ReLU6+OrderInv,layer,column,3,100.0,4,1,0
+ReLU6+OrderInv,layer,block,3,1.5,3,1,0
+ReLU6+OrderInv,layer,random,3,50.0,29,0,0
+ReLU6+OrderInv,layer,random,3,100.0,203,1,0
+ReLU6+OrderInv,layer,random,3,50.0,219,0,0
+ReLU6+OrderInv,layer,row,3,5.0,49,1,0
+ReLU6+OrderInv,layer,block,3,100.0,171,1,0
+ReLU6+OrderInv,layer,random,3,50.0,59,0,0
+ReLU6+OrderInv,layer,single,3,1.5,139,0,0
+ReLU6+OrderInv,layer,random,3,5.0,275,1,0
+ReLU6+OrderInv,layer,single,3,50.0,251,0,0
+ReLU6+OrderInv,layer,random,3,1.5,95,0,0
+ReLU6+OrderInv,layer,column,3,50.0,164,0,0
+ReLU6+OrderInv,layer,row,3,10.0,346,1,0
+ReLU6+OrderInv,layer,single,3,50.0,195,1,0
+ReLU6+OrderInv,layer,random,3,10.0,47,1,0
+ReLU6+OrderInv,layer,row,3,1.5,183,1,0
+ReLU6+OrderInv,layer,column,3,1.5,218,1,0
+ReLU6+OrderInv,layer,random,3,10.0,144,1,0
+ReLU6+OrderInv,layer,single,3,100.0,73,0,0
+ReLU6+OrderInv,layer,single,3,100.0,198,0,0
+ReLU6+OrderInv,layer,single,3,50.0,251,0,0
+ReLU6+OrderInv,layer,single,3,100.0,111,0,0
+ReLU6+OrderInv,layer,row,3,1.5,65,1,0
+ReLU6+OrderInv,layer,random,3,100.0,272,1,0
+ReLU6+OrderInv,layer,row,3,1.5,309,1,0
+ReLU6+OrderInv,layer,random,3,50.0,302,0,0
+ReLU6+OrderInv,layer,row,3,50.0,230,1,0
+ReLU6+OrderInv,layer,random,3,100.0,68,1,0
+ReLU6+OrderInv,layer,block,3,10.0,202,1,0
+ReLU6+OrderInv,layer,random,3,5.0,210,1,0
+ReLU6+OrderInv,layer,block,3,100.0,218,1,0
+ReLU6+OrderInv,layer,block,3,50.0,33,1,1
+ReLU6+OrderInv,layer,block,3,10.0,301,1,0
+ReLU6+OrderInv,layer,single,3,10.0,349,0,0
+ReLU6+OrderInv,layer,single,3,100.0,33,1,0
+ReLU6+OrderInv,layer,block,3,1.5,172,1,0
+ReLU6+OrderInv,layer,random,3,10.0,121,1,0
+ReLU6+OrderInv,layer,row,3,50.0,350,1,0
+ReLU6+OrderInv,layer,block,3,50.0,54,0,0
+ReLU6+OrderInv,layer,row,3,100.0,107,1,0
+ReLU6+OrderInv,layer,block,3,10.0,33,1,0
+ReLU6+OrderInv,layer,single,3,100.0,300,0,0
+ReLU6+OrderInv,layer,single,3,10.0,159,1,0
+ReLU6+OrderInv,layer,single,3,100.0,270,1,0
+ReLU6+OrderInv,layer,random,3,10.0,80,0,0
+ReLU6+OrderInv,layer,column,3,50.0,284,1,0
+ReLU6+OrderInv,layer,single,3,100.0,300,0,0
+ReLU6+OrderInv,layer,row,3,1.5,344,1,0
+ReLU6+OrderInv,layer,row,3,10.0,52,1,0
+ReLU6+OrderInv,layer,single,3,50.0,217,1,0
+ReLU6+OrderInv,layer,row,3,1.5,81,1,0
+ReLU6+OrderInv,layer,single,3,5.0,175,1,0
+ReLU6+OrderInv,layer,row,3,100.0,26,1,0
+ReLU6+OrderInv,layer,random,3,1.5,347,0,0
+ReLU6+OrderInv,layer,random,3,5.0,252,1,0
+ReLU6+OrderInv,layer,row,3,5.0,77,1,0
+ReLU6+OrderInv,layer,block,3,5.0,66,1,0
+ReLU6+OrderInv,layer,block,3,1.5,116,1,0
+ReLU6+OrderInv,layer,block,3,100.0,118,1,0
+ReLU6+OrderInv,layer,random,3,10.0,44,0,0
+ReLU6+OrderInv,layer,random,3,100.0,285,0,0
+ReLU6+OrderInv,layer,column,3,5.0,248,0,0
+ReLU6+OrderInv,layer,single,3,10.0,157,0,0
+ReLU6+OrderInv,layer,row,3,100.0,100,1,0
+ReLU6+OrderInv,layer,random,3,50.0,296,0,0
+ReLU6+OrderInv,layer,single,3,1.5,117,1,0
+ReLU6+OrderInv,layer,single,3,10.0,12,0,0
+ReLU6+OrderInv,layer,row,3,100.0,291,1,0
+ReLU6+OrderInv,layer,row,3,5.0,256,1,0
+ReLU6+OrderInv,layer,row,3,100.0,20,1,0
+ReLU6+OrderInv,layer,single,3,100.0,237,1,0
+ReLU6+OrderInv,layer,column,3,50.0,321,1,0
+ReLU6+OrderInv,layer,random,3,100.0,86,0,0
+ReLU6+OrderInv,magnitude,row,1,1.1,202,1,0
+ReLU6+OrderInv,magnitude,random,2,1.1,268,1,0
+ReLU6+OrderInv,magnitude,random,3,1.1,349,0,0
+ReLU6+OrderInv,magnitude,column,0,1.1,308,0,0
+ReLU6+OrderInv,magnitude,random,0,1.1,92,0,0
+ReLU6+OrderInv,magnitude,single,0,1.1,313,1,0
+ReLU6+OrderInv,magnitude,block,1,1.1,8,1,0
+ReLU6+OrderInv,magnitude,random,3,1.1,192,1,0
+ReLU6+OrderInv,magnitude,block,0,1.1,211,1,0
+ReLU6+OrderInv,magnitude,column,2,1.1,143,0,0
+ReLU6+OrderInv,magnitude,column,2,1.1,15,0,0
+ReLU6+OrderInv,magnitude,block,2,1.1,56,1,0
+ReLU6+OrderInv,magnitude,row,2,1.1,201,1,0
+ReLU6+OrderInv,magnitude,row,1,1.1,253,1,0
+ReLU6+OrderInv,magnitude,block,2,1.1,111,1,0
+ReLU6+OrderInv,magnitude,block,0,1.1,78,1,0
+ReLU6+OrderInv,magnitude,row,3,1.1,18,1,0
+ReLU6+OrderInv,magnitude,single,3,1.1,58,0,0
+ReLU6+OrderInv,magnitude,row,0,1.1,333,1,0
+ReLU6+OrderInv,magnitude,column,2,1.1,349,1,0
+ReLU6+OrderInv,magnitude,single,0,1.1,358,0,0
+ReLU6+OrderInv,magnitude,single,1,1.1,174,1,0
+ReLU6+OrderInv,magnitude,random,2,1.1,167,0,0
+ReLU6+OrderInv,magnitude,block,2,1.1,202,1,0
+ReLU6+OrderInv,magnitude,column,2,1.1,342,0,0
+ReLU6+OrderInv,magnitude,row,1,1.1,172,1,0
+ReLU6+OrderInv,magnitude,single,2,1.1,309,0,0
+ReLU6+OrderInv,magnitude,random,0,1.1,253,0,0
+ReLU6+OrderInv,magnitude,row,2,1.1,234,1,0
+ReLU6+OrderInv,magnitude,random,3,1.1,270,1,0
+ReLU6+OrderInv,magnitude,column,2,1.1,139,0,0
+ReLU6+OrderInv,magnitude,single,3,1.1,295,0,0
+ReLU6+OrderInv,magnitude,single,2,1.1,26,1,0
+ReLU6+OrderInv,magnitude,row,0,1.1,319,1,0
+ReLU6+OrderInv,magnitude,column,0,1.1,147,0,0
+ReLU6+OrderInv,magnitude,random,3,1.1,92,1,0
+ReLU6+OrderInv,magnitude,single,3,1.1,193,0,0
+ReLU6+OrderInv,magnitude,single,2,1.1,123,0,0
+ReLU6+OrderInv,magnitude,column,3,1.1,251,1,0
+ReLU6+OrderInv,magnitude,row,1,1.1,210,1,0
+ReLU6+OrderInv,magnitude,column,2,1.1,107,1,0
+ReLU6+OrderInv,magnitude,single,2,1.1,216,0,0
+ReLU6+OrderInv,magnitude,column,0,1.1,166,0,0
+ReLU6+OrderInv,magnitude,row,0,1.1,343,1,0
+ReLU6+OrderInv,magnitude,block,2,1.1,343,1,0
+ReLU6+OrderInv,magnitude,block,1,1.1,91,1,0
+ReLU6+OrderInv,magnitude,row,2,1.1,205,1,0
+ReLU6+OrderInv,magnitude,column,3,1.1,220,0,0
+ReLU6+OrderInv,magnitude,single,0,1.1,108,0,0
+ReLU6+OrderInv,magnitude,single,1,1.1,200,0,0
+ReLU6+OrderInv,magnitude,block,1,2.0,278,1,0
+ReLU6+OrderInv,magnitude,random,1,2.0,290,1,0
+ReLU6+OrderInv,magnitude,column,0,2.0,29,0,0
+ReLU6+OrderInv,magnitude,column,0,2.0,25,1,0
+ReLU6+OrderInv,magnitude,column,1,2.0,205,1,0
+ReLU6+OrderInv,magnitude,random,2,2.0,42,1,0
+ReLU6+OrderInv,magnitude,random,1,2.0,300,0,0
+ReLU6+OrderInv,magnitude,random,0,2.0,212,0,0
+ReLU6+OrderInv,magnitude,single,2,2.0,164,1,0
+ReLU6+OrderInv,magnitude,block,3,2.0,158,1,0
+ReLU6+OrderInv,magnitude,random,0,2.0,213,0,0
+ReLU6+OrderInv,magnitude,row,2,2.0,189,1,0
+ReLU6+OrderInv,magnitude,random,3,2.0,326,0,0
+ReLU6+OrderInv,magnitude,row,0,2.0,277,1,0
+ReLU6+OrderInv,magnitude,random,3,2.0,99,1,0
+ReLU6+OrderInv,magnitude,block,1,2.0,86,1,0
+ReLU6+OrderInv,magnitude,row,3,2.0,284,1,0
+ReLU6+OrderInv,magnitude,block,1,2.0,358,1,0
+ReLU6+OrderInv,magnitude,random,0,2.0,38,0,0
+ReLU6+OrderInv,magnitude,block,2,2.0,282,1,0
+ReLU6+OrderInv,magnitude,column,0,2.0,354,0,0
+ReLU6+OrderInv,magnitude,row,3,2.0,315,1,0
+ReLU6+OrderInv,magnitude,column,2,2.0,121,1,0
+ReLU6+OrderInv,magnitude,single,3,2.0,323,0,0
+ReLU6+OrderInv,magnitude,column,1,2.0,270,0,0
+ReLU6+OrderInv,magnitude,block,1,2.0,219,1,0
+ReLU6+OrderInv,magnitude,single,0,2.0,85,0,0
+ReLU6+OrderInv,magnitude,row,0,2.0,88,1,0
+ReLU6+OrderInv,magnitude,column,1,2.0,231,1,0
+ReLU6+OrderInv,magnitude,random,2,2.0,262,1,0
+ReLU6+OrderInv,magnitude,column,2,2.0,42,0,0
+ReLU6+OrderInv,magnitude,column,1,2.0,149,0,0
+ReLU6+OrderInv,magnitude,random,0,2.0,81,1,0
+ReLU6+OrderInv,magnitude,column,1,2.0,8,0,0
+ReLU6+OrderInv,magnitude,random,1,2.0,179,1,0
+ReLU6+OrderInv,magnitude,single,0,2.0,143,1,0
+ReLU6+OrderInv,magnitude,block,0,2.0,320,1,0
+ReLU6+OrderInv,magnitude,row,0,2.0,177,1,0
+ReLU6+OrderInv,magnitude,random,1,2.0,85,1,0
+ReLU6+OrderInv,magnitude,column,0,2.0,80,1,0
+ReLU6+OrderInv,magnitude,block,0,2.0,198,1,0
+ReLU6+OrderInv,magnitude,block,1,2.0,290,1,0
+ReLU6+OrderInv,magnitude,block,1,2.0,250,1,0
+ReLU6+OrderInv,magnitude,block,1,2.0,121,1,0
+ReLU6+OrderInv,magnitude,single,3,2.0,316,1,0
+ReLU6+OrderInv,magnitude,block,0,2.0,16,1,0
+ReLU6+OrderInv,magnitude,random,3,2.0,251,1,0
+ReLU6+OrderInv,magnitude,random,0,2.0,80,0,0
+ReLU6+OrderInv,magnitude,single,2,2.0,311,0,0
+ReLU6+OrderInv,magnitude,random,1,2.0,18,1,0
+ReLU6+OrderInv,magnitude,column,2,5.0,105,0,0
+ReLU6+OrderInv,magnitude,random,3,5.0,21,0,0
+ReLU6+OrderInv,magnitude,row,2,5.0,93,1,1
+ReLU6+OrderInv,magnitude,row,3,5.0,21,1,0
+ReLU6+OrderInv,magnitude,random,0,5.0,308,1,0
+ReLU6+OrderInv,magnitude,block,3,5.0,154,1,0
+ReLU6+OrderInv,magnitude,random,2,5.0,90,0,0
+ReLU6+OrderInv,magnitude,random,2,5.0,10,0,0
+ReLU6+OrderInv,magnitude,block,0,5.0,194,1,0
+ReLU6+OrderInv,magnitude,block,2,5.0,267,0,0
+ReLU6+OrderInv,magnitude,single,3,5.0,184,0,0
+ReLU6+OrderInv,magnitude,column,1,5.0,41,0,0
+ReLU6+OrderInv,magnitude,single,1,5.0,260,0,0
+ReLU6+OrderInv,magnitude,row,1,5.0,89,1,0
+ReLU6+OrderInv,magnitude,row,0,5.0,81,1,0
+ReLU6+OrderInv,magnitude,single,0,5.0,143,0,0
+ReLU6+OrderInv,magnitude,single,0,5.0,159,0,0
+ReLU6+OrderInv,magnitude,random,3,5.0,227,1,0
+ReLU6+OrderInv,magnitude,block,3,5.0,73,1,0
+ReLU6+OrderInv,magnitude,row,3,5.0,305,1,0
+ReLU6+OrderInv,magnitude,random,3,5.0,2,1,0
+ReLU6+OrderInv,magnitude,block,0,5.0,79,1,0
+ReLU6+OrderInv,magnitude,single,2,5.0,252,0,0
+ReLU6+OrderInv,magnitude,random,1,5.0,36,0,0
+ReLU6+OrderInv,magnitude,column,2,5.0,35,1,0
+ReLU6+OrderInv,magnitude,random,1,5.0,357,1,0
+ReLU6+OrderInv,magnitude,single,3,5.0,220,1,0
+ReLU6+OrderInv,magnitude,column,3,5.0,324,1,0
+ReLU6+OrderInv,magnitude,column,2,5.0,250,0,0
+ReLU6+OrderInv,magnitude,block,1,5.0,8,1,0
+ReLU6+OrderInv,magnitude,random,3,5.0,268,0,0
+ReLU6+OrderInv,magnitude,block,2,5.0,118,1,0
+ReLU6+OrderInv,magnitude,random,3,5.0,143,1,0
+ReLU6+OrderInv,magnitude,random,3,5.0,325,1,0
+ReLU6+OrderInv,magnitude,row,1,5.0,255,1,0
+ReLU6+OrderInv,magnitude,block,1,5.0,58,1,0
+ReLU6+OrderInv,magnitude,random,0,5.0,162,1,0
+ReLU6+OrderInv,magnitude,single,2,5.0,205,1,0
+ReLU6+OrderInv,magnitude,single,0,5.0,136,1,0
+ReLU6+OrderInv,magnitude,row,3,5.0,20,1,0
+ReLU6+OrderInv,magnitude,single,1,5.0,3,1,0
+ReLU6+OrderInv,magnitude,column,0,5.0,89,0,0
+ReLU6+OrderInv,magnitude,column,1,5.0,95,1,0
+ReLU6+OrderInv,magnitude,row,1,5.0,351,1,0
+ReLU6+OrderInv,magnitude,row,2,5.0,109,1,0
+ReLU6+OrderInv,magnitude,block,2,5.0,24,1,0
+ReLU6+OrderInv,magnitude,single,1,5.0,242,0,0
+ReLU6+OrderInv,magnitude,single,3,5.0,248,0,0
+ReLU6+OrderInv,magnitude,single,3,5.0,231,0,0
+ReLU6+OrderInv,magnitude,single,2,5.0,314,0,0
+ReLU6+OrderInv,magnitude,block,0,10.0,300,1,0
+ReLU6+OrderInv,magnitude,row,2,10.0,233,1,0
+ReLU6+OrderInv,magnitude,column,0,10.0,325,0,0
+ReLU6+OrderInv,magnitude,column,0,10.0,233,1,0
+ReLU6+OrderInv,magnitude,single,1,10.0,304,0,0
+ReLU6+OrderInv,magnitude,row,0,10.0,11,1,0
+ReLU6+OrderInv,magnitude,column,3,10.0,136,1,0
+ReLU6+OrderInv,magnitude,single,3,10.0,161,0,0
+ReLU6+OrderInv,magnitude,block,3,10.0,159,1,0
+ReLU6+OrderInv,magnitude,single,1,10.0,43,0,0
+ReLU6+OrderInv,magnitude,column,0,10.0,352,0,0
+ReLU6+OrderInv,magnitude,single,1,10.0,232,0,0
+ReLU6+OrderInv,magnitude,random,1,10.0,210,0,0
+ReLU6+OrderInv,magnitude,random,1,10.0,291,1,0
+ReLU6+OrderInv,magnitude,column,3,10.0,111,0,0
+ReLU6+OrderInv,magnitude,column,2,10.0,161,0,0
+ReLU6+OrderInv,magnitude,random,2,10.0,103,0,0
+ReLU6+OrderInv,magnitude,random,0,10.0,336,0,0
+ReLU6+OrderInv,magnitude,single,0,10.0,64,0,0
+ReLU6+OrderInv,magnitude,column,1,10.0,196,1,0
+ReLU6+OrderInv,magnitude,single,1,10.0,5,0,0
+ReLU6+OrderInv,magnitude,block,2,10.0,17,1,0
+ReLU6+OrderInv,magnitude,column,1,10.0,310,0,0
+ReLU6+OrderInv,magnitude,block,0,10.0,207,1,0
+ReLU6+OrderInv,magnitude,random,2,10.0,152,0,0
+ReLU6+OrderInv,magnitude,random,1,10.0,85,1,0
+ReLU6+OrderInv,magnitude,column,2,10.0,51,0,0
+ReLU6+OrderInv,magnitude,single,0,10.0,348,0,0
+ReLU6+OrderInv,magnitude,random,1,10.0,0,1,0
+ReLU6+OrderInv,magnitude,column,1,10.0,297,0,0
+ReLU6+OrderInv,magnitude,row,2,10.0,268,1,0
+ReLU6+OrderInv,magnitude,block,2,10.0,316,1,0
+ReLU6+OrderInv,magnitude,row,2,10.0,88,1,0
+ReLU6+OrderInv,magnitude,block,2,10.0,203,1,0
+ReLU6+OrderInv,magnitude,random,1,10.0,72,0,0
+ReLU6+OrderInv,magnitude,column,2,10.0,259,0,0
+ReLU6+OrderInv,magnitude,single,1,10.0,143,0,0
+ReLU6+OrderInv,magnitude,block,0,10.0,195,1,0
+ReLU6+OrderInv,magnitude,row,0,10.0,331,1,0
+ReLU6+OrderInv,magnitude,random,3,10.0,215,0,0
+ReLU6+OrderInv,magnitude,random,3,10.0,212,0,0
+ReLU6+OrderInv,magnitude,block,1,10.0,277,1,0
+ReLU6+OrderInv,magnitude,random,1,10.0,47,0,0
+ReLU6+OrderInv,magnitude,block,0,10.0,142,1,0
+ReLU6+OrderInv,magnitude,column,1,10.0,118,0,0
+ReLU6+OrderInv,magnitude,column,0,10.0,132,0,0
+ReLU6+OrderInv,magnitude,row,3,10.0,164,1,0
+ReLU6+OrderInv,magnitude,column,3,10.0,341,0,0
+ReLU6+OrderInv,magnitude,column,1,10.0,344,1,0
+ReLU6+OrderInv,magnitude,column,3,10.0,191,1,0
+ReLU6+OrderInv,magnitude,single,3,25.0,5,0,0
+ReLU6+OrderInv,magnitude,random,3,25.0,177,1,0
+ReLU6+OrderInv,magnitude,block,1,25.0,0,1,0
+ReLU6+OrderInv,magnitude,single,0,25.0,75,0,0
+ReLU6+OrderInv,magnitude,column,1,25.0,58,0,0
+ReLU6+OrderInv,magnitude,random,0,25.0,202,1,0
+ReLU6+OrderInv,magnitude,random,3,25.0,315,0,0
+ReLU6+OrderInv,magnitude,single,1,25.0,145,1,0
+ReLU6+OrderInv,magnitude,row,1,25.0,214,1,1
+ReLU6+OrderInv,magnitude,row,2,25.0,139,1,0
+ReLU6+OrderInv,magnitude,column,3,25.0,318,0,0
+ReLU6+OrderInv,magnitude,single,2,25.0,160,0,0
+ReLU6+OrderInv,magnitude,single,2,25.0,74,0,0
+ReLU6+OrderInv,magnitude,column,3,25.0,256,0,0
+ReLU6+OrderInv,magnitude,random,3,25.0,241,1,0
+ReLU6+OrderInv,magnitude,block,3,25.0,140,0,0
+ReLU6+OrderInv,magnitude,block,3,25.0,194,1,0
+ReLU6+OrderInv,magnitude,random,3,25.0,104,0,0
+ReLU6+OrderInv,magnitude,column,0,25.0,6,0,0
+ReLU6+OrderInv,magnitude,block,2,25.0,42,1,0
+ReLU6+OrderInv,magnitude,row,0,25.0,83,1,0
+ReLU6+OrderInv,magnitude,column,0,25.0,349,1,0
+ReLU6+OrderInv,magnitude,single,3,25.0,348,0,0
+ReLU6+OrderInv,magnitude,row,0,25.0,50,1,0
+ReLU6+OrderInv,magnitude,block,1,25.0,124,1,0
+ReLU6+OrderInv,magnitude,block,1,25.0,77,1,0
+ReLU6+OrderInv,magnitude,row,3,25.0,210,1,0
+ReLU6+OrderInv,magnitude,column,1,25.0,249,1,0
+ReLU6+OrderInv,magnitude,random,0,25.0,147,0,0
+ReLU6+OrderInv,magnitude,single,0,25.0,344,1,0
+ReLU6+OrderInv,magnitude,single,2,25.0,277,1,0
+ReLU6+OrderInv,magnitude,block,0,25.0,357,1,0
+ReLU6+OrderInv,magnitude,random,3,25.0,160,1,0
+ReLU6+OrderInv,magnitude,block,2,25.0,121,1,0
+ReLU6+OrderInv,magnitude,random,3,25.0,189,0,0
+ReLU6+OrderInv,magnitude,random,1,25.0,2,1,0
+ReLU6+OrderInv,magnitude,random,3,25.0,77,1,0
+ReLU6+OrderInv,magnitude,random,0,25.0,276,1,0
+ReLU6+OrderInv,magnitude,single,2,25.0,341,1,0
+ReLU6+OrderInv,magnitude,block,2,25.0,98,1,0
+ReLU6+OrderInv,magnitude,random,2,25.0,196,0,0
+ReLU6+OrderInv,magnitude,block,1,25.0,347,1,0
+ReLU6+OrderInv,magnitude,single,2,25.0,134,1,0
+ReLU6+OrderInv,magnitude,column,2,25.0,66,0,0
+ReLU6+OrderInv,magnitude,single,0,25.0,0,0,0
+ReLU6+OrderInv,magnitude,random,0,25.0,51,1,0
+ReLU6+OrderInv,magnitude,column,2,25.0,266,0,0
+ReLU6+OrderInv,magnitude,row,1,25.0,260,1,0
+ReLU6+OrderInv,magnitude,column,3,25.0,174,1,0
+ReLU6+OrderInv,magnitude,block,3,25.0,156,1,1
+ReLU6+OrderInv,magnitude,random,2,50.0,88,1,0
+ReLU6+OrderInv,magnitude,single,0,50.0,322,1,0
+ReLU6+OrderInv,magnitude,column,3,50.0,1,1,0
+ReLU6+OrderInv,magnitude,row,0,50.0,273,1,0
+ReLU6+OrderInv,magnitude,block,0,50.0,196,1,0
+ReLU6+OrderInv,magnitude,row,1,50.0,350,1,0
+ReLU6+OrderInv,magnitude,column,0,50.0,290,1,0
+ReLU6+OrderInv,magnitude,single,2,50.0,102,0,0
+ReLU6+OrderInv,magnitude,random,1,50.0,299,1,0
+ReLU6+OrderInv,magnitude,row,0,50.0,113,1,0
+ReLU6+OrderInv,magnitude,random,0,50.0,271,0,0
+ReLU6+OrderInv,magnitude,block,0,50.0,126,1,0
+ReLU6+OrderInv,magnitude,row,1,50.0,294,1,0
+ReLU6+OrderInv,magnitude,block,3,50.0,163,1,0
+ReLU6+OrderInv,magnitude,column,1,50.0,137,0,0
+ReLU6+OrderInv,magnitude,column,0,50.0,141,0,0
+ReLU6+OrderInv,magnitude,single,0,50.0,212,0,0
+ReLU6+OrderInv,magnitude,column,1,50.0,349,0,0
+ReLU6+OrderInv,magnitude,block,2,50.0,101,1,0
+ReLU6+OrderInv,magnitude,single,1,50.0,274,0,0
+ReLU6+OrderInv,magnitude,random,2,50.0,283,0,0
+ReLU6+OrderInv,magnitude,column,0,50.0,18,1,0
+ReLU6+OrderInv,magnitude,random,3,50.0,278,0,0
+ReLU6+OrderInv,magnitude,column,1,50.0,93,0,0
+ReLU6+OrderInv,magnitude,random,2,50.0,325,0,0
+ReLU6+OrderInv,magnitude,block,1,50.0,102,1,0
+ReLU6+OrderInv,magnitude,row,1,50.0,75,1,0
+ReLU6+OrderInv,magnitude,single,1,50.0,118,1,0
+ReLU6+OrderInv,magnitude,block,0,50.0,80,1,0
+ReLU6+OrderInv,magnitude,single,3,50.0,215,1,0
+ReLU6+OrderInv,magnitude,column,0,50.0,345,1,0
+ReLU6+OrderInv,magnitude,single,1,50.0,197,1,0
+ReLU6+OrderInv,magnitude,single,0,50.0,270,1,0
+ReLU6+OrderInv,magnitude,row,2,50.0,151,1,0
+ReLU6+OrderInv,magnitude,block,3,50.0,208,1,0
+ReLU6+OrderInv,magnitude,column,2,50.0,41,1,0
+ReLU6+OrderInv,magnitude,random,3,50.0,184,0,0
+ReLU6+OrderInv,magnitude,column,3,50.0,192,0,0
+ReLU6+OrderInv,magnitude,single,3,50.0,307,1,0
+ReLU6+OrderInv,magnitude,column,1,50.0,260,1,0
+ReLU6+OrderInv,magnitude,row,2,50.0,338,1,0
+ReLU6+OrderInv,magnitude,block,2,50.0,269,1,0
+ReLU6+OrderInv,magnitude,single,2,50.0,143,0,0
+ReLU6+OrderInv,magnitude,column,1,50.0,327,0,0
+ReLU6+OrderInv,magnitude,block,2,50.0,124,1,0
+ReLU6+OrderInv,magnitude,random,1,50.0,96,1,0
+ReLU6+OrderInv,magnitude,block,2,50.0,235,1,0
+ReLU6+OrderInv,magnitude,column,0,50.0,45,1,0
+ReLU6+OrderInv,magnitude,row,2,50.0,12,1,0
+ReLU6+OrderInv,magnitude,single,1,50.0,167,1,0
+ReLU6+OrderInv,magnitude,row,1,100.0,27,1,0
+ReLU6+OrderInv,magnitude,column,1,100.0,167,0,0
+ReLU6+OrderInv,magnitude,row,2,100.0,136,1,0
+ReLU6+OrderInv,magnitude,random,1,100.0,317,1,0
+ReLU6+OrderInv,magnitude,random,1,100.0,39,1,0
+ReLU6+OrderInv,magnitude,column,1,100.0,152,0,0
+ReLU6+OrderInv,magnitude,column,2,100.0,214,0,0
+ReLU6+OrderInv,magnitude,random,1,100.0,40,1,0
+ReLU6+OrderInv,magnitude,column,2,100.0,283,0,0
+ReLU6+OrderInv,magnitude,random,2,100.0,53,0,0
+ReLU6+OrderInv,magnitude,random,0,100.0,38,0,0
+ReLU6+OrderInv,magnitude,random,0,100.0,53,1,0
+ReLU6+OrderInv,magnitude,column,3,100.0,157,1,0
+ReLU6+OrderInv,magnitude,row,1,100.0,167,1,0
+ReLU6+OrderInv,magnitude,column,1,100.0,329,0,0
+ReLU6+OrderInv,magnitude,row,2,100.0,150,1,0
+ReLU6+OrderInv,magnitude,single,1,100.0,278,0,0
+ReLU6+OrderInv,magnitude,single,3,100.0,322,0,0
+ReLU6+OrderInv,magnitude,single,1,100.0,104,1,0
+ReLU6+OrderInv,magnitude,row,1,100.0,245,1,0
+ReLU6+OrderInv,magnitude,block,2,100.0,20,1,0
+ReLU6+OrderInv,magnitude,column,2,100.0,328,1,0
+ReLU6+OrderInv,magnitude,block,1,100.0,155,1,0
+ReLU6+OrderInv,magnitude,random,2,100.0,1,1,0
+ReLU6+OrderInv,magnitude,column,0,100.0,312,1,0
+ReLU6+OrderInv,magnitude,column,0,100.0,265,0,0
+ReLU6+OrderInv,magnitude,random,3,100.0,25,1,0
+ReLU6+OrderInv,magnitude,row,2,100.0,345,1,0
+ReLU6+OrderInv,magnitude,random,0,100.0,59,0,0
+ReLU6+OrderInv,magnitude,random,1,100.0,88,1,0
+ReLU6+OrderInv,magnitude,single,3,100.0,39,0,0
+ReLU6+OrderInv,magnitude,row,2,100.0,203,1,0
+ReLU6+OrderInv,magnitude,single,3,100.0,97,1,0
+ReLU6+OrderInv,magnitude,column,2,100.0,29,0,0
+ReLU6+OrderInv,magnitude,column,1,100.0,332,0,0
+ReLU6+OrderInv,magnitude,row,1,100.0,299,1,0
+ReLU6+OrderInv,magnitude,column,3,100.0,143,0,0
+ReLU6+OrderInv,magnitude,single,3,100.0,353,1,0
+ReLU6+OrderInv,magnitude,row,2,100.0,251,1,0
+ReLU6+OrderInv,magnitude,block,3,100.0,28,1,0
+ReLU6+OrderInv,magnitude,random,2,100.0,256,1,0
+ReLU6+OrderInv,magnitude,block,0,100.0,261,1,0
+ReLU6+OrderInv,magnitude,column,3,100.0,187,1,0
+ReLU6+OrderInv,magnitude,random,0,100.0,229,0,0
+ReLU6+OrderInv,magnitude,block,2,100.0,77,1,0
+ReLU6+OrderInv,magnitude,random,3,100.0,290,1,0
+ReLU6+OrderInv,magnitude,block,1,100.0,224,1,0
+ReLU6+OrderInv,magnitude,row,2,100.0,301,1,0
+ReLU6+OrderInv,magnitude,random,0,100.0,196,1,0
+ReLU6+OrderInv,magnitude,block,2,100.0,66,1,0
+ReLU6+OrderInv,magnitude,column,0,500.0,100,1,0
+ReLU6+OrderInv,magnitude,column,2,500.0,134,1,0
+ReLU6+OrderInv,magnitude,row,0,500.0,244,1,0
+ReLU6+OrderInv,magnitude,random,0,500.0,96,1,0
+ReLU6+OrderInv,magnitude,block,1,500.0,287,1,0
+ReLU6+OrderInv,magnitude,column,1,500.0,31,1,0
+ReLU6+OrderInv,magnitude,single,2,500.0,36,1,0
+ReLU6+OrderInv,magnitude,random,3,500.0,192,1,1
+ReLU6+OrderInv,magnitude,block,3,500.0,66,1,0
+ReLU6+OrderInv,magnitude,row,0,500.0,176,1,0
+ReLU6+OrderInv,magnitude,block,0,500.0,79,1,0
+ReLU6+OrderInv,magnitude,column,3,500.0,312,0,0
+ReLU6+OrderInv,magnitude,single,2,500.0,239,1,0
+ReLU6+OrderInv,magnitude,random,1,500.0,27,1,0
+ReLU6+OrderInv,magnitude,single,2,500.0,171,0,0
+ReLU6+OrderInv,magnitude,random,2,500.0,245,0,0
+ReLU6+OrderInv,magnitude,row,3,500.0,339,1,0
+ReLU6+OrderInv,magnitude,column,0,500.0,161,1,0
+ReLU6+OrderInv,magnitude,random,3,500.0,216,0,0
+ReLU6+OrderInv,magnitude,block,0,500.0,216,1,0
+ReLU6+OrderInv,magnitude,single,3,500.0,297,1,0
+ReLU6+OrderInv,magnitude,single,3,500.0,251,0,0
+ReLU6+OrderInv,magnitude,row,0,500.0,204,1,0
+ReLU6+OrderInv,magnitude,row,3,500.0,121,1,0
+ReLU6+OrderInv,magnitude,block,2,500.0,158,1,0
+ReLU6+OrderInv,magnitude,column,0,500.0,241,1,0
+ReLU6+OrderInv,magnitude,row,0,500.0,278,1,0
+ReLU6+OrderInv,magnitude,column,0,500.0,314,1,0
+ReLU6+OrderInv,magnitude,block,3,500.0,329,1,0
+ReLU6+OrderInv,magnitude,row,2,500.0,121,1,0
+ReLU6+OrderInv,magnitude,single,2,500.0,222,1,0
+ReLU6+OrderInv,magnitude,block,1,500.0,128,1,0
+ReLU6+OrderInv,magnitude,column,2,500.0,152,0,0
+ReLU6+OrderInv,magnitude,single,2,500.0,296,1,0
+ReLU6+OrderInv,magnitude,single,0,500.0,243,0,0
+ReLU6+OrderInv,magnitude,single,3,500.0,272,0,0
+ReLU6+OrderInv,magnitude,random,0,500.0,96,0,0
+ReLU6+OrderInv,magnitude,column,2,500.0,328,1,0
+ReLU6+OrderInv,magnitude,column,2,500.0,66,1,0
+ReLU6+OrderInv,magnitude,random,1,500.0,319,1,0
+ReLU6+OrderInv,magnitude,random,0,500.0,196,1,0
+ReLU6+OrderInv,magnitude,column,1,500.0,223,1,0
+ReLU6+OrderInv,magnitude,column,1,500.0,343,1,0
+ReLU6+OrderInv,magnitude,single,0,500.0,86,0,0
+ReLU6+OrderInv,magnitude,single,3,500.0,74,0,0
+ReLU6+OrderInv,magnitude,random,1,500.0,187,1,0
+ReLU6+OrderInv,magnitude,block,3,500.0,138,1,0
+ReLU6+OrderInv,magnitude,random,2,500.0,356,0,0
+ReLU6+OrderInv,magnitude,block,2,500.0,258,1,0
+ReLU6+OrderInv,magnitude,block,1,500.0,298,1,0
+ReLU6+OI+NaN,application,single,2,100.0,73,0,0
+ReLU6+OI+NaN,application,single,1,5.0,294,0,0
+ReLU6+OI+NaN,application,single,2,5.0,181,1,0
+ReLU6+OI+NaN,application,single,1,5.0,179,1,0
+ReLU6+OI+NaN,application,single,2,1.5,67,0,0
+ReLU6+OI+NaN,application,single,3,50.0,323,1,0
+ReLU6+OI+NaN,application,single,0,50.0,285,0,0
+ReLU6+OI+NaN,application,single,2,1.5,54,0,0
+ReLU6+OI+NaN,application,single,0,100.0,154,0,0
+ReLU6+OI+NaN,application,single,2,5.0,308,1,0
+ReLU6+OI+NaN,application,single,3,100.0,166,0,0
+ReLU6+OI+NaN,application,single,2,100.0,251,0,0
+ReLU6+OI+NaN,application,single,0,100.0,126,0,0
+ReLU6+OI+NaN,application,single,1,50.0,354,0,0
+ReLU6+OI+NaN,application,single,3,1.5,46,1,0
+ReLU6+OI+NaN,application,single,0,5.0,42,0,0
+ReLU6+OI+NaN,application,single,3,100.0,243,0,0
+ReLU6+OI+NaN,application,single,0,1.5,302,0,0
+ReLU6+OI+NaN,application,single,1,50.0,171,1,0
+ReLU6+OI+NaN,application,single,0,1.5,208,1,0
+ReLU6+OI+NaN,application,single,2,50.0,202,0,0
+ReLU6+OI+NaN,application,single,1,1.5,79,0,0
+ReLU6+OI+NaN,application,single,2,50.0,256,1,0
+ReLU6+OI+NaN,application,single,2,10.0,309,0,0
+ReLU6+OI+NaN,application,single,2,1.5,134,1,0
+ReLU6+OI+NaN,application,single,2,100.0,285,0,0
+ReLU6+OI+NaN,application,single,3,5.0,50,1,0
+ReLU6+OI+NaN,application,single,2,5.0,336,0,0
+ReLU6+OI+NaN,application,single,1,1.5,114,1,0
+ReLU6+OI+NaN,application,single,0,10.0,14,1,0
+ReLU6+OI+NaN,application,single,0,10.0,92,1,0
+ReLU6+OI+NaN,application,single,2,1.5,170,0,0
+ReLU6+OI+NaN,application,single,0,10.0,50,1,0
+ReLU6+OI+NaN,application,single,1,5.0,122,1,0
+ReLU6+OI+NaN,application,single,1,50.0,307,0,0
+ReLU6+OI+NaN,application,single,2,1.5,119,0,0
+ReLU6+OI+NaN,application,single,0,50.0,155,0,0
+ReLU6+OI+NaN,application,single,0,10.0,268,0,0
+ReLU6+OI+NaN,application,single,3,10.0,246,0,0
+ReLU6+OI+NaN,application,single,2,5.0,206,1,0
+ReLU6+OI+NaN,application,single,2,100.0,122,0,0
+ReLU6+OI+NaN,application,single,3,10.0,67,1,0
+ReLU6+OI+NaN,application,single,3,5.0,165,0,0
+ReLU6+OI+NaN,application,single,2,1.5,314,0,0
+ReLU6+OI+NaN,application,single,2,50.0,165,1,0
+ReLU6+OI+NaN,application,single,2,10.0,58,1,0
+ReLU6+OI+NaN,application,single,0,5.0,243,0,0
+ReLU6+OI+NaN,application,single,2,1.5,333,0,0
+ReLU6+OI+NaN,application,single,1,1.5,274,0,0
+ReLU6+OI+NaN,application,single,1,100.0,51,0,0
+ReLU6+OI+NaN,application,single,0,1.5,250,0,0
+ReLU6+OI+NaN,application,single,0,10.0,6,0,0
+ReLU6+OI+NaN,application,single,3,50.0,47,0,0
+ReLU6+OI+NaN,application,single,1,50.0,166,0,0
+ReLU6+OI+NaN,application,single,2,10.0,17,1,0
+ReLU6+OI+NaN,application,single,3,5.0,259,0,0
+ReLU6+OI+NaN,application,single,1,5.0,23,0,0
+ReLU6+OI+NaN,application,single,0,10.0,210,0,0
+ReLU6+OI+NaN,application,single,0,5.0,281,0,0
+ReLU6+OI+NaN,application,single,2,5.0,141,0,0
+ReLU6+OI+NaN,application,single,0,100.0,300,1,0
+ReLU6+OI+NaN,application,single,0,5.0,312,0,0
+ReLU6+OI+NaN,application,single,1,1.5,232,0,0
+ReLU6+OI+NaN,application,single,1,1.5,139,0,0
+ReLU6+OI+NaN,application,single,1,5.0,135,1,0
+ReLU6+OI+NaN,application,single,1,100.0,212,1,0
+ReLU6+OI+NaN,application,single,2,10.0,353,0,0
+ReLU6+OI+NaN,application,single,0,1.5,309,0,0
+ReLU6+OI+NaN,application,single,0,100.0,144,1,0
+ReLU6+OI+NaN,application,single,2,5.0,140,0,0
+ReLU6+OI+NaN,application,single,2,1.5,230,0,0
+ReLU6+OI+NaN,application,single,3,1.5,351,1,0
+ReLU6+OI+NaN,application,single,1,10.0,184,0,0
+ReLU6+OI+NaN,application,single,2,5.0,290,1,0
+ReLU6+OI+NaN,application,single,3,50.0,277,1,0
+ReLU6+OI+NaN,application,single,1,100.0,358,1,0
+ReLU6+OI+NaN,application,single,2,5.0,51,1,0
+ReLU6+OI+NaN,application,single,1,5.0,4,0,0
+ReLU6+OI+NaN,application,single,2,1.5,66,1,0
+ReLU6+OI+NaN,application,single,2,50.0,261,0,0
+ReLU6+OI+NaN,application,single,2,5.0,305,0,0
+ReLU6+OI+NaN,application,single,0,50.0,240,1,0
+ReLU6+OI+NaN,application,single,0,5.0,329,0,0
+ReLU6+OI+NaN,application,single,1,10.0,42,0,0
+ReLU6+OI+NaN,application,single,2,1.5,28,1,0
+ReLU6+OI+NaN,application,single,2,50.0,292,1,0
+ReLU6+OI+NaN,application,single,1,50.0,198,0,0
+ReLU6+OI+NaN,application,single,3,5.0,185,0,0
+ReLU6+OI+NaN,application,single,2,50.0,215,0,0
+ReLU6+OI+NaN,application,single,0,50.0,276,1,0
+ReLU6+OI+NaN,application,single,0,10.0,125,0,0
+ReLU6+OI+NaN,application,single,2,100.0,287,0,0
+ReLU6+OI+NaN,application,single,2,5.0,261,1,0
+ReLU6+OI+NaN,application,single,3,50.0,181,1,0
+ReLU6+OI+NaN,application,single,2,10.0,297,0,0
+ReLU6+OI+NaN,application,single,0,1.5,54,0,0
+ReLU6+OI+NaN,application,single,2,5.0,351,0,0
+ReLU6+OI+NaN,application,single,0,50.0,264,0,0
+ReLU6+OI+NaN,application,single,0,10.0,192,1,0
+ReLU6+OI+NaN,application,single,1,5.0,328,1,0
+ReLU6+OI+NaN,application,random,0,10.0,109,0,0
+ReLU6+OI+NaN,application,random,1,1.5,164,1,0
+ReLU6+OI+NaN,application,random,3,1.5,168,0,0
+ReLU6+OI+NaN,application,random,1,50.0,126,0,0
+ReLU6+OI+NaN,application,random,2,100.0,37,0,0
+ReLU6+OI+NaN,application,random,1,5.0,150,1,0
+ReLU6+OI+NaN,application,random,3,10.0,16,1,0
+ReLU6+OI+NaN,application,random,2,100.0,180,0,0
+ReLU6+OI+NaN,application,random,0,10.0,338,1,0
+ReLU6+OI+NaN,application,random,2,10.0,324,1,0
+ReLU6+OI+NaN,application,random,0,50.0,243,0,0
+ReLU6+OI+NaN,application,random,0,50.0,352,0,0
+ReLU6+OI+NaN,application,random,0,100.0,325,1,0
+ReLU6+OI+NaN,application,random,2,1.5,88,0,0
+ReLU6+OI+NaN,application,random,2,50.0,114,0,0
+ReLU6+OI+NaN,application,random,2,1.5,276,1,0
+ReLU6+OI+NaN,application,random,2,50.0,64,0,0
+ReLU6+OI+NaN,application,random,2,100.0,242,0,0
+ReLU6+OI+NaN,application,random,0,100.0,48,1,0
+ReLU6+OI+NaN,application,random,3,50.0,224,1,0
+ReLU6+OI+NaN,application,random,1,50.0,239,0,0
+ReLU6+OI+NaN,application,random,0,5.0,29,0,0
+ReLU6+OI+NaN,application,random,0,5.0,261,0,0
+ReLU6+OI+NaN,application,random,3,1.5,225,0,0
+ReLU6+OI+NaN,application,random,2,100.0,284,0,0
+ReLU6+OI+NaN,application,random,2,50.0,68,0,0
+ReLU6+OI+NaN,application,random,3,10.0,182,0,0
+ReLU6+OI+NaN,application,random,1,50.0,44,0,0
+ReLU6+OI+NaN,application,random,1,5.0,352,1,0
+ReLU6+OI+NaN,application,random,0,50.0,163,1,0
+ReLU6+OI+NaN,application,random,3,100.0,312,1,0
+ReLU6+OI+NaN,application,random,2,100.0,31,0,0
+ReLU6+OI+NaN,application,random,2,5.0,340,1,0
+ReLU6+OI+NaN,application,random,0,10.0,253,1,0
+ReLU6+OI+NaN,application,random,1,100.0,231,1,0
+ReLU6+OI+NaN,application,random,1,10.0,190,0,0
+ReLU6+OI+NaN,application,random,0,100.0,67,1,0
+ReLU6+OI+NaN,application,random,1,5.0,62,0,0
+ReLU6+OI+NaN,application,random,3,100.0,160,0,0
+ReLU6+OI+NaN,application,random,3,10.0,96,1,0
+ReLU6+OI+NaN,application,random,1,100.0,206,1,0
+ReLU6+OI+NaN,application,random,0,50.0,152,1,0
+ReLU6+OI+NaN,application,random,2,10.0,346,1,0
+ReLU6+OI+NaN,application,random,2,10.0,189,0,0
+ReLU6+OI+NaN,application,random,3,50.0,313,1,0
+ReLU6+OI+NaN,application,random,3,5.0,97,0,0
+ReLU6+OI+NaN,application,random,3,5.0,323,0,0
+ReLU6+OI+NaN,application,random,0,5.0,177,1,0
+ReLU6+OI+NaN,application,random,0,5.0,274,0,0
+ReLU6+OI+NaN,application,random,3,5.0,151,1,0
+ReLU6+OI+NaN,application,random,0,5.0,114,1,0
+ReLU6+OI+NaN,application,random,2,5.0,357,0,0
+ReLU6+OI+NaN,application,random,3,10.0,244,1,0
+ReLU6+OI+NaN,application,random,3,50.0,98,0,0
+ReLU6+OI+NaN,application,random,1,100.0,156,1,0
+ReLU6+OI+NaN,application,random,0,5.0,223,1,0
+ReLU6+OI+NaN,application,random,3,10.0,348,1,0
+ReLU6+OI+NaN,application,random,2,5.0,283,0,0
+ReLU6+OI+NaN,application,random,1,100.0,85,1,0
+ReLU6+OI+NaN,application,random,1,100.0,329,1,0
+ReLU6+OI+NaN,application,random,3,1.5,206,0,0
+ReLU6+OI+NaN,application,random,3,1.5,227,0,0
+ReLU6+OI+NaN,application,random,3,100.0,14,0,0
+ReLU6+OI+NaN,application,random,0,5.0,135,1,0
+ReLU6+OI+NaN,application,random,0,5.0,250,1,0
+ReLU6+OI+NaN,application,random,2,1.5,86,1,0
+ReLU6+OI+NaN,application,random,3,1.5,258,0,0
+ReLU6+OI+NaN,application,random,1,10.0,109,0,0
+ReLU6+OI+NaN,application,random,2,5.0,338,0,0
+ReLU6+OI+NaN,application,random,3,10.0,261,1,0
+ReLU6+OI+NaN,application,random,0,5.0,253,0,0
+ReLU6+OI+NaN,application,random,2,5.0,141,0,0
+ReLU6+OI+NaN,application,random,2,5.0,166,1,0
+ReLU6+OI+NaN,application,random,0,10.0,257,1,0
+ReLU6+OI+NaN,application,random,0,50.0,295,0,0
+ReLU6+OI+NaN,application,random,3,50.0,336,0,0
+ReLU6+OI+NaN,application,random,3,1.5,301,0,0
+ReLU6+OI+NaN,application,random,2,10.0,323,0,0
+ReLU6+OI+NaN,application,random,1,10.0,351,1,0
+ReLU6+OI+NaN,application,random,1,100.0,355,1,0
+ReLU6+OI+NaN,application,random,2,1.5,12,1,0
+ReLU6+OI+NaN,application,random,1,1.5,181,1,0
+ReLU6+OI+NaN,application,random,1,10.0,280,0,0
+ReLU6+OI+NaN,application,random,0,1.5,122,0,0
+ReLU6+OI+NaN,application,random,3,10.0,5,0,0
+ReLU6+OI+NaN,application,random,1,10.0,179,0,0
+ReLU6+OI+NaN,application,random,3,5.0,297,0,0
+ReLU6+OI+NaN,application,random,2,1.5,75,0,0
+ReLU6+OI+NaN,application,random,2,5.0,87,0,0
+ReLU6+OI+NaN,application,random,3,1.5,22,0,0
+ReLU6+OI+NaN,application,random,3,100.0,341,1,0
+ReLU6+OI+NaN,application,random,1,10.0,2,1,0
+ReLU6+OI+NaN,application,random,1,5.0,163,0,0
+ReLU6+OI+NaN,application,random,3,5.0,280,0,0
+ReLU6+OI+NaN,application,random,1,100.0,74,1,0
+ReLU6+OI+NaN,application,random,3,100.0,101,0,0
+ReLU6+OI+NaN,application,random,3,100.0,296,1,0
+ReLU6+OI+NaN,application,random,1,50.0,209,0,0
+ReLU6+OI+NaN,application,random,1,5.0,33,1,0
+ReLU6+OI+NaN,application,random,0,5.0,123,1,0
+ReLU6+OI+NaN,application,row,2,100.0,121,1,0
+ReLU6+OI+NaN,application,row,3,5.0,111,1,0
+ReLU6+OI+NaN,application,row,0,50.0,136,1,0
+ReLU6+OI+NaN,application,row,0,1.5,261,1,0
+ReLU6+OI+NaN,application,row,2,50.0,274,1,0
+ReLU6+OI+NaN,application,row,3,1.5,260,1,0
+ReLU6+OI+NaN,application,row,1,5.0,128,1,0
+ReLU6+OI+NaN,application,row,0,50.0,325,1,0
+ReLU6+OI+NaN,application,row,2,5.0,265,1,0
+ReLU6+OI+NaN,application,row,0,10.0,165,1,0
+ReLU6+OI+NaN,application,row,3,50.0,34,1,0
+ReLU6+OI+NaN,application,row,0,50.0,222,1,0
+ReLU6+OI+NaN,application,row,2,50.0,162,1,0
+ReLU6+OI+NaN,application,row,1,10.0,188,1,0
+ReLU6+OI+NaN,application,row,0,10.0,257,1,0
+ReLU6+OI+NaN,application,row,1,1.5,2,1,0
+ReLU6+OI+NaN,application,row,3,1.5,28,1,0
+ReLU6+OI+NaN,application,row,0,10.0,275,1,0
+ReLU6+OI+NaN,application,row,3,10.0,1,1,0
+ReLU6+OI+NaN,application,row,2,5.0,150,1,0
+ReLU6+OI+NaN,application,row,3,10.0,322,1,0
+ReLU6+OI+NaN,application,row,0,100.0,109,1,0
+ReLU6+OI+NaN,application,row,0,50.0,55,1,0
+ReLU6+OI+NaN,application,row,2,5.0,329,1,0
+ReLU6+OI+NaN,application,row,3,10.0,191,1,0
+ReLU6+OI+NaN,application,row,0,100.0,212,1,0
+ReLU6+OI+NaN,application,row,3,1.5,286,1,0
+ReLU6+OI+NaN,application,row,1,50.0,127,1,0
+ReLU6+OI+NaN,application,row,1,100.0,288,1,0
+ReLU6+OI+NaN,application,row,3,100.0,315,1,0
+ReLU6+OI+NaN,application,row,2,1.5,356,1,0
+ReLU6+OI+NaN,application,row,3,10.0,348,1,0
+ReLU6+OI+NaN,application,row,0,5.0,197,1,0
+ReLU6+OI+NaN,application,row,1,5.0,187,1,0
+ReLU6+OI+NaN,application,row,0,5.0,101,1,0
+ReLU6+OI+NaN,application,row,0,10.0,2,1,1
+ReLU6+OI+NaN,application,row,3,5.0,345,1,0
+ReLU6+OI+NaN,application,row,3,10.0,146,1,0
+ReLU6+OI+NaN,application,row,0,1.5,359,1,0
+ReLU6+OI+NaN,application,row,3,50.0,111,1,0
+ReLU6+OI+NaN,application,row,1,50.0,61,1,0
+ReLU6+OI+NaN,application,row,3,50.0,359,1,0
+ReLU6+OI+NaN,application,row,3,10.0,13,1,0
+ReLU6+OI+NaN,application,row,1,10.0,325,1,0
+ReLU6+OI+NaN,application,row,2,10.0,128,1,0
+ReLU6+OI+NaN,application,row,2,100.0,346,1,0
+ReLU6+OI+NaN,application,row,1,1.5,166,1,0
+ReLU6+OI+NaN,application,row,1,100.0,21,1,0
+ReLU6+OI+NaN,application,row,3,50.0,188,1,0
+ReLU6+OI+NaN,application,row,1,1.5,143,1,0
+ReLU6+OI+NaN,application,row,3,10.0,224,1,0
+ReLU6+OI+NaN,application,row,3,50.0,297,1,0
+ReLU6+OI+NaN,application,row,1,10.0,145,1,0
+ReLU6+OI+NaN,application,row,3,100.0,183,1,0
+ReLU6+OI+NaN,application,row,2,50.0,314,1,0
+ReLU6+OI+NaN,application,row,1,50.0,251,1,0
+ReLU6+OI+NaN,application,row,3,5.0,183,1,0
+ReLU6+OI+NaN,application,row,0,1.5,250,1,0
+ReLU6+OI+NaN,application,row,0,100.0,315,1,0
+ReLU6+OI+NaN,application,row,2,10.0,62,1,0
+ReLU6+OI+NaN,application,row,0,1.5,319,1,0
+ReLU6+OI+NaN,application,row,1,5.0,89,1,0
+ReLU6+OI+NaN,application,row,2,1.5,117,1,0
+ReLU6+OI+NaN,application,row,3,1.5,63,1,0
+ReLU6+OI+NaN,application,row,0,10.0,140,1,0
+ReLU6+OI+NaN,application,row,2,1.5,72,1,0
+ReLU6+OI+NaN,application,row,2,5.0,146,1,0
+ReLU6+OI+NaN,application,row,1,1.5,200,1,0
+ReLU6+OI+NaN,application,row,3,10.0,252,1,0
+ReLU6+OI+NaN,application,row,0,100.0,307,1,0
+ReLU6+OI+NaN,application,row,3,100.0,212,1,0
+ReLU6+OI+NaN,application,row,1,5.0,155,1,0
+ReLU6+OI+NaN,application,row,0,50.0,206,1,0
+ReLU6+OI+NaN,application,row,3,5.0,53,1,0
+ReLU6+OI+NaN,application,row,0,100.0,104,1,0
+ReLU6+OI+NaN,application,row,0,100.0,328,1,0
+ReLU6+OI+NaN,application,row,3,100.0,274,1,0
+ReLU6+OI+NaN,application,row,2,5.0,98,1,0
+ReLU6+OI+NaN,application,row,0,50.0,269,1,0
+ReLU6+OI+NaN,application,row,2,50.0,226,1,0
+ReLU6+OI+NaN,application,row,0,10.0,227,1,0
+ReLU6+OI+NaN,application,row,0,5.0,335,1,0
+ReLU6+OI+NaN,application,row,2,5.0,336,1,0
+ReLU6+OI+NaN,application,row,2,10.0,99,1,0
+ReLU6+OI+NaN,application,row,3,5.0,126,1,0
+ReLU6+OI+NaN,application,row,1,1.5,173,1,0
+ReLU6+OI+NaN,application,row,3,1.5,103,1,0
+ReLU6+OI+NaN,application,row,0,50.0,51,1,1
+ReLU6+OI+NaN,application,row,1,50.0,238,1,0
+ReLU6+OI+NaN,application,row,1,100.0,352,1,0
+ReLU6+OI+NaN,application,row,0,10.0,61,1,0
+ReLU6+OI+NaN,application,row,0,5.0,92,1,0
+ReLU6+OI+NaN,application,row,0,1.5,214,1,0
+ReLU6+OI+NaN,application,row,2,10.0,261,1,0
+ReLU6+OI+NaN,application,row,0,10.0,251,1,0
+ReLU6+OI+NaN,application,row,0,5.0,208,1,0
+ReLU6+OI+NaN,application,row,2,50.0,216,1,0
+ReLU6+OI+NaN,application,row,3,10.0,153,1,0
+ReLU6+OI+NaN,application,row,1,5.0,341,1,0
+ReLU6+OI+NaN,application,row,0,5.0,288,1,0
+ReLU6+OI+NaN,application,column,3,50.0,59,1,0
+ReLU6+OI+NaN,application,column,3,50.0,351,0,0
+ReLU6+OI+NaN,application,column,1,10.0,256,1,0
+ReLU6+OI+NaN,application,column,0,50.0,240,0,0
+ReLU6+OI+NaN,application,column,3,10.0,109,0,0
+ReLU6+OI+NaN,application,column,1,10.0,127,1,0
+ReLU6+OI+NaN,application,column,3,5.0,263,1,0
+ReLU6+OI+NaN,application,column,0,1.5,346,0,0
+ReLU6+OI+NaN,application,column,0,10.0,184,0,0
+ReLU6+OI+NaN,application,column,2,1.5,183,0,0
+ReLU6+OI+NaN,application,column,3,1.5,215,0,0
+ReLU6+OI+NaN,application,column,0,1.5,259,0,0
+ReLU6+OI+NaN,application,column,2,10.0,158,0,0
+ReLU6+OI+NaN,application,column,2,5.0,247,0,0
+ReLU6+OI+NaN,application,column,3,1.5,86,1,0
+ReLU6+OI+NaN,application,column,1,5.0,332,0,0
+ReLU6+OI+NaN,application,column,3,100.0,34,1,0
+ReLU6+OI+NaN,application,column,2,5.0,17,1,0
+ReLU6+OI+NaN,application,column,2,5.0,60,0,0
+ReLU6+OI+NaN,application,column,2,10.0,92,0,0
+ReLU6+OI+NaN,application,column,0,1.5,110,1,0
+ReLU6+OI+NaN,application,column,2,1.5,157,1,0
+ReLU6+OI+NaN,application,column,0,100.0,61,1,0
+ReLU6+OI+NaN,application,column,3,1.5,94,1,0
+ReLU6+OI+NaN,application,column,3,50.0,158,0,0
+ReLU6+OI+NaN,application,column,3,5.0,124,1,1
+ReLU6+OI+NaN,application,column,0,5.0,303,0,0
+ReLU6+OI+NaN,application,column,3,5.0,316,0,0
+ReLU6+OI+NaN,application,column,1,1.5,248,0,0
+ReLU6+OI+NaN,application,column,2,10.0,277,1,0
+ReLU6+OI+NaN,application,column,2,50.0,166,0,0
+ReLU6+OI+NaN,application,column,1,10.0,285,1,0
+ReLU6+OI+NaN,application,column,1,1.5,324,0,0
+ReLU6+OI+NaN,application,column,3,5.0,29,0,0
+ReLU6+OI+NaN,application,column,3,50.0,321,1,0
+ReLU6+OI+NaN,application,column,3,5.0,186,1,0
+ReLU6+OI+NaN,application,column,0,100.0,240,1,0
+ReLU6+OI+NaN,application,column,0,100.0,280,0,0
+ReLU6+OI+NaN,application,column,3,50.0,328,0,0
+ReLU6+OI+NaN,application,column,2,5.0,234,0,0
+ReLU6+OI+NaN,application,column,3,100.0,48,1,0
+ReLU6+OI+NaN,application,column,2,100.0,160,1,0
+ReLU6+OI+NaN,application,column,0,5.0,49,1,0
+ReLU6+OI+NaN,application,column,3,10.0,2,0,0
+ReLU6+OI+NaN,application,column,1,5.0,283,0,0
+ReLU6+OI+NaN,application,column,0,1.5,80,1,0
+ReLU6+OI+NaN,application,column,1,10.0,197,0,0
+ReLU6+OI+NaN,application,column,2,1.5,24,0,0
+ReLU6+OI+NaN,application,column,3,50.0,263,0,0
+ReLU6+OI+NaN,application,column,3,1.5,209,0,0
+ReLU6+OI+NaN,application,column,1,10.0,111,0,0
+ReLU6+OI+NaN,application,column,0,5.0,175,0,0
+ReLU6+OI+NaN,application,column,3,10.0,212,1,0
+ReLU6+OI+NaN,application,column,3,100.0,160,1,0
+ReLU6+OI+NaN,application,column,3,100.0,96,0,0
+ReLU6+OI+NaN,application,column,2,1.5,52,1,0
+ReLU6+OI+NaN,application,column,0,10.0,187,1,0
+ReLU6+OI+NaN,application,column,2,50.0,47,0,0
+ReLU6+OI+NaN,application,column,2,5.0,237,1,0
+ReLU6+OI+NaN,application,column,0,50.0,49,0,0
+ReLU6+OI+NaN,application,column,1,1.5,186,1,0
+ReLU6+OI+NaN,application,column,2,1.5,304,0,0
+ReLU6+OI+NaN,application,column,3,100.0,248,0,0
+ReLU6+OI+NaN,application,column,0,50.0,245,0,0
+ReLU6+OI+NaN,application,column,1,1.5,24,0,0
+ReLU6+OI+NaN,application,column,2,1.5,8,0,0
+ReLU6+OI+NaN,application,column,0,5.0,326,0,0
+ReLU6+OI+NaN,application,column,0,50.0,76,0,0
+ReLU6+OI+NaN,application,column,0,1.5,140,1,0
+ReLU6+OI+NaN,application,column,2,10.0,316,1,0
+ReLU6+OI+NaN,application,column,3,5.0,44,1,0
+ReLU6+OI+NaN,application,column,2,10.0,76,1,0
+ReLU6+OI+NaN,application,column,1,100.0,358,0,0
+ReLU6+OI+NaN,application,column,3,50.0,265,0,0
+ReLU6+OI+NaN,application,column,1,5.0,94,0,0
+ReLU6+OI+NaN,application,column,3,50.0,174,1,0
+ReLU6+OI+NaN,application,column,0,1.5,152,0,0
+ReLU6+OI+NaN,application,column,3,100.0,354,0,0
+ReLU6+OI+NaN,application,column,2,50.0,186,1,0
+ReLU6+OI+NaN,application,column,1,50.0,130,1,0
+ReLU6+OI+NaN,application,column,2,100.0,114,0,0
+ReLU6+OI+NaN,application,column,2,1.5,186,1,0
+ReLU6+OI+NaN,application,column,1,5.0,217,1,0
+ReLU6+OI+NaN,application,column,0,10.0,310,1,0
+ReLU6+OI+NaN,application,column,3,1.5,315,0,0
+ReLU6+OI+NaN,application,column,3,5.0,157,1,0
+ReLU6+OI+NaN,application,column,3,1.5,289,1,0
+ReLU6+OI+NaN,application,column,2,1.5,163,0,0
+ReLU6+OI+NaN,application,column,1,10.0,153,1,0
+ReLU6+OI+NaN,application,column,3,1.5,251,0,0
+ReLU6+OI+NaN,application,column,2,100.0,91,1,0
+ReLU6+OI+NaN,application,column,0,5.0,353,0,0
+ReLU6+OI+NaN,application,column,1,1.5,207,0,0
+ReLU6+OI+NaN,application,column,1,50.0,95,0,0
+ReLU6+OI+NaN,application,column,2,5.0,132,1,0
+ReLU6+OI+NaN,application,column,0,100.0,118,1,0
+ReLU6+OI+NaN,application,column,2,5.0,54,0,0
+ReLU6+OI+NaN,application,column,0,1.5,257,0,0
+ReLU6+OI+NaN,application,column,0,5.0,209,0,0
+ReLU6+OI+NaN,application,column,0,50.0,145,0,0
+ReLU6+OI+NaN,application,block,2,1.5,102,1,0
+ReLU6+OI+NaN,application,block,2,1.5,157,1,0
+ReLU6+OI+NaN,application,block,3,5.0,265,1,0
+ReLU6+OI+NaN,application,block,3,5.0,332,1,0
+ReLU6+OI+NaN,application,block,1,100.0,248,1,0
+ReLU6+OI+NaN,application,block,0,1.5,184,1,0
+ReLU6+OI+NaN,application,block,0,10.0,216,1,0
+ReLU6+OI+NaN,application,block,0,5.0,23,1,0
+ReLU6+OI+NaN,application,block,0,100.0,117,1,0
+ReLU6+OI+NaN,application,block,3,1.5,61,1,0
+ReLU6+OI+NaN,application,block,0,1.5,142,1,0
+ReLU6+OI+NaN,application,block,2,100.0,115,1,0
+ReLU6+OI+NaN,application,block,1,10.0,249,1,0
+ReLU6+OI+NaN,application,block,1,1.5,332,1,0
+ReLU6+OI+NaN,application,block,3,50.0,17,1,0
+ReLU6+OI+NaN,application,block,1,5.0,34,1,0
+ReLU6+OI+NaN,application,block,0,100.0,141,1,0
+ReLU6+OI+NaN,application,block,2,5.0,84,1,0
+ReLU6+OI+NaN,application,block,0,5.0,215,1,0
+ReLU6+OI+NaN,application,block,0,50.0,80,1,0
+ReLU6+OI+NaN,application,block,2,10.0,311,1,0
+ReLU6+OI+NaN,application,block,0,100.0,320,1,0
+ReLU6+OI+NaN,application,block,0,1.5,222,1,0
+ReLU6+OI+NaN,application,block,1,10.0,294,1,0
+ReLU6+OI+NaN,application,block,0,5.0,67,1,1
+ReLU6+OI+NaN,application,block,2,50.0,336,1,0
+ReLU6+OI+NaN,application,block,2,10.0,106,1,0
+ReLU6+OI+NaN,application,block,1,100.0,229,1,0
+ReLU6+OI+NaN,application,block,2,1.5,262,1,0
+ReLU6+OI+NaN,application,block,3,5.0,203,1,0
+ReLU6+OI+NaN,application,block,2,1.5,181,1,0
+ReLU6+OI+NaN,application,block,2,50.0,27,1,0
+ReLU6+OI+NaN,application,block,1,50.0,172,1,0
+ReLU6+OI+NaN,application,block,2,1.5,311,1,0
+ReLU6+OI+NaN,application,block,1,100.0,261,1,0
+ReLU6+OI+NaN,application,block,1,100.0,57,1,0
+ReLU6+OI+NaN,application,block,1,50.0,355,1,0
+ReLU6+OI+NaN,application,block,1,5.0,179,1,0
+ReLU6+OI+NaN,application,block,1,50.0,34,1,0
+ReLU6+OI+NaN,application,block,1,1.5,195,1,0
+ReLU6+OI+NaN,application,block,0,10.0,21,1,0
+ReLU6+OI+NaN,application,block,2,1.5,161,1,0
+ReLU6+OI+NaN,application,block,2,5.0,294,1,0
+ReLU6+OI+NaN,application,block,1,50.0,205,1,0
+ReLU6+OI+NaN,application,block,3,50.0,107,1,1
+ReLU6+OI+NaN,application,block,1,1.5,1,1,0
+ReLU6+OI+NaN,application,block,1,5.0,194,1,0
+ReLU6+OI+NaN,application,block,2,1.5,314,1,0
+ReLU6+OI+NaN,application,block,3,10.0,255,1,0
+ReLU6+OI+NaN,application,block,2,100.0,318,1,0
+ReLU6+OI+NaN,application,block,3,5.0,358,1,0
+ReLU6+OI+NaN,application,block,3,10.0,264,1,0
+ReLU6+OI+NaN,application,block,3,10.0,205,1,0
+ReLU6+OI+NaN,application,block,3,10.0,300,1,0
+ReLU6+OI+NaN,application,block,1,10.0,290,1,0
+ReLU6+OI+NaN,application,block,0,10.0,319,1,0
+ReLU6+OI+NaN,application,block,0,50.0,312,1,0
+ReLU6+OI+NaN,application,block,3,5.0,307,1,0
+ReLU6+OI+NaN,application,block,2,10.0,113,1,0
+ReLU6+OI+NaN,application,block,1,10.0,281,1,0
+ReLU6+OI+NaN,application,block,0,50.0,266,1,0
+ReLU6+OI+NaN,application,block,2,100.0,341,1,0
+ReLU6+OI+NaN,application,block,0,50.0,285,1,0
+ReLU6+OI+NaN,application,block,3,50.0,302,1,0
+ReLU6+OI+NaN,application,block,0,1.5,119,1,0
+ReLU6+OI+NaN,application,block,3,50.0,130,1,0
+ReLU6+OI+NaN,application,block,1,1.5,171,1,0
+ReLU6+OI+NaN,application,block,1,10.0,21,1,0
+ReLU6+OI+NaN,application,block,1,50.0,219,1,0
+ReLU6+OI+NaN,application,block,2,50.0,44,1,0
+ReLU6+OI+NaN,application,block,1,50.0,48,1,0
+ReLU6+OI+NaN,application,block,0,5.0,226,1,0
+ReLU6+OI+NaN,application,block,2,100.0,268,1,0
+ReLU6+OI+NaN,application,block,2,5.0,344,1,0
+ReLU6+OI+NaN,application,block,3,5.0,20,1,0
+ReLU6+OI+NaN,application,block,2,5.0,157,1,0
+ReLU6+OI+NaN,application,block,1,50.0,320,1,0
+ReLU6+OI+NaN,application,block,1,5.0,348,1,0
+ReLU6+OI+NaN,application,block,3,5.0,35,1,0
+ReLU6+OI+NaN,application,block,1,100.0,299,1,0
+ReLU6+OI+NaN,application,block,2,5.0,71,1,0
+ReLU6+OI+NaN,application,block,1,50.0,309,1,0
+ReLU6+OI+NaN,application,block,1,50.0,133,1,0
+ReLU6+OI+NaN,application,block,3,100.0,318,1,0
+ReLU6+OI+NaN,application,block,2,100.0,307,1,0
+ReLU6+OI+NaN,application,block,0,5.0,324,1,0
+ReLU6+OI+NaN,application,block,1,100.0,205,1,0
+ReLU6+OI+NaN,application,block,1,100.0,351,1,0
+ReLU6+OI+NaN,application,block,3,50.0,74,1,0
+ReLU6+OI+NaN,application,block,3,100.0,157,1,0
+ReLU6+OI+NaN,application,block,3,1.5,210,1,0
+ReLU6+OI+NaN,application,block,2,50.0,242,1,0
+ReLU6+OI+NaN,application,block,2,1.5,4,1,0
+ReLU6+OI+NaN,application,block,3,1.5,247,1,0
+ReLU6+OI+NaN,application,block,2,1.5,82,1,0
+ReLU6+OI+NaN,application,block,1,50.0,57,1,0
+ReLU6+OI+NaN,application,block,0,50.0,287,1,0
+ReLU6+OI+NaN,application,block,1,10.0,136,1,0
+ReLU6+OI+NaN,application,block,1,1.5,259,1,0
+ReLU6+OI+NaN,application,block,0,5.0,304,1,0
+ReLU6+OI+NaN,application,bitflip,0,nan,154,0,0
+ReLU6+OI+NaN,application,bitflip,2,nan,294,0,0
+ReLU6+OI+NaN,application,bitflip,1,nan,196,0,0
+ReLU6+OI+NaN,application,bitflip,2,nan,248,0,0
+ReLU6+OI+NaN,application,bitflip,3,nan,75,1,0
+ReLU6+OI+NaN,application,bitflip,0,nan,317,0,0
+ReLU6+OI+NaN,application,bitflip,1,nan,124,0,0
+ReLU6+OI+NaN,application,bitflip,1,nan,49,0,0
+ReLU6+OI+NaN,application,bitflip,2,nan,261,1,0
+ReLU6+OI+NaN,application,bitflip,3,nan,299,1,0
+ReLU6+OI+NaN,application,bitflip,2,nan,248,0,0
+ReLU6+OI+NaN,application,bitflip,0,nan,332,1,0
+ReLU6+OI+NaN,application,bitflip,2,nan,103,0,0
+ReLU6+OI+NaN,application,bitflip,1,nan,10,0,0
+ReLU6+OI+NaN,application,bitflip,3,nan,88,0,0
+ReLU6+OI+NaN,application,bitflip,3,nan,3,0,0
+ReLU6+OI+NaN,application,bitflip,1,nan,248,0,0
+ReLU6+OI+NaN,application,bitflip,3,nan,33,0,0
+ReLU6+OI+NaN,application,bitflip,0,nan,154,0,0
+ReLU6+OI+NaN,application,bitflip,2,nan,104,0,0
+ReLU6+OI+NaN,application,bitflip,1,nan,325,0,0
+ReLU6+OI+NaN,application,bitflip,2,nan,359,0,0
+ReLU6+OI+NaN,application,bitflip,3,nan,119,0,0
+ReLU6+OI+NaN,application,bitflip,0,nan,48,0,0
+ReLU6+OI+NaN,application,bitflip,0,nan,124,0,0
+ReLU6+OI+NaN,application,bitflip,1,nan,273,1,0
+ReLU6+OI+NaN,application,bitflip,0,nan,226,0,0
+ReLU6+OI+NaN,application,bitflip,3,nan,128,0,0
+ReLU6+OI+NaN,application,bitflip,0,nan,104,0,0
+ReLU6+OI+NaN,application,bitflip,3,nan,112,0,0
+ReLU6+OI+NaN,application,bitflip,3,nan,347,0,0
+ReLU6+OI+NaN,application,bitflip,2,nan,4,0,0
+ReLU6+OI+NaN,application,bitflip,0,nan,334,0,0
+ReLU6+OI+NaN,application,bitflip,1,nan,186,0,0
+ReLU6+OI+NaN,application,bitflip,2,nan,97,0,0
+ReLU6+OI+NaN,application,bitflip,0,nan,251,0,0
+ReLU6+OI+NaN,application,bitflip,3,nan,215,1,0
+ReLU6+OI+NaN,application,bitflip,3,nan,197,0,0
+ReLU6+OI+NaN,application,bitflip,2,nan,186,0,0
+ReLU6+OI+NaN,application,bitflip,0,nan,224,0,0
+ReLU6+OI+NaN,application,bitflip,0,nan,258,0,0
+ReLU6+OI+NaN,application,bitflip,3,nan,185,0,0
+ReLU6+OI+NaN,application,bitflip,1,nan,183,0,0
+ReLU6+OI+NaN,application,bitflip,3,nan,272,0,0
+ReLU6+OI+NaN,application,bitflip,2,nan,240,1,0
+ReLU6+OI+NaN,application,bitflip,3,nan,176,0,0
+ReLU6+OI+NaN,application,bitflip,1,nan,168,0,0
+ReLU6+OI+NaN,application,bitflip,0,nan,131,0,0
+ReLU6+OI+NaN,application,bitflip,0,nan,222,0,0
+ReLU6+OI+NaN,application,bitflip,0,nan,181,0,0
+ReLU6+OI+NaN,application,bitflip,2,nan,349,1,0
+ReLU6+OI+NaN,application,bitflip,3,nan,134,0,0
+ReLU6+OI+NaN,application,bitflip,1,nan,301,0,0
+ReLU6+OI+NaN,application,bitflip,1,nan,213,0,0
+ReLU6+OI+NaN,application,bitflip,0,nan,23,0,0
+ReLU6+OI+NaN,application,bitflip,2,nan,280,0,0
+ReLU6+OI+NaN,application,bitflip,0,nan,97,1,0
+ReLU6+OI+NaN,application,bitflip,2,nan,328,0,0
+ReLU6+OI+NaN,application,bitflip,2,nan,84,0,0
+ReLU6+OI+NaN,application,bitflip,2,nan,62,1,0
+ReLU6+OI+NaN,application,bitflip,0,nan,212,0,0
+ReLU6+OI+NaN,application,bitflip,0,nan,48,0,0
+ReLU6+OI+NaN,application,bitflip,3,nan,212,0,0
+ReLU6+OI+NaN,application,bitflip,1,nan,175,1,0
+ReLU6+OI+NaN,application,bitflip,0,nan,230,1,0
+ReLU6+OI+NaN,application,bitflip,0,nan,312,0,0
+ReLU6+OI+NaN,application,bitflip,1,nan,127,1,0
+ReLU6+OI+NaN,application,bitflip,2,nan,286,0,0
+ReLU6+OI+NaN,application,bitflip,0,nan,246,0,0
+ReLU6+OI+NaN,application,bitflip,1,nan,23,1,0
+ReLU6+OI+NaN,application,bitflip,2,nan,2,1,0
+ReLU6+OI+NaN,application,bitflip,2,nan,148,0,0
+ReLU6+OI+NaN,application,bitflip,1,nan,99,0,0
+ReLU6+OI+NaN,application,bitflip,2,nan,354,0,0
+ReLU6+OI+NaN,application,bitflip,1,nan,207,0,0
+ReLU6+OI+NaN,application,bitflip,1,nan,297,0,0
+ReLU6+OI+NaN,application,bitflip,1,nan,20,0,0
+ReLU6+OI+NaN,application,bitflip,2,nan,216,0,0
+ReLU6+OI+NaN,application,bitflip,2,nan,246,0,0
+ReLU6+OI+NaN,application,bitflip,0,nan,35,1,0
+ReLU6+OI+NaN,application,bitflip,1,nan,70,1,0
+ReLU6+OI+NaN,application,bitflip,3,nan,96,0,0
+ReLU6+OI+NaN,application,bitflip,2,nan,271,0,0
+ReLU6+OI+NaN,application,bitflip,0,nan,140,1,0
+ReLU6+OI+NaN,application,bitflip,2,nan,207,0,0
+ReLU6+OI+NaN,application,bitflip,2,nan,108,0,0
+ReLU6+OI+NaN,application,bitflip,0,nan,44,0,0
+ReLU6+OI+NaN,application,bitflip,1,nan,217,1,0
+ReLU6+OI+NaN,application,bitflip,1,nan,72,0,0
+ReLU6+OI+NaN,application,bitflip,0,nan,96,0,0
+ReLU6+OI+NaN,application,bitflip,3,nan,348,0,0
+ReLU6+OI+NaN,application,bitflip,2,nan,118,1,0
+ReLU6+OI+NaN,application,bitflip,1,nan,282,0,0
+ReLU6+OI+NaN,application,bitflip,3,nan,10,1,0
+ReLU6+OI+NaN,application,bitflip,0,nan,208,0,0
+ReLU6+OI+NaN,application,bitflip,0,nan,102,0,0
+ReLU6+OI+NaN,application,bitflip,3,nan,75,0,0
+ReLU6+OI+NaN,application,bitflip,2,nan,75,0,0
+ReLU6+OI+NaN,application,bitflip,1,nan,19,0,0
+ReLU6+OI+NaN,application,bitflip,1,nan,212,0,0
+ReLU6+OI+NaN,application,nan,3,nan,66,1,0
+ReLU6+OI+NaN,application,nan,3,nan,300,1,0
+ReLU6+OI+NaN,application,nan,0,nan,257,1,0
+ReLU6+OI+NaN,application,nan,0,nan,172,1,0
+ReLU6+OI+NaN,application,nan,3,nan,90,1,0
+ReLU6+OI+NaN,application,nan,2,nan,249,1,0
+ReLU6+OI+NaN,application,nan,0,nan,289,1,0
+ReLU6+OI+NaN,application,nan,3,nan,116,1,0
+ReLU6+OI+NaN,application,nan,0,nan,62,1,0
+ReLU6+OI+NaN,application,nan,0,nan,115,1,0
+ReLU6+OI+NaN,application,nan,0,nan,41,1,0
+ReLU6+OI+NaN,application,nan,2,nan,347,1,0
+ReLU6+OI+NaN,application,nan,2,nan,126,1,0
+ReLU6+OI+NaN,application,nan,0,nan,17,1,0
+ReLU6+OI+NaN,application,nan,2,nan,252,1,0
+ReLU6+OI+NaN,application,nan,2,nan,170,1,0
+ReLU6+OI+NaN,application,nan,3,nan,0,1,0
+ReLU6+OI+NaN,application,nan,3,nan,46,1,0
+ReLU6+OI+NaN,application,nan,0,nan,211,1,0
+ReLU6+OI+NaN,application,nan,1,nan,349,1,0
+ReLU6+OI+NaN,application,nan,3,nan,239,1,0
+ReLU6+OI+NaN,application,nan,3,nan,141,1,0
+ReLU6+OI+NaN,application,nan,3,nan,71,1,0
+ReLU6+OI+NaN,application,nan,2,nan,44,1,0
+ReLU6+OI+NaN,application,nan,3,nan,184,1,0
+ReLU6+OI+NaN,application,nan,0,nan,13,1,0
+ReLU6+OI+NaN,application,nan,2,nan,74,1,0
+ReLU6+OI+NaN,application,nan,0,nan,178,1,0
+ReLU6+OI+NaN,application,nan,1,nan,246,1,0
+ReLU6+OI+NaN,application,nan,2,nan,122,1,0
+ReLU6+OI+NaN,application,nan,1,nan,69,1,0
+ReLU6+OI+NaN,application,nan,2,nan,359,1,0
+ReLU6+OI+NaN,application,nan,0,nan,279,1,0
+ReLU6+OI+NaN,application,nan,2,nan,338,1,0
+ReLU6+OI+NaN,application,nan,1,nan,0,1,0
+ReLU6+OI+NaN,application,nan,3,nan,142,1,0
+ReLU6+OI+NaN,application,nan,0,nan,282,1,0
+ReLU6+OI+NaN,application,nan,3,nan,40,1,0
+ReLU6+OI+NaN,application,nan,0,nan,109,1,0
+ReLU6+OI+NaN,application,nan,2,nan,127,1,0
+ReLU6+OI+NaN,application,nan,2,nan,344,1,0
+ReLU6+OI+NaN,application,nan,3,nan,56,1,0
+ReLU6+OI+NaN,application,nan,3,nan,276,1,0
+ReLU6+OI+NaN,application,nan,2,nan,67,1,0
+ReLU6+OI+NaN,application,nan,0,nan,337,1,0
+ReLU6+OI+NaN,application,nan,2,nan,93,1,0
+ReLU6+OI+NaN,application,nan,3,nan,132,1,0
+ReLU6+OI+NaN,application,nan,1,nan,288,1,0
+ReLU6+OI+NaN,application,nan,2,nan,340,1,0
+ReLU6+OI+NaN,application,nan,2,nan,163,1,0
+ReLU6+OI+NaN,application,nan,3,nan,201,1,0
+ReLU6+OI+NaN,application,nan,3,nan,75,1,0
+ReLU6+OI+NaN,application,nan,0,nan,234,1,0
+ReLU6+OI+NaN,application,nan,1,nan,253,1,0
+ReLU6+OI+NaN,application,nan,1,nan,348,1,0
+ReLU6+OI+NaN,application,nan,3,nan,78,1,0
+ReLU6+OI+NaN,application,nan,2,nan,49,1,0
+ReLU6+OI+NaN,application,nan,0,nan,34,1,0
+ReLU6+OI+NaN,application,nan,1,nan,85,1,0
+ReLU6+OI+NaN,application,nan,3,nan,227,1,0
+ReLU6+OI+NaN,application,nan,2,nan,61,1,0
+ReLU6+OI+NaN,application,nan,3,nan,82,1,0
+ReLU6+OI+NaN,application,nan,1,nan,358,1,0
+ReLU6+OI+NaN,application,nan,3,nan,170,1,0
+ReLU6+OI+NaN,application,nan,1,nan,249,1,0
+ReLU6+OI+NaN,application,nan,0,nan,6,1,0
+ReLU6+OI+NaN,application,nan,0,nan,72,1,0
+ReLU6+OI+NaN,application,nan,1,nan,53,1,0
+ReLU6+OI+NaN,application,nan,1,nan,326,1,0
+ReLU6+OI+NaN,application,nan,2,nan,74,1,0
+ReLU6+OI+NaN,application,nan,0,nan,288,1,0
+ReLU6+OI+NaN,application,nan,3,nan,189,1,0
+ReLU6+OI+NaN,application,nan,0,nan,170,1,0
+ReLU6+OI+NaN,application,nan,1,nan,182,1,0
+ReLU6+OI+NaN,application,nan,3,nan,114,1,0
+ReLU6+OI+NaN,application,nan,1,nan,95,1,0
+ReLU6+OI+NaN,application,nan,1,nan,174,1,0
+ReLU6+OI+NaN,application,nan,3,nan,79,1,0
+ReLU6+OI+NaN,application,nan,2,nan,338,1,0
+ReLU6+OI+NaN,application,nan,1,nan,40,0,0
+ReLU6+OI+NaN,application,nan,3,nan,354,1,0
+ReLU6+OI+NaN,application,nan,3,nan,236,1,0
+ReLU6+OI+NaN,application,nan,2,nan,231,1,0
+ReLU6+OI+NaN,application,nan,1,nan,150,1,0
+ReLU6+OI+NaN,application,nan,0,nan,272,1,0
+ReLU6+OI+NaN,application,nan,3,nan,132,1,0
+ReLU6+OI+NaN,application,nan,1,nan,353,1,0
+ReLU6+OI+NaN,application,nan,3,nan,288,1,0
+ReLU6+OI+NaN,application,nan,3,nan,315,1,0
+ReLU6+OI+NaN,application,nan,0,nan,240,1,0
+ReLU6+OI+NaN,application,nan,2,nan,22,1,0
+ReLU6+OI+NaN,application,nan,2,nan,33,1,0
+ReLU6+OI+NaN,application,nan,1,nan,78,1,0
+ReLU6+OI+NaN,application,nan,1,nan,295,0,0
+ReLU6+OI+NaN,application,nan,1,nan,213,1,0
+ReLU6+OI+NaN,application,nan,0,nan,112,1,0
+ReLU6+OI+NaN,application,nan,0,nan,33,1,0
+ReLU6+OI+NaN,application,nan,2,nan,140,1,0
+ReLU6+OI+NaN,application,nan,1,nan,355,1,0
+ReLU6+OI+NaN,application,nan,2,nan,285,1,0
+ReLU6+OI+NaN,layer,column,0,1.5,32,0,0
+ReLU6+OI+NaN,layer,single,0,5.0,327,0,0
+ReLU6+OI+NaN,layer,random,0,10.0,261,0,0
+ReLU6+OI+NaN,layer,row,0,1.5,156,1,1
+ReLU6+OI+NaN,layer,single,0,50.0,347,0,0
+ReLU6+OI+NaN,layer,column,0,1.5,278,0,0
+ReLU6+OI+NaN,layer,single,0,1.5,146,1,0
+ReLU6+OI+NaN,layer,column,0,10.0,303,1,0
+ReLU6+OI+NaN,layer,random,0,100.0,230,0,0
+ReLU6+OI+NaN,layer,random,0,50.0,263,0,0
+ReLU6+OI+NaN,layer,random,0,50.0,153,0,0
+ReLU6+OI+NaN,layer,random,0,50.0,191,1,0
+ReLU6+OI+NaN,layer,block,0,1.5,339,1,0
+ReLU6+OI+NaN,layer,single,0,10.0,59,1,0
+ReLU6+OI+NaN,layer,random,0,1.5,195,1,0
+ReLU6+OI+NaN,layer,single,0,50.0,261,0,0
+ReLU6+OI+NaN,layer,single,0,50.0,220,1,0
+ReLU6+OI+NaN,layer,column,0,100.0,137,0,0
+ReLU6+OI+NaN,layer,row,0,100.0,40,1,0
+ReLU6+OI+NaN,layer,row,0,10.0,211,1,0
+ReLU6+OI+NaN,layer,single,0,50.0,209,1,0
+ReLU6+OI+NaN,layer,single,0,10.0,340,0,0
+ReLU6+OI+NaN,layer,block,0,1.5,71,1,0
+ReLU6+OI+NaN,layer,block,0,10.0,37,1,0
+ReLU6+OI+NaN,layer,block,0,1.5,233,1,0
+ReLU6+OI+NaN,layer,row,0,5.0,114,1,0
+ReLU6+OI+NaN,layer,random,0,5.0,340,0,0
+ReLU6+OI+NaN,layer,single,0,100.0,204,1,0
+ReLU6+OI+NaN,layer,block,0,10.0,75,1,0
+ReLU6+OI+NaN,layer,random,0,1.5,324,1,0
+ReLU6+OI+NaN,layer,random,0,1.5,69,0,0
+ReLU6+OI+NaN,layer,random,0,50.0,296,0,0
+ReLU6+OI+NaN,layer,block,0,10.0,321,1,0
+ReLU6+OI+NaN,layer,block,0,5.0,277,1,0
+ReLU6+OI+NaN,layer,column,0,5.0,254,0,0
+ReLU6+OI+NaN,layer,column,0,100.0,151,1,0
+ReLU6+OI+NaN,layer,column,0,1.5,205,0,0
+ReLU6+OI+NaN,layer,block,0,1.5,53,1,0
+ReLU6+OI+NaN,layer,single,0,5.0,227,0,0
+ReLU6+OI+NaN,layer,column,0,1.5,3,1,0
+ReLU6+OI+NaN,layer,row,0,50.0,71,1,0
+ReLU6+OI+NaN,layer,row,0,100.0,52,1,0
+ReLU6+OI+NaN,layer,column,0,50.0,87,0,0
+ReLU6+OI+NaN,layer,random,0,100.0,157,0,0
+ReLU6+OI+NaN,layer,block,0,50.0,168,1,1
+ReLU6+OI+NaN,layer,row,0,100.0,38,1,0
+ReLU6+OI+NaN,layer,row,0,5.0,352,1,0
+ReLU6+OI+NaN,layer,random,0,10.0,82,0,0
+ReLU6+OI+NaN,layer,column,0,50.0,300,1,0
+ReLU6+OI+NaN,layer,random,0,50.0,283,1,0
+ReLU6+OI+NaN,layer,column,0,10.0,1,1,0
+ReLU6+OI+NaN,layer,block,0,10.0,291,1,0
+ReLU6+OI+NaN,layer,column,0,5.0,156,1,0
+ReLU6+OI+NaN,layer,single,0,10.0,86,0,0
+ReLU6+OI+NaN,layer,block,0,1.5,1,1,0
+ReLU6+OI+NaN,layer,single,0,1.5,183,1,0
+ReLU6+OI+NaN,layer,row,0,5.0,214,1,0
+ReLU6+OI+NaN,layer,block,0,10.0,178,1,0
+ReLU6+OI+NaN,layer,column,0,50.0,146,0,0
+ReLU6+OI+NaN,layer,single,0,50.0,107,0,0
+ReLU6+OI+NaN,layer,column,0,10.0,170,0,0
+ReLU6+OI+NaN,layer,row,0,50.0,39,1,0
+ReLU6+OI+NaN,layer,random,0,10.0,305,1,0
+ReLU6+OI+NaN,layer,block,0,10.0,43,1,0
+ReLU6+OI+NaN,layer,single,0,10.0,334,0,0
+ReLU6+OI+NaN,layer,single,0,10.0,66,0,0
+ReLU6+OI+NaN,layer,single,0,50.0,35,1,0
+ReLU6+OI+NaN,layer,single,0,50.0,140,0,0
+ReLU6+OI+NaN,layer,single,0,10.0,204,1,0
+ReLU6+OI+NaN,layer,row,0,1.5,346,1,0
+ReLU6+OI+NaN,layer,single,0,10.0,160,0,0
+ReLU6+OI+NaN,layer,single,0,100.0,269,1,0
+ReLU6+OI+NaN,layer,random,0,10.0,179,0,0
+ReLU6+OI+NaN,layer,row,0,5.0,335,1,0
+ReLU6+OI+NaN,layer,single,0,50.0,358,0,0
+ReLU6+OI+NaN,layer,random,0,5.0,313,1,0
+ReLU6+OI+NaN,layer,block,0,100.0,287,1,0
+ReLU6+OI+NaN,layer,block,0,1.5,63,1,0
+ReLU6+OI+NaN,layer,row,0,50.0,147,1,1
+ReLU6+OI+NaN,layer,row,0,5.0,296,1,0
+ReLU6+OI+NaN,layer,column,1,1.5,298,1,0
+ReLU6+OI+NaN,layer,block,1,50.0,20,1,0
+ReLU6+OI+NaN,layer,block,1,100.0,42,1,0
+ReLU6+OI+NaN,layer,block,1,10.0,330,1,0
+ReLU6+OI+NaN,layer,block,1,5.0,105,1,0
+ReLU6+OI+NaN,layer,column,1,50.0,193,0,0
+ReLU6+OI+NaN,layer,column,1,1.5,37,1,0
+ReLU6+OI+NaN,layer,single,1,10.0,311,0,0
+ReLU6+OI+NaN,layer,row,1,10.0,86,1,0
+ReLU6+OI+NaN,layer,block,1,5.0,185,1,0
+ReLU6+OI+NaN,layer,random,1,5.0,222,1,0
+ReLU6+OI+NaN,layer,random,1,10.0,357,1,0
+ReLU6+OI+NaN,layer,column,1,50.0,181,0,0
+ReLU6+OI+NaN,layer,single,1,5.0,19,0,0
+ReLU6+OI+NaN,layer,single,1,1.5,254,1,0
+ReLU6+OI+NaN,layer,column,1,5.0,103,0,0
+ReLU6+OI+NaN,layer,single,1,1.5,158,1,0
+ReLU6+OI+NaN,layer,random,1,5.0,233,1,0
+ReLU6+OI+NaN,layer,row,1,50.0,249,1,0
+ReLU6+OI+NaN,layer,single,1,1.5,192,0,0
+ReLU6+OI+NaN,layer,block,1,5.0,76,1,0
+ReLU6+OI+NaN,layer,single,1,1.5,240,1,0
+ReLU6+OI+NaN,layer,block,1,50.0,186,1,0
+ReLU6+OI+NaN,layer,random,1,1.5,180,1,0
+ReLU6+OI+NaN,layer,single,1,50.0,318,0,0
+ReLU6+OI+NaN,layer,block,1,10.0,160,1,0
+ReLU6+OI+NaN,layer,column,1,50.0,347,1,0
+ReLU6+OI+NaN,layer,random,1,1.5,231,1,0
+ReLU6+OI+NaN,layer,column,1,100.0,57,1,0
+ReLU6+OI+NaN,layer,block,1,10.0,224,1,0
+ReLU6+OI+NaN,layer,column,1,50.0,72,0,0
+ReLU6+OI+NaN,layer,single,1,100.0,307,1,0
+ReLU6+OI+NaN,layer,random,1,50.0,143,1,0
+ReLU6+OI+NaN,layer,block,1,10.0,290,1,0
+ReLU6+OI+NaN,layer,row,1,50.0,153,1,0
+ReLU6+OI+NaN,layer,block,1,10.0,91,1,0
+ReLU6+OI+NaN,layer,random,1,100.0,310,1,0
+ReLU6+OI+NaN,layer,row,1,50.0,14,1,0
+ReLU6+OI+NaN,layer,row,1,10.0,202,1,0
+ReLU6+OI+NaN,layer,block,1,50.0,59,1,0
+ReLU6+OI+NaN,layer,random,1,5.0,344,0,0
+ReLU6+OI+NaN,layer,single,1,5.0,288,0,0
+ReLU6+OI+NaN,layer,row,1,10.0,241,1,0
+ReLU6+OI+NaN,layer,column,1,1.5,294,1,0
+ReLU6+OI+NaN,layer,single,1,100.0,176,1,0
+ReLU6+OI+NaN,layer,row,1,10.0,299,1,0
+ReLU6+OI+NaN,layer,block,1,5.0,228,1,0
+ReLU6+OI+NaN,layer,random,1,5.0,268,1,0
+ReLU6+OI+NaN,layer,block,1,1.5,334,1,0
+ReLU6+OI+NaN,layer,row,1,5.0,82,1,0
+ReLU6+OI+NaN,layer,random,1,10.0,24,1,0
+ReLU6+OI+NaN,layer,random,1,50.0,209,1,0
+ReLU6+OI+NaN,layer,single,1,5.0,110,0,0
+ReLU6+OI+NaN,layer,single,1,50.0,300,0,0
+ReLU6+OI+NaN,layer,block,1,1.5,12,1,0
+ReLU6+OI+NaN,layer,column,1,100.0,161,0,0
+ReLU6+OI+NaN,layer,row,1,100.0,272,1,0
+ReLU6+OI+NaN,layer,block,1,10.0,262,1,0
+ReLU6+OI+NaN,layer,single,1,100.0,60,1,0
+ReLU6+OI+NaN,layer,column,1,5.0,198,1,0
+ReLU6+OI+NaN,layer,column,1,50.0,313,1,0
+ReLU6+OI+NaN,layer,column,1,50.0,220,1,0
+ReLU6+OI+NaN,layer,single,1,1.5,342,1,0
+ReLU6+OI+NaN,layer,single,1,10.0,189,1,0
+ReLU6+OI+NaN,layer,random,1,100.0,81,1,0
+ReLU6+OI+NaN,layer,single,1,1.5,17,1,0
+ReLU6+OI+NaN,layer,random,1,100.0,125,1,0
+ReLU6+OI+NaN,layer,row,1,50.0,278,1,0
+ReLU6+OI+NaN,layer,random,1,50.0,44,1,0
+ReLU6+OI+NaN,layer,block,1,1.5,108,1,0
+ReLU6+OI+NaN,layer,row,1,50.0,262,1,0
+ReLU6+OI+NaN,layer,random,1,50.0,54,1,0
+ReLU6+OI+NaN,layer,row,1,1.5,30,1,0
+ReLU6+OI+NaN,layer,random,1,1.5,92,1,0
+ReLU6+OI+NaN,layer,row,1,1.5,326,1,0
+ReLU6+OI+NaN,layer,column,1,50.0,255,1,0
+ReLU6+OI+NaN,layer,row,1,50.0,35,1,0
+ReLU6+OI+NaN,layer,random,1,10.0,246,1,0
+ReLU6+OI+NaN,layer,row,1,1.5,79,1,0
+ReLU6+OI+NaN,layer,block,1,5.0,78,1,0
+ReLU6+OI+NaN,layer,column,2,10.0,275,0,0
+ReLU6+OI+NaN,layer,block,2,100.0,328,1,0
+ReLU6+OI+NaN,layer,random,2,100.0,32,1,0
+ReLU6+OI+NaN,layer,column,2,100.0,26,1,0
+ReLU6+OI+NaN,layer,block,2,5.0,9,1,0
+ReLU6+OI+NaN,layer,row,2,5.0,294,1,0
+ReLU6+OI+NaN,layer,single,2,5.0,57,0,0
+ReLU6+OI+NaN,layer,column,2,10.0,355,0,0
+ReLU6+OI+NaN,layer,column,2,5.0,50,0,0
+ReLU6+OI+NaN,layer,column,2,50.0,334,1,0
+ReLU6+OI+NaN,layer,column,2,1.5,199,1,0
+ReLU6+OI+NaN,layer,row,2,100.0,158,1,0
+ReLU6+OI+NaN,layer,row,2,5.0,238,1,0
+ReLU6+OI+NaN,layer,random,2,5.0,211,1,0
+ReLU6+OI+NaN,layer,block,2,5.0,44,1,0
+ReLU6+OI+NaN,layer,single,2,10.0,342,1,0
+ReLU6+OI+NaN,layer,random,2,5.0,139,0,0
+ReLU6+OI+NaN,layer,row,2,5.0,219,1,0
+ReLU6+OI+NaN,layer,single,2,1.5,158,1,0
+ReLU6+OI+NaN,layer,row,2,10.0,7,1,0
+ReLU6+OI+NaN,layer,column,2,100.0,46,0,0
+ReLU6+OI+NaN,layer,column,2,5.0,257,0,0
+ReLU6+OI+NaN,layer,column,2,10.0,57,0,0
+ReLU6+OI+NaN,layer,block,2,100.0,303,1,0
+ReLU6+OI+NaN,layer,single,2,10.0,336,0,0
+ReLU6+OI+NaN,layer,block,2,100.0,77,1,0
+ReLU6+OI+NaN,layer,row,2,10.0,271,1,0
+ReLU6+OI+NaN,layer,random,2,100.0,59,0,0
+ReLU6+OI+NaN,layer,row,2,50.0,124,1,0
+ReLU6+OI+NaN,layer,single,2,10.0,211,0,0
+ReLU6+OI+NaN,layer,random,2,100.0,163,0,0
+ReLU6+OI+NaN,layer,row,2,10.0,289,1,0
+ReLU6+OI+NaN,layer,single,2,10.0,165,0,0
+ReLU6+OI+NaN,layer,block,2,50.0,266,1,0
+ReLU6+OI+NaN,layer,row,2,50.0,151,1,0
+ReLU6+OI+NaN,layer,block,2,100.0,293,1,0
+ReLU6+OI+NaN,layer,column,2,10.0,359,0,0
+ReLU6+OI+NaN,layer,single,2,1.5,249,0,0
+ReLU6+OI+NaN,layer,column,2,100.0,66,0,0
+ReLU6+OI+NaN,layer,row,2,1.5,235,1,0
+ReLU6+OI+NaN,layer,column,2,10.0,279,1,0
+ReLU6+OI+NaN,layer,block,2,1.5,273,1,0
+ReLU6+OI+NaN,layer,column,2,5.0,298,1,0
+ReLU6+OI+NaN,layer,random,2,50.0,121,0,0
+ReLU6+OI+NaN,layer,row,2,50.0,144,1,0
+ReLU6+OI+NaN,layer,random,2,10.0,246,1,0
+ReLU6+OI+NaN,layer,block,2,50.0,36,1,0
+ReLU6+OI+NaN,layer,random,2,10.0,187,0,0
+ReLU6+OI+NaN,layer,row,2,50.0,84,1,0
+ReLU6+OI+NaN,layer,single,2,50.0,69,0,0
+ReLU6+OI+NaN,layer,random,2,50.0,18,1,0
+ReLU6+OI+NaN,layer,block,2,5.0,232,1,0
+ReLU6+OI+NaN,layer,column,2,100.0,359,0,0
+ReLU6+OI+NaN,layer,block,2,10.0,222,1,0
+ReLU6+OI+NaN,layer,row,2,1.5,283,1,0
+ReLU6+OI+NaN,layer,column,2,50.0,353,1,0
+ReLU6+OI+NaN,layer,single,2,100.0,192,1,1
+ReLU6+OI+NaN,layer,row,2,100.0,101,1,0
+ReLU6+OI+NaN,layer,single,2,50.0,15,0,0
+ReLU6+OI+NaN,layer,block,2,1.5,357,1,0
+ReLU6+OI+NaN,layer,random,2,1.5,209,1,0
+ReLU6+OI+NaN,layer,single,2,10.0,38,1,0
+ReLU6+OI+NaN,layer,row,2,10.0,18,1,0
+ReLU6+OI+NaN,layer,column,2,5.0,243,1,0
+ReLU6+OI+NaN,layer,single,2,5.0,12,0,0
+ReLU6+OI+NaN,layer,single,2,5.0,195,1,0
+ReLU6+OI+NaN,layer,random,2,1.5,121,1,0
+ReLU6+OI+NaN,layer,column,2,100.0,170,0,0
+ReLU6+OI+NaN,layer,random,2,1.5,251,1,0
+ReLU6+OI+NaN,layer,single,2,1.5,318,0,0
+ReLU6+OI+NaN,layer,column,2,5.0,270,0,0
+ReLU6+OI+NaN,layer,block,2,5.0,345,1,0
+ReLU6+OI+NaN,layer,random,2,1.5,277,0,0
+ReLU6+OI+NaN,layer,random,2,5.0,91,0,0
+ReLU6+OI+NaN,layer,random,2,1.5,158,1,0
+ReLU6+OI+NaN,layer,row,2,100.0,6,1,0
+ReLU6+OI+NaN,layer,random,2,5.0,324,1,0
+ReLU6+OI+NaN,layer,row,2,10.0,348,1,0
+ReLU6+OI+NaN,layer,column,2,5.0,313,0,0
+ReLU6+OI+NaN,layer,random,2,5.0,337,0,0
+ReLU6+OI+NaN,layer,single,3,50.0,295,0,0
+ReLU6+OI+NaN,layer,column,3,5.0,209,0,0
+ReLU6+OI+NaN,layer,single,3,5.0,139,0,0
+ReLU6+OI+NaN,layer,column,3,50.0,85,0,0
+ReLU6+OI+NaN,layer,block,3,50.0,18,1,0
+ReLU6+OI+NaN,layer,block,3,100.0,265,1,0
+ReLU6+OI+NaN,layer,column,3,100.0,4,1,0
+ReLU6+OI+NaN,layer,block,3,1.5,3,1,0
+ReLU6+OI+NaN,layer,random,3,50.0,29,0,0
+ReLU6+OI+NaN,layer,random,3,100.0,203,1,0
+ReLU6+OI+NaN,layer,random,3,50.0,219,0,0
+ReLU6+OI+NaN,layer,row,3,5.0,49,1,0
+ReLU6+OI+NaN,layer,block,3,100.0,171,1,0
+ReLU6+OI+NaN,layer,random,3,50.0,59,0,0
+ReLU6+OI+NaN,layer,single,3,1.5,139,0,0
+ReLU6+OI+NaN,layer,random,3,5.0,275,1,0
+ReLU6+OI+NaN,layer,single,3,50.0,251,0,0
+ReLU6+OI+NaN,layer,random,3,1.5,95,0,0
+ReLU6+OI+NaN,layer,column,3,50.0,164,0,0
+ReLU6+OI+NaN,layer,row,3,10.0,346,1,0
+ReLU6+OI+NaN,layer,single,3,50.0,195,1,0
+ReLU6+OI+NaN,layer,random,3,10.0,47,1,0
+ReLU6+OI+NaN,layer,row,3,1.5,183,1,0
+ReLU6+OI+NaN,layer,column,3,1.5,218,1,0
+ReLU6+OI+NaN,layer,random,3,10.0,144,1,0
+ReLU6+OI+NaN,layer,single,3,100.0,73,0,0
+ReLU6+OI+NaN,layer,single,3,100.0,198,0,0
+ReLU6+OI+NaN,layer,single,3,50.0,251,0,0
+ReLU6+OI+NaN,layer,single,3,100.0,111,0,0
+ReLU6+OI+NaN,layer,row,3,1.5,65,1,0
+ReLU6+OI+NaN,layer,random,3,100.0,272,1,0
+ReLU6+OI+NaN,layer,row,3,1.5,309,1,0
+ReLU6+OI+NaN,layer,random,3,50.0,302,0,0
+ReLU6+OI+NaN,layer,row,3,50.0,230,1,0
+ReLU6+OI+NaN,layer,random,3,100.0,68,1,0
+ReLU6+OI+NaN,layer,block,3,10.0,202,1,0
+ReLU6+OI+NaN,layer,random,3,5.0,210,1,0
+ReLU6+OI+NaN,layer,block,3,100.0,218,1,0
+ReLU6+OI+NaN,layer,block,3,50.0,33,1,1
+ReLU6+OI+NaN,layer,block,3,10.0,301,1,0
+ReLU6+OI+NaN,layer,single,3,10.0,349,0,0
+ReLU6+OI+NaN,layer,single,3,100.0,33,1,0
+ReLU6+OI+NaN,layer,block,3,1.5,172,1,0
+ReLU6+OI+NaN,layer,random,3,10.0,121,1,0
+ReLU6+OI+NaN,layer,row,3,50.0,350,1,0
+ReLU6+OI+NaN,layer,block,3,50.0,54,0,0
+ReLU6+OI+NaN,layer,row,3,100.0,107,1,0
+ReLU6+OI+NaN,layer,block,3,10.0,33,1,0
+ReLU6+OI+NaN,layer,single,3,100.0,300,0,0
+ReLU6+OI+NaN,layer,single,3,10.0,159,1,0
+ReLU6+OI+NaN,layer,single,3,100.0,270,1,0
+ReLU6+OI+NaN,layer,random,3,10.0,80,0,0
+ReLU6+OI+NaN,layer,column,3,50.0,284,1,0
+ReLU6+OI+NaN,layer,single,3,100.0,300,0,0
+ReLU6+OI+NaN,layer,row,3,1.5,344,1,0
+ReLU6+OI+NaN,layer,row,3,10.0,52,1,0
+ReLU6+OI+NaN,layer,single,3,50.0,217,1,0
+ReLU6+OI+NaN,layer,row,3,1.5,81,1,0
+ReLU6+OI+NaN,layer,single,3,5.0,175,1,0
+ReLU6+OI+NaN,layer,row,3,100.0,26,1,0
+ReLU6+OI+NaN,layer,random,3,1.5,347,0,0
+ReLU6+OI+NaN,layer,random,3,5.0,252,1,0
+ReLU6+OI+NaN,layer,row,3,5.0,77,1,0
+ReLU6+OI+NaN,layer,block,3,5.0,66,1,0
+ReLU6+OI+NaN,layer,block,3,1.5,116,1,0
+ReLU6+OI+NaN,layer,block,3,100.0,118,1,0
+ReLU6+OI+NaN,layer,random,3,10.0,44,0,0
+ReLU6+OI+NaN,layer,random,3,100.0,285,0,0
+ReLU6+OI+NaN,layer,column,3,5.0,248,0,0
+ReLU6+OI+NaN,layer,single,3,10.0,157,0,0
+ReLU6+OI+NaN,layer,row,3,100.0,100,1,0
+ReLU6+OI+NaN,layer,random,3,50.0,296,0,0
+ReLU6+OI+NaN,layer,single,3,1.5,117,1,0
+ReLU6+OI+NaN,layer,single,3,10.0,12,0,0
+ReLU6+OI+NaN,layer,row,3,100.0,291,1,0
+ReLU6+OI+NaN,layer,row,3,5.0,256,1,0
+ReLU6+OI+NaN,layer,row,3,100.0,20,1,0
+ReLU6+OI+NaN,layer,single,3,100.0,237,1,0
+ReLU6+OI+NaN,layer,column,3,50.0,321,1,0
+ReLU6+OI+NaN,layer,random,3,100.0,86,0,0
+ReLU6+OI+NaN,magnitude,row,1,1.1,202,1,0
+ReLU6+OI+NaN,magnitude,random,2,1.1,268,1,0
+ReLU6+OI+NaN,magnitude,random,3,1.1,349,0,0
+ReLU6+OI+NaN,magnitude,column,0,1.1,308,0,0
+ReLU6+OI+NaN,magnitude,random,0,1.1,92,0,0
+ReLU6+OI+NaN,magnitude,single,0,1.1,313,1,0
+ReLU6+OI+NaN,magnitude,block,1,1.1,8,1,0
+ReLU6+OI+NaN,magnitude,random,3,1.1,192,1,0
+ReLU6+OI+NaN,magnitude,block,0,1.1,211,1,0
+ReLU6+OI+NaN,magnitude,column,2,1.1,143,0,0
+ReLU6+OI+NaN,magnitude,column,2,1.1,15,0,0
+ReLU6+OI+NaN,magnitude,block,2,1.1,56,1,0
+ReLU6+OI+NaN,magnitude,row,2,1.1,201,1,0
+ReLU6+OI+NaN,magnitude,row,1,1.1,253,1,0
+ReLU6+OI+NaN,magnitude,block,2,1.1,111,1,0
+ReLU6+OI+NaN,magnitude,block,0,1.1,78,1,0
+ReLU6+OI+NaN,magnitude,row,3,1.1,18,1,0
+ReLU6+OI+NaN,magnitude,single,3,1.1,58,0,0
+ReLU6+OI+NaN,magnitude,row,0,1.1,333,1,0
+ReLU6+OI+NaN,magnitude,column,2,1.1,349,1,0
+ReLU6+OI+NaN,magnitude,single,0,1.1,358,0,0
+ReLU6+OI+NaN,magnitude,single,1,1.1,174,1,0
+ReLU6+OI+NaN,magnitude,random,2,1.1,167,0,0
+ReLU6+OI+NaN,magnitude,block,2,1.1,202,1,0
+ReLU6+OI+NaN,magnitude,column,2,1.1,342,0,0
+ReLU6+OI+NaN,magnitude,row,1,1.1,172,1,0
+ReLU6+OI+NaN,magnitude,single,2,1.1,309,0,0
+ReLU6+OI+NaN,magnitude,random,0,1.1,253,0,0
+ReLU6+OI+NaN,magnitude,row,2,1.1,234,1,0
+ReLU6+OI+NaN,magnitude,random,3,1.1,270,1,0
+ReLU6+OI+NaN,magnitude,column,2,1.1,139,0,0
+ReLU6+OI+NaN,magnitude,single,3,1.1,295,0,0
+ReLU6+OI+NaN,magnitude,single,2,1.1,26,1,0
+ReLU6+OI+NaN,magnitude,row,0,1.1,319,1,0
+ReLU6+OI+NaN,magnitude,column,0,1.1,147,0,0
+ReLU6+OI+NaN,magnitude,random,3,1.1,92,1,0
+ReLU6+OI+NaN,magnitude,single,3,1.1,193,0,0
+ReLU6+OI+NaN,magnitude,single,2,1.1,123,0,0
+ReLU6+OI+NaN,magnitude,column,3,1.1,251,1,0
+ReLU6+OI+NaN,magnitude,row,1,1.1,210,1,0
+ReLU6+OI+NaN,magnitude,column,2,1.1,107,1,0
+ReLU6+OI+NaN,magnitude,single,2,1.1,216,0,0
+ReLU6+OI+NaN,magnitude,column,0,1.1,166,0,0
+ReLU6+OI+NaN,magnitude,row,0,1.1,343,1,0
+ReLU6+OI+NaN,magnitude,block,2,1.1,343,1,0
+ReLU6+OI+NaN,magnitude,block,1,1.1,91,1,0
+ReLU6+OI+NaN,magnitude,row,2,1.1,205,1,0
+ReLU6+OI+NaN,magnitude,column,3,1.1,220,0,0
+ReLU6+OI+NaN,magnitude,single,0,1.1,108,0,0
+ReLU6+OI+NaN,magnitude,single,1,1.1,200,0,0
+ReLU6+OI+NaN,magnitude,block,1,2.0,278,1,0
+ReLU6+OI+NaN,magnitude,random,1,2.0,290,1,0
+ReLU6+OI+NaN,magnitude,column,0,2.0,29,0,0
+ReLU6+OI+NaN,magnitude,column,0,2.0,25,1,0
+ReLU6+OI+NaN,magnitude,column,1,2.0,205,1,0
+ReLU6+OI+NaN,magnitude,random,2,2.0,42,1,0
+ReLU6+OI+NaN,magnitude,random,1,2.0,300,0,0
+ReLU6+OI+NaN,magnitude,random,0,2.0,212,0,0
+ReLU6+OI+NaN,magnitude,single,2,2.0,164,1,0
+ReLU6+OI+NaN,magnitude,block,3,2.0,158,1,0
+ReLU6+OI+NaN,magnitude,random,0,2.0,213,0,0
+ReLU6+OI+NaN,magnitude,row,2,2.0,189,1,0
+ReLU6+OI+NaN,magnitude,random,3,2.0,326,0,0
+ReLU6+OI+NaN,magnitude,row,0,2.0,277,1,0
+ReLU6+OI+NaN,magnitude,random,3,2.0,99,1,0
+ReLU6+OI+NaN,magnitude,block,1,2.0,86,1,0
+ReLU6+OI+NaN,magnitude,row,3,2.0,284,1,0
+ReLU6+OI+NaN,magnitude,block,1,2.0,358,1,0
+ReLU6+OI+NaN,magnitude,random,0,2.0,38,0,0
+ReLU6+OI+NaN,magnitude,block,2,2.0,282,1,0
+ReLU6+OI+NaN,magnitude,column,0,2.0,354,0,0
+ReLU6+OI+NaN,magnitude,row,3,2.0,315,1,0
+ReLU6+OI+NaN,magnitude,column,2,2.0,121,1,0
+ReLU6+OI+NaN,magnitude,single,3,2.0,323,0,0
+ReLU6+OI+NaN,magnitude,column,1,2.0,270,0,0
+ReLU6+OI+NaN,magnitude,block,1,2.0,219,1,0
+ReLU6+OI+NaN,magnitude,single,0,2.0,85,0,0
+ReLU6+OI+NaN,magnitude,row,0,2.0,88,1,0
+ReLU6+OI+NaN,magnitude,column,1,2.0,231,1,0
+ReLU6+OI+NaN,magnitude,random,2,2.0,262,1,0
+ReLU6+OI+NaN,magnitude,column,2,2.0,42,0,0
+ReLU6+OI+NaN,magnitude,column,1,2.0,149,0,0
+ReLU6+OI+NaN,magnitude,random,0,2.0,81,1,0
+ReLU6+OI+NaN,magnitude,column,1,2.0,8,0,0
+ReLU6+OI+NaN,magnitude,random,1,2.0,179,1,0
+ReLU6+OI+NaN,magnitude,single,0,2.0,143,1,0
+ReLU6+OI+NaN,magnitude,block,0,2.0,320,1,0
+ReLU6+OI+NaN,magnitude,row,0,2.0,177,1,0
+ReLU6+OI+NaN,magnitude,random,1,2.0,85,1,0
+ReLU6+OI+NaN,magnitude,column,0,2.0,80,1,0
+ReLU6+OI+NaN,magnitude,block,0,2.0,198,1,0
+ReLU6+OI+NaN,magnitude,block,1,2.0,290,1,0
+ReLU6+OI+NaN,magnitude,block,1,2.0,250,1,0
+ReLU6+OI+NaN,magnitude,block,1,2.0,121,1,0
+ReLU6+OI+NaN,magnitude,single,3,2.0,316,1,0
+ReLU6+OI+NaN,magnitude,block,0,2.0,16,1,0
+ReLU6+OI+NaN,magnitude,random,3,2.0,251,1,0
+ReLU6+OI+NaN,magnitude,random,0,2.0,80,0,0
+ReLU6+OI+NaN,magnitude,single,2,2.0,311,0,0
+ReLU6+OI+NaN,magnitude,random,1,2.0,18,1,0
+ReLU6+OI+NaN,magnitude,column,2,5.0,105,0,0
+ReLU6+OI+NaN,magnitude,random,3,5.0,21,0,0
+ReLU6+OI+NaN,magnitude,row,2,5.0,93,1,1
+ReLU6+OI+NaN,magnitude,row,3,5.0,21,1,0
+ReLU6+OI+NaN,magnitude,random,0,5.0,308,1,0
+ReLU6+OI+NaN,magnitude,block,3,5.0,154,1,0
+ReLU6+OI+NaN,magnitude,random,2,5.0,90,0,0
+ReLU6+OI+NaN,magnitude,random,2,5.0,10,0,0
+ReLU6+OI+NaN,magnitude,block,0,5.0,194,1,0
+ReLU6+OI+NaN,magnitude,block,2,5.0,267,0,0
+ReLU6+OI+NaN,magnitude,single,3,5.0,184,0,0
+ReLU6+OI+NaN,magnitude,column,1,5.0,41,0,0
+ReLU6+OI+NaN,magnitude,single,1,5.0,260,0,0
+ReLU6+OI+NaN,magnitude,row,1,5.0,89,1,0
+ReLU6+OI+NaN,magnitude,row,0,5.0,81,1,0
+ReLU6+OI+NaN,magnitude,single,0,5.0,143,0,0
+ReLU6+OI+NaN,magnitude,single,0,5.0,159,0,0
+ReLU6+OI+NaN,magnitude,random,3,5.0,227,1,0
+ReLU6+OI+NaN,magnitude,block,3,5.0,73,1,0
+ReLU6+OI+NaN,magnitude,row,3,5.0,305,1,0
+ReLU6+OI+NaN,magnitude,random,3,5.0,2,1,0
+ReLU6+OI+NaN,magnitude,block,0,5.0,79,1,0
+ReLU6+OI+NaN,magnitude,single,2,5.0,252,0,0
+ReLU6+OI+NaN,magnitude,random,1,5.0,36,0,0
+ReLU6+OI+NaN,magnitude,column,2,5.0,35,1,0
+ReLU6+OI+NaN,magnitude,random,1,5.0,357,1,0
+ReLU6+OI+NaN,magnitude,single,3,5.0,220,1,0
+ReLU6+OI+NaN,magnitude,column,3,5.0,324,1,0
+ReLU6+OI+NaN,magnitude,column,2,5.0,250,0,0
+ReLU6+OI+NaN,magnitude,block,1,5.0,8,1,0
+ReLU6+OI+NaN,magnitude,random,3,5.0,268,0,0
+ReLU6+OI+NaN,magnitude,block,2,5.0,118,1,0
+ReLU6+OI+NaN,magnitude,random,3,5.0,143,1,0
+ReLU6+OI+NaN,magnitude,random,3,5.0,325,1,0
+ReLU6+OI+NaN,magnitude,row,1,5.0,255,1,0
+ReLU6+OI+NaN,magnitude,block,1,5.0,58,1,0
+ReLU6+OI+NaN,magnitude,random,0,5.0,162,1,0
+ReLU6+OI+NaN,magnitude,single,2,5.0,205,1,0
+ReLU6+OI+NaN,magnitude,single,0,5.0,136,1,0
+ReLU6+OI+NaN,magnitude,row,3,5.0,20,1,0
+ReLU6+OI+NaN,magnitude,single,1,5.0,3,1,0
+ReLU6+OI+NaN,magnitude,column,0,5.0,89,0,0
+ReLU6+OI+NaN,magnitude,column,1,5.0,95,1,0
+ReLU6+OI+NaN,magnitude,row,1,5.0,351,1,0
+ReLU6+OI+NaN,magnitude,row,2,5.0,109,1,0
+ReLU6+OI+NaN,magnitude,block,2,5.0,24,1,0
+ReLU6+OI+NaN,magnitude,single,1,5.0,242,0,0
+ReLU6+OI+NaN,magnitude,single,3,5.0,248,0,0
+ReLU6+OI+NaN,magnitude,single,3,5.0,231,0,0
+ReLU6+OI+NaN,magnitude,single,2,5.0,314,0,0
+ReLU6+OI+NaN,magnitude,block,0,10.0,300,1,0
+ReLU6+OI+NaN,magnitude,row,2,10.0,233,1,0
+ReLU6+OI+NaN,magnitude,column,0,10.0,325,0,0
+ReLU6+OI+NaN,magnitude,column,0,10.0,233,1,0
+ReLU6+OI+NaN,magnitude,single,1,10.0,304,0,0
+ReLU6+OI+NaN,magnitude,row,0,10.0,11,1,0
+ReLU6+OI+NaN,magnitude,column,3,10.0,136,1,0
+ReLU6+OI+NaN,magnitude,single,3,10.0,161,0,0
+ReLU6+OI+NaN,magnitude,block,3,10.0,159,1,0
+ReLU6+OI+NaN,magnitude,single,1,10.0,43,0,0
+ReLU6+OI+NaN,magnitude,column,0,10.0,352,0,0
+ReLU6+OI+NaN,magnitude,single,1,10.0,232,0,0
+ReLU6+OI+NaN,magnitude,random,1,10.0,210,0,0
+ReLU6+OI+NaN,magnitude,random,1,10.0,291,1,0
+ReLU6+OI+NaN,magnitude,column,3,10.0,111,0,0
+ReLU6+OI+NaN,magnitude,column,2,10.0,161,0,0
+ReLU6+OI+NaN,magnitude,random,2,10.0,103,0,0
+ReLU6+OI+NaN,magnitude,random,0,10.0,336,0,0
+ReLU6+OI+NaN,magnitude,single,0,10.0,64,0,0
+ReLU6+OI+NaN,magnitude,column,1,10.0,196,1,0
+ReLU6+OI+NaN,magnitude,single,1,10.0,5,0,0
+ReLU6+OI+NaN,magnitude,block,2,10.0,17,1,0
+ReLU6+OI+NaN,magnitude,column,1,10.0,310,0,0
+ReLU6+OI+NaN,magnitude,block,0,10.0,207,1,0
+ReLU6+OI+NaN,magnitude,random,2,10.0,152,0,0
+ReLU6+OI+NaN,magnitude,random,1,10.0,85,1,0
+ReLU6+OI+NaN,magnitude,column,2,10.0,51,0,0
+ReLU6+OI+NaN,magnitude,single,0,10.0,348,0,0
+ReLU6+OI+NaN,magnitude,random,1,10.0,0,1,0
+ReLU6+OI+NaN,magnitude,column,1,10.0,297,0,0
+ReLU6+OI+NaN,magnitude,row,2,10.0,268,1,0
+ReLU6+OI+NaN,magnitude,block,2,10.0,316,1,0
+ReLU6+OI+NaN,magnitude,row,2,10.0,88,1,0
+ReLU6+OI+NaN,magnitude,block,2,10.0,203,1,0
+ReLU6+OI+NaN,magnitude,random,1,10.0,72,0,0
+ReLU6+OI+NaN,magnitude,column,2,10.0,259,0,0
+ReLU6+OI+NaN,magnitude,single,1,10.0,143,0,0
+ReLU6+OI+NaN,magnitude,block,0,10.0,195,1,0
+ReLU6+OI+NaN,magnitude,row,0,10.0,331,1,0
+ReLU6+OI+NaN,magnitude,random,3,10.0,215,0,0
+ReLU6+OI+NaN,magnitude,random,3,10.0,212,0,0
+ReLU6+OI+NaN,magnitude,block,1,10.0,277,1,0
+ReLU6+OI+NaN,magnitude,random,1,10.0,47,0,0
+ReLU6+OI+NaN,magnitude,block,0,10.0,142,1,0
+ReLU6+OI+NaN,magnitude,column,1,10.0,118,0,0
+ReLU6+OI+NaN,magnitude,column,0,10.0,132,0,0
+ReLU6+OI+NaN,magnitude,row,3,10.0,164,1,0
+ReLU6+OI+NaN,magnitude,column,3,10.0,341,0,0
+ReLU6+OI+NaN,magnitude,column,1,10.0,344,1,0
+ReLU6+OI+NaN,magnitude,column,3,10.0,191,1,0
+ReLU6+OI+NaN,magnitude,single,3,25.0,5,0,0
+ReLU6+OI+NaN,magnitude,random,3,25.0,177,1,0
+ReLU6+OI+NaN,magnitude,block,1,25.0,0,1,0
+ReLU6+OI+NaN,magnitude,single,0,25.0,75,0,0
+ReLU6+OI+NaN,magnitude,column,1,25.0,58,0,0
+ReLU6+OI+NaN,magnitude,random,0,25.0,202,1,0
+ReLU6+OI+NaN,magnitude,random,3,25.0,315,0,0
+ReLU6+OI+NaN,magnitude,single,1,25.0,145,1,0
+ReLU6+OI+NaN,magnitude,row,1,25.0,214,1,1
+ReLU6+OI+NaN,magnitude,row,2,25.0,139,1,0
+ReLU6+OI+NaN,magnitude,column,3,25.0,318,0,0
+ReLU6+OI+NaN,magnitude,single,2,25.0,160,0,0
+ReLU6+OI+NaN,magnitude,single,2,25.0,74,0,0
+ReLU6+OI+NaN,magnitude,column,3,25.0,256,0,0
+ReLU6+OI+NaN,magnitude,random,3,25.0,241,1,0
+ReLU6+OI+NaN,magnitude,block,3,25.0,140,0,0
+ReLU6+OI+NaN,magnitude,block,3,25.0,194,1,0
+ReLU6+OI+NaN,magnitude,random,3,25.0,104,0,0
+ReLU6+OI+NaN,magnitude,column,0,25.0,6,0,0
+ReLU6+OI+NaN,magnitude,block,2,25.0,42,1,0
+ReLU6+OI+NaN,magnitude,row,0,25.0,83,1,0
+ReLU6+OI+NaN,magnitude,column,0,25.0,349,1,0
+ReLU6+OI+NaN,magnitude,single,3,25.0,348,0,0
+ReLU6+OI+NaN,magnitude,row,0,25.0,50,1,0
+ReLU6+OI+NaN,magnitude,block,1,25.0,124,1,0
+ReLU6+OI+NaN,magnitude,block,1,25.0,77,1,0
+ReLU6+OI+NaN,magnitude,row,3,25.0,210,1,0
+ReLU6+OI+NaN,magnitude,column,1,25.0,249,1,0
+ReLU6+OI+NaN,magnitude,random,0,25.0,147,0,0
+ReLU6+OI+NaN,magnitude,single,0,25.0,344,1,0
+ReLU6+OI+NaN,magnitude,single,2,25.0,277,1,0
+ReLU6+OI+NaN,magnitude,block,0,25.0,357,1,0
+ReLU6+OI+NaN,magnitude,random,3,25.0,160,1,0
+ReLU6+OI+NaN,magnitude,block,2,25.0,121,1,0
+ReLU6+OI+NaN,magnitude,random,3,25.0,189,0,0
+ReLU6+OI+NaN,magnitude,random,1,25.0,2,1,0
+ReLU6+OI+NaN,magnitude,random,3,25.0,77,1,0
+ReLU6+OI+NaN,magnitude,random,0,25.0,276,1,0
+ReLU6+OI+NaN,magnitude,single,2,25.0,341,1,0
+ReLU6+OI+NaN,magnitude,block,2,25.0,98,1,0
+ReLU6+OI+NaN,magnitude,random,2,25.0,196,0,0
+ReLU6+OI+NaN,magnitude,block,1,25.0,347,1,0
+ReLU6+OI+NaN,magnitude,single,2,25.0,134,1,0
+ReLU6+OI+NaN,magnitude,column,2,25.0,66,0,0
+ReLU6+OI+NaN,magnitude,single,0,25.0,0,0,0
+ReLU6+OI+NaN,magnitude,random,0,25.0,51,1,0
+ReLU6+OI+NaN,magnitude,column,2,25.0,266,0,0
+ReLU6+OI+NaN,magnitude,row,1,25.0,260,1,0
+ReLU6+OI+NaN,magnitude,column,3,25.0,174,1,0
+ReLU6+OI+NaN,magnitude,block,3,25.0,156,1,1
+ReLU6+OI+NaN,magnitude,random,2,50.0,88,1,0
+ReLU6+OI+NaN,magnitude,single,0,50.0,322,1,0
+ReLU6+OI+NaN,magnitude,column,3,50.0,1,1,0
+ReLU6+OI+NaN,magnitude,row,0,50.0,273,1,0
+ReLU6+OI+NaN,magnitude,block,0,50.0,196,1,0
+ReLU6+OI+NaN,magnitude,row,1,50.0,350,1,0
+ReLU6+OI+NaN,magnitude,column,0,50.0,290,1,0
+ReLU6+OI+NaN,magnitude,single,2,50.0,102,0,0
+ReLU6+OI+NaN,magnitude,random,1,50.0,299,1,0
+ReLU6+OI+NaN,magnitude,row,0,50.0,113,1,0
+ReLU6+OI+NaN,magnitude,random,0,50.0,271,0,0
+ReLU6+OI+NaN,magnitude,block,0,50.0,126,1,0
+ReLU6+OI+NaN,magnitude,row,1,50.0,294,1,0
+ReLU6+OI+NaN,magnitude,block,3,50.0,163,1,0
+ReLU6+OI+NaN,magnitude,column,1,50.0,137,0,0
+ReLU6+OI+NaN,magnitude,column,0,50.0,141,0,0
+ReLU6+OI+NaN,magnitude,single,0,50.0,212,0,0
+ReLU6+OI+NaN,magnitude,column,1,50.0,349,0,0
+ReLU6+OI+NaN,magnitude,block,2,50.0,101,1,0
+ReLU6+OI+NaN,magnitude,single,1,50.0,274,0,0
+ReLU6+OI+NaN,magnitude,random,2,50.0,283,0,0
+ReLU6+OI+NaN,magnitude,column,0,50.0,18,1,0
+ReLU6+OI+NaN,magnitude,random,3,50.0,278,0,0
+ReLU6+OI+NaN,magnitude,column,1,50.0,93,0,0
+ReLU6+OI+NaN,magnitude,random,2,50.0,325,0,0
+ReLU6+OI+NaN,magnitude,block,1,50.0,102,1,0
+ReLU6+OI+NaN,magnitude,row,1,50.0,75,1,0
+ReLU6+OI+NaN,magnitude,single,1,50.0,118,1,0
+ReLU6+OI+NaN,magnitude,block,0,50.0,80,1,0
+ReLU6+OI+NaN,magnitude,single,3,50.0,215,1,0
+ReLU6+OI+NaN,magnitude,column,0,50.0,345,1,0
+ReLU6+OI+NaN,magnitude,single,1,50.0,197,1,0
+ReLU6+OI+NaN,magnitude,single,0,50.0,270,1,0
+ReLU6+OI+NaN,magnitude,row,2,50.0,151,1,0
+ReLU6+OI+NaN,magnitude,block,3,50.0,208,1,0
+ReLU6+OI+NaN,magnitude,column,2,50.0,41,1,0
+ReLU6+OI+NaN,magnitude,random,3,50.0,184,0,0
+ReLU6+OI+NaN,magnitude,column,3,50.0,192,0,0
+ReLU6+OI+NaN,magnitude,single,3,50.0,307,1,0
+ReLU6+OI+NaN,magnitude,column,1,50.0,260,1,0
+ReLU6+OI+NaN,magnitude,row,2,50.0,338,1,0
+ReLU6+OI+NaN,magnitude,block,2,50.0,269,1,0
+ReLU6+OI+NaN,magnitude,single,2,50.0,143,0,0
+ReLU6+OI+NaN,magnitude,column,1,50.0,327,0,0
+ReLU6+OI+NaN,magnitude,block,2,50.0,124,1,0
+ReLU6+OI+NaN,magnitude,random,1,50.0,96,1,0
+ReLU6+OI+NaN,magnitude,block,2,50.0,235,1,0
+ReLU6+OI+NaN,magnitude,column,0,50.0,45,1,0
+ReLU6+OI+NaN,magnitude,row,2,50.0,12,1,0
+ReLU6+OI+NaN,magnitude,single,1,50.0,167,1,0
+ReLU6+OI+NaN,magnitude,row,1,100.0,27,1,0
+ReLU6+OI+NaN,magnitude,column,1,100.0,167,0,0
+ReLU6+OI+NaN,magnitude,row,2,100.0,136,1,0
+ReLU6+OI+NaN,magnitude,random,1,100.0,317,1,0
+ReLU6+OI+NaN,magnitude,random,1,100.0,39,1,0
+ReLU6+OI+NaN,magnitude,column,1,100.0,152,0,0
+ReLU6+OI+NaN,magnitude,column,2,100.0,214,0,0
+ReLU6+OI+NaN,magnitude,random,1,100.0,40,1,0
+ReLU6+OI+NaN,magnitude,column,2,100.0,283,0,0
+ReLU6+OI+NaN,magnitude,random,2,100.0,53,0,0
+ReLU6+OI+NaN,magnitude,random,0,100.0,38,0,0
+ReLU6+OI+NaN,magnitude,random,0,100.0,53,1,0
+ReLU6+OI+NaN,magnitude,column,3,100.0,157,1,0
+ReLU6+OI+NaN,magnitude,row,1,100.0,167,1,0
+ReLU6+OI+NaN,magnitude,column,1,100.0,329,0,0
+ReLU6+OI+NaN,magnitude,row,2,100.0,150,1,0
+ReLU6+OI+NaN,magnitude,single,1,100.0,278,0,0
+ReLU6+OI+NaN,magnitude,single,3,100.0,322,0,0
+ReLU6+OI+NaN,magnitude,single,1,100.0,104,1,0
+ReLU6+OI+NaN,magnitude,row,1,100.0,245,1,0
+ReLU6+OI+NaN,magnitude,block,2,100.0,20,1,0
+ReLU6+OI+NaN,magnitude,column,2,100.0,328,1,0
+ReLU6+OI+NaN,magnitude,block,1,100.0,155,1,0
+ReLU6+OI+NaN,magnitude,random,2,100.0,1,1,0
+ReLU6+OI+NaN,magnitude,column,0,100.0,312,1,0
+ReLU6+OI+NaN,magnitude,column,0,100.0,265,0,0
+ReLU6+OI+NaN,magnitude,random,3,100.0,25,1,0
+ReLU6+OI+NaN,magnitude,row,2,100.0,345,1,0
+ReLU6+OI+NaN,magnitude,random,0,100.0,59,0,0
+ReLU6+OI+NaN,magnitude,random,1,100.0,88,1,0
+ReLU6+OI+NaN,magnitude,single,3,100.0,39,0,0
+ReLU6+OI+NaN,magnitude,row,2,100.0,203,1,0
+ReLU6+OI+NaN,magnitude,single,3,100.0,97,1,0
+ReLU6+OI+NaN,magnitude,column,2,100.0,29,0,0
+ReLU6+OI+NaN,magnitude,column,1,100.0,332,0,0
+ReLU6+OI+NaN,magnitude,row,1,100.0,299,1,0
+ReLU6+OI+NaN,magnitude,column,3,100.0,143,0,0
+ReLU6+OI+NaN,magnitude,single,3,100.0,353,1,0
+ReLU6+OI+NaN,magnitude,row,2,100.0,251,1,0
+ReLU6+OI+NaN,magnitude,block,3,100.0,28,1,0
+ReLU6+OI+NaN,magnitude,random,2,100.0,256,1,0
+ReLU6+OI+NaN,magnitude,block,0,100.0,261,1,0
+ReLU6+OI+NaN,magnitude,column,3,100.0,187,1,0
+ReLU6+OI+NaN,magnitude,random,0,100.0,229,0,0
+ReLU6+OI+NaN,magnitude,block,2,100.0,77,1,0
+ReLU6+OI+NaN,magnitude,random,3,100.0,290,1,0
+ReLU6+OI+NaN,magnitude,block,1,100.0,224,1,0
+ReLU6+OI+NaN,magnitude,row,2,100.0,301,1,0
+ReLU6+OI+NaN,magnitude,random,0,100.0,196,1,0
+ReLU6+OI+NaN,magnitude,block,2,100.0,66,1,0
+ReLU6+OI+NaN,magnitude,column,0,500.0,100,1,0
+ReLU6+OI+NaN,magnitude,column,2,500.0,134,1,0
+ReLU6+OI+NaN,magnitude,row,0,500.0,244,1,0
+ReLU6+OI+NaN,magnitude,random,0,500.0,96,1,0
+ReLU6+OI+NaN,magnitude,block,1,500.0,287,1,0
+ReLU6+OI+NaN,magnitude,column,1,500.0,31,1,0
+ReLU6+OI+NaN,magnitude,single,2,500.0,36,1,0
+ReLU6+OI+NaN,magnitude,random,3,500.0,192,1,1
+ReLU6+OI+NaN,magnitude,block,3,500.0,66,1,0
+ReLU6+OI+NaN,magnitude,row,0,500.0,176,1,0
+ReLU6+OI+NaN,magnitude,block,0,500.0,79,1,0
+ReLU6+OI+NaN,magnitude,column,3,500.0,312,0,0
+ReLU6+OI+NaN,magnitude,single,2,500.0,239,1,0
+ReLU6+OI+NaN,magnitude,random,1,500.0,27,1,0
+ReLU6+OI+NaN,magnitude,single,2,500.0,171,0,0
+ReLU6+OI+NaN,magnitude,random,2,500.0,245,0,0
+ReLU6+OI+NaN,magnitude,row,3,500.0,339,1,0
+ReLU6+OI+NaN,magnitude,column,0,500.0,161,1,0
+ReLU6+OI+NaN,magnitude,random,3,500.0,216,0,0
+ReLU6+OI+NaN,magnitude,block,0,500.0,216,1,0
+ReLU6+OI+NaN,magnitude,single,3,500.0,297,1,0
+ReLU6+OI+NaN,magnitude,single,3,500.0,251,0,0
+ReLU6+OI+NaN,magnitude,row,0,500.0,204,1,0
+ReLU6+OI+NaN,magnitude,row,3,500.0,121,1,0
+ReLU6+OI+NaN,magnitude,block,2,500.0,158,1,0
+ReLU6+OI+NaN,magnitude,column,0,500.0,241,1,0
+ReLU6+OI+NaN,magnitude,row,0,500.0,278,1,0
+ReLU6+OI+NaN,magnitude,column,0,500.0,314,1,0
+ReLU6+OI+NaN,magnitude,block,3,500.0,329,1,0
+ReLU6+OI+NaN,magnitude,row,2,500.0,121,1,0
+ReLU6+OI+NaN,magnitude,single,2,500.0,222,1,0
+ReLU6+OI+NaN,magnitude,block,1,500.0,128,1,0
+ReLU6+OI+NaN,magnitude,column,2,500.0,152,0,0
+ReLU6+OI+NaN,magnitude,single,2,500.0,296,1,0
+ReLU6+OI+NaN,magnitude,single,0,500.0,243,0,0
+ReLU6+OI+NaN,magnitude,single,3,500.0,272,0,0
+ReLU6+OI+NaN,magnitude,random,0,500.0,96,0,0
+ReLU6+OI+NaN,magnitude,column,2,500.0,328,1,0
+ReLU6+OI+NaN,magnitude,column,2,500.0,66,1,0
+ReLU6+OI+NaN,magnitude,random,1,500.0,319,1,0
+ReLU6+OI+NaN,magnitude,random,0,500.0,196,1,0
+ReLU6+OI+NaN,magnitude,column,1,500.0,223,1,0
+ReLU6+OI+NaN,magnitude,column,1,500.0,343,1,0
+ReLU6+OI+NaN,magnitude,single,0,500.0,86,0,0
+ReLU6+OI+NaN,magnitude,single,3,500.0,74,0,0
+ReLU6+OI+NaN,magnitude,random,1,500.0,187,1,0
+ReLU6+OI+NaN,magnitude,block,3,500.0,138,1,0
+ReLU6+OI+NaN,magnitude,random,2,500.0,356,0,0
+ReLU6+OI+NaN,magnitude,block,2,500.0,258,1,0
+ReLU6+OI+NaN,magnitude,block,1,500.0,298,1,0
ResilientNet (FT),application,single,2,100.0,73,0,0
ResilientNet (FT),application,single,1,5.0,294,0,0
ResilientNet (FT),application,single,2,5.0,181,0,0
ResilientNet (FT),application,single,1,5.0,179,1,0
ResilientNet (FT),application,single,2,1.5,67,0,0
ResilientNet (FT),application,single,3,50.0,323,1,0
ResilientNet (FT),application,single,0,50.0,285,0,0
ResilientNet (FT),application,single,2,1.5,54,0,0
ResilientNet (FT),application,single,0,100.0,154,0,0
ResilientNet (FT),application,single,2,5.0,308,1,0
ResilientNet (FT),application,single,3,100.0,166,1,0
ResilientNet (FT),application,single,2,100.0,251,0,0
ResilientNet (FT),application,single,0,100.0,126,0,0
ResilientNet (FT),application,single,1,50.0,354,0,0
ResilientNet (FT),application,single,3,1.5,46,1,0
ResilientNet (FT),application,single,0,5.0,42,0,0
ResilientNet (FT),application,single,3,100.0,243,0,0
ResilientNet (FT),application,single,0,1.5,302,0,0
ResilientNet (FT),application,single,1,50.0,171,1,0
ResilientNet (FT),application,single,0,1.5,208,1,0
ResilientNet (FT),application,single,2,50.0,202,0,0
ResilientNet (FT),application,single,1,1.5,79,0,0
ResilientNet (FT),application,single,2,50.0,256,1,0
ResilientNet (FT),application,single,2,10.0,309,0,0
ResilientNet (FT),application,single,2,1.5,134,1,0
ResilientNet (FT),application,single,2,100.0,285,0,0
ResilientNet (FT),application,single,3,5.0,50,1,0
ResilientNet (FT),application,single,2,5.0,336,0,0
ResilientNet (FT),application,single,1,1.5,114,1,0
ResilientNet (FT),application,single,0,10.0,14,1,0
ResilientNet (FT),application,single,0,10.0,92,0,0
ResilientNet (FT),application,single,2,1.5,170,0,0
ResilientNet (FT),application,single,0,10.0,50,1,0
ResilientNet (FT),application,single,1,5.0,122,1,0
ResilientNet (FT),application,single,1,50.0,307,0,0
ResilientNet (FT),application,single,2,1.5,119,0,0
ResilientNet (FT),application,single,0,50.0,155,0,0
ResilientNet (FT),application,single,0,10.0,268,0,0
ResilientNet (FT),application,single,3,10.0,246,0,0
ResilientNet (FT),application,single,2,5.0,206,1,0
ResilientNet (FT),application,single,2,100.0,122,0,0
ResilientNet (FT),application,single,3,10.0,67,1,0
ResilientNet (FT),application,single,3,5.0,165,0,0
ResilientNet (FT),application,single,2,1.5,314,0,0
ResilientNet (FT),application,single,2,50.0,165,1,0
ResilientNet (FT),application,single,2,10.0,58,1,0
ResilientNet (FT),application,single,0,5.0,243,0,0
ResilientNet (FT),application,single,2,1.5,333,0,0
ResilientNet (FT),application,single,1,1.5,274,1,0
ResilientNet (FT),application,single,1,100.0,51,0,0
ResilientNet (FT),application,single,0,1.5,250,0,0
ResilientNet (FT),application,single,0,10.0,6,0,0
ResilientNet (FT),application,single,3,50.0,47,0,0
ResilientNet (FT),application,single,1,50.0,166,0,0
ResilientNet (FT),application,single,2,10.0,17,1,0
ResilientNet (FT),application,single,3,5.0,259,0,0
ResilientNet (FT),application,single,1,5.0,23,0,0
ResilientNet (FT),application,single,0,10.0,210,0,0
ResilientNet (FT),application,single,0,5.0,281,0,0
ResilientNet (FT),application,single,2,5.0,141,0,0
ResilientNet (FT),application,single,0,100.0,300,1,0
ResilientNet (FT),application,single,0,5.0,312,0,0
ResilientNet (FT),application,single,1,1.5,232,0,0
ResilientNet (FT),application,single,1,1.5,139,1,0
ResilientNet (FT),application,single,1,5.0,135,1,0
ResilientNet (FT),application,single,1,100.0,212,1,0
ResilientNet (FT),application,single,2,10.0,353,0,0
ResilientNet (FT),application,single,0,1.5,309,0,0
ResilientNet (FT),application,single,0,100.0,144,1,0
ResilientNet (FT),application,single,2,5.0,140,0,0
ResilientNet (FT),application,single,2,1.5,230,0,0
ResilientNet (FT),application,single,3,1.5,351,1,0
ResilientNet (FT),application,single,1,10.0,184,0,0
ResilientNet (FT),application,single,2,5.0,290,1,0
ResilientNet (FT),application,single,3,50.0,277,1,0
ResilientNet (FT),application,single,1,100.0,358,1,0
ResilientNet (FT),application,single,2,5.0,51,1,0
ResilientNet (FT),application,single,1,5.0,4,0,0
ResilientNet (FT),application,single,2,1.5,66,1,0
ResilientNet (FT),application,single,2,50.0,261,0,0
ResilientNet (FT),application,single,2,5.0,305,0,0
ResilientNet (FT),application,single,0,50.0,240,1,0
ResilientNet (FT),application,single,0,5.0,329,0,0
ResilientNet (FT),application,single,1,10.0,42,0,0
ResilientNet (FT),application,single,2,1.5,28,1,0
ResilientNet (FT),application,single,2,50.0,292,1,0
ResilientNet (FT),application,single,1,50.0,198,0,0
ResilientNet (FT),application,single,3,5.0,185,0,0
ResilientNet (FT),application,single,2,50.0,215,0,0
ResilientNet (FT),application,single,0,50.0,276,1,0
ResilientNet (FT),application,single,0,10.0,125,0,0
ResilientNet (FT),application,single,2,100.0,287,0,0
ResilientNet (FT),application,single,2,5.0,261,1,0
ResilientNet (FT),application,single,3,50.0,181,1,0
ResilientNet (FT),application,single,2,10.0,297,0,0
ResilientNet (FT),application,single,0,1.5,54,0,0
ResilientNet (FT),application,single,2,5.0,351,0,0
ResilientNet (FT),application,single,0,50.0,264,0,0
ResilientNet (FT),application,single,0,10.0,192,1,0
ResilientNet (FT),application,single,1,5.0,328,1,0
ResilientNet (FT),application,random,0,10.0,109,0,0
ResilientNet (FT),application,random,1,1.5,164,1,0
ResilientNet (FT),application,random,3,1.5,168,0,0
ResilientNet (FT),application,random,1,50.0,126,0,0
ResilientNet (FT),application,random,2,100.0,37,0,0
ResilientNet (FT),application,random,1,5.0,150,1,0
ResilientNet (FT),application,random,3,10.0,16,1,0
ResilientNet (FT),application,random,2,100.0,180,0,0
ResilientNet (FT),application,random,0,10.0,338,1,0
ResilientNet (FT),application,random,2,10.0,324,1,0
ResilientNet (FT),application,random,0,50.0,243,0,0
ResilientNet (FT),application,random,0,50.0,352,0,0
ResilientNet (FT),application,random,0,100.0,325,1,0
ResilientNet (FT),application,random,2,1.5,88,0,0
ResilientNet (FT),application,random,2,50.0,114,0,0
ResilientNet (FT),application,random,2,1.5,276,1,0
ResilientNet (FT),application,random,2,50.0,64,0,0
ResilientNet (FT),application,random,2,100.0,242,0,0
ResilientNet (FT),application,random,0,100.0,48,1,0
ResilientNet (FT),application,random,3,50.0,224,1,0
ResilientNet (FT),application,random,1,50.0,239,0,0
ResilientNet (FT),application,random,0,5.0,29,0,0
ResilientNet (FT),application,random,0,5.0,261,0,0
ResilientNet (FT),application,random,3,1.5,225,0,0
ResilientNet (FT),application,random,2,100.0,284,0,0
ResilientNet (FT),application,random,2,50.0,68,0,0
ResilientNet (FT),application,random,3,10.0,182,0,0
ResilientNet (FT),application,random,1,50.0,44,1,0
ResilientNet (FT),application,random,1,5.0,352,1,0
ResilientNet (FT),application,random,0,50.0,163,0,0
ResilientNet (FT),application,random,3,100.0,312,1,0
ResilientNet (FT),application,random,2,100.0,31,0,0
ResilientNet (FT),application,random,2,5.0,340,1,0
ResilientNet (FT),application,random,0,10.0,253,1,0
ResilientNet (FT),application,random,1,100.0,231,1,0
ResilientNet (FT),application,random,1,10.0,190,0,0
ResilientNet (FT),application,random,0,100.0,67,1,0
ResilientNet (FT),application,random,1,5.0,62,0,0
ResilientNet (FT),application,random,3,100.0,160,0,0
ResilientNet (FT),application,random,3,10.0,96,1,0
ResilientNet (FT),application,random,1,100.0,206,1,0
ResilientNet (FT),application,random,0,50.0,152,1,0
ResilientNet (FT),application,random,2,10.0,346,1,0
ResilientNet (FT),application,random,2,10.0,189,0,0
ResilientNet (FT),application,random,3,50.0,313,1,0
ResilientNet (FT),application,random,3,5.0,97,0,0
ResilientNet (FT),application,random,3,5.0,323,0,0
ResilientNet (FT),application,random,0,5.0,177,1,0
ResilientNet (FT),application,random,0,5.0,274,0,0
ResilientNet (FT),application,random,3,5.0,151,1,0
ResilientNet (FT),application,random,0,5.0,114,1,0
ResilientNet (FT),application,random,2,5.0,357,0,0
ResilientNet (FT),application,random,3,10.0,244,1,0
ResilientNet (FT),application,random,3,50.0,98,0,0
ResilientNet (FT),application,random,1,100.0,156,1,0
ResilientNet (FT),application,random,0,5.0,223,1,0
ResilientNet (FT),application,random,3,10.0,348,1,0
ResilientNet (FT),application,random,2,5.0,283,0,0
ResilientNet (FT),application,random,1,100.0,85,1,0
ResilientNet (FT),application,random,1,100.0,329,1,0
ResilientNet (FT),application,random,3,1.5,206,0,0
ResilientNet (FT),application,random,3,1.5,227,0,0
ResilientNet (FT),application,random,3,100.0,14,0,0
ResilientNet (FT),application,random,0,5.0,135,0,0
ResilientNet (FT),application,random,0,5.0,250,1,0
ResilientNet (FT),application,random,2,1.5,86,1,0
ResilientNet (FT),application,random,3,1.5,258,0,0
ResilientNet (FT),application,random,1,10.0,109,0,0
ResilientNet (FT),application,random,2,5.0,338,0,0
ResilientNet (FT),application,random,3,10.0,261,1,0
ResilientNet (FT),application,random,0,5.0,253,0,0
ResilientNet (FT),application,random,2,5.0,141,0,0
ResilientNet (FT),application,random,2,5.0,166,0,0
ResilientNet (FT),application,random,0,10.0,257,1,0
ResilientNet (FT),application,random,0,50.0,295,0,0
ResilientNet (FT),application,random,3,50.0,336,0,0
ResilientNet (FT),application,random,3,1.5,301,0,0
ResilientNet (FT),application,random,2,10.0,323,0,0
ResilientNet (FT),application,random,1,10.0,351,1,0
ResilientNet (FT),application,random,1,100.0,355,1,0
ResilientNet (FT),application,random,2,1.5,12,1,0
ResilientNet (FT),application,random,1,1.5,181,1,0
ResilientNet (FT),application,random,1,10.0,280,0,0
ResilientNet (FT),application,random,0,1.5,122,0,0
ResilientNet (FT),application,random,3,10.0,5,0,0
ResilientNet (FT),application,random,1,10.0,179,0,0
ResilientNet (FT),application,random,3,5.0,297,0,0
ResilientNet (FT),application,random,2,1.5,75,0,0
ResilientNet (FT),application,random,2,5.0,87,0,0
ResilientNet (FT),application,random,3,1.5,22,0,0
ResilientNet (FT),application,random,3,100.0,341,1,0
ResilientNet (FT),application,random,1,10.0,2,1,0
ResilientNet (FT),application,random,1,5.0,163,0,0
ResilientNet (FT),application,random,3,5.0,280,0,0
ResilientNet (FT),application,random,1,100.0,74,1,0
ResilientNet (FT),application,random,3,100.0,101,0,0
ResilientNet (FT),application,random,3,100.0,296,1,0
ResilientNet (FT),application,random,1,50.0,209,0,0
ResilientNet (FT),application,random,1,5.0,33,1,0
ResilientNet (FT),application,random,0,5.0,123,0,0
ResilientNet (FT),application,row,2,100.0,121,1,0
ResilientNet (FT),application,row,3,5.0,111,1,0
ResilientNet (FT),application,row,0,50.0,136,1,0
ResilientNet (FT),application,row,0,1.5,261,1,0
ResilientNet (FT),application,row,2,50.0,274,1,0
ResilientNet (FT),application,row,3,1.5,260,1,0
ResilientNet (FT),application,row,1,5.0,128,1,0
ResilientNet (FT),application,row,0,50.0,325,1,0
ResilientNet (FT),application,row,2,5.0,265,1,0
ResilientNet (FT),application,row,0,10.0,165,1,0
ResilientNet (FT),application,row,3,50.0,34,1,0
ResilientNet (FT),application,row,0,50.0,222,1,0
ResilientNet (FT),application,row,2,50.0,162,1,0
ResilientNet (FT),application,row,1,10.0,188,1,0
ResilientNet (FT),application,row,0,10.0,257,1,0
ResilientNet (FT),application,row,1,1.5,2,1,0
ResilientNet (FT),application,row,3,1.5,28,1,0
ResilientNet (FT),application,row,0,10.0,275,1,0
ResilientNet (FT),application,row,3,10.0,1,1,0
ResilientNet (FT),application,row,2,5.0,150,1,0
ResilientNet (FT),application,row,3,10.0,322,1,0
ResilientNet (FT),application,row,0,100.0,109,1,0
ResilientNet (FT),application,row,0,50.0,55,1,0
ResilientNet (FT),application,row,2,5.0,329,1,0
ResilientNet (FT),application,row,3,10.0,191,1,0
ResilientNet (FT),application,row,0,100.0,212,1,0
ResilientNet (FT),application,row,3,1.5,286,1,0
ResilientNet (FT),application,row,1,50.0,127,1,1
ResilientNet (FT),application,row,1,100.0,288,1,0
ResilientNet (FT),application,row,3,100.0,315,1,0
ResilientNet (FT),application,row,2,1.5,356,1,0
ResilientNet (FT),application,row,3,10.0,348,1,0
ResilientNet (FT),application,row,0,5.0,197,1,0
ResilientNet (FT),application,row,1,5.0,187,1,0
ResilientNet (FT),application,row,0,5.0,101,1,0
ResilientNet (FT),application,row,0,10.0,2,1,1
ResilientNet (FT),application,row,3,5.0,345,1,0
ResilientNet (FT),application,row,3,10.0,146,1,0
ResilientNet (FT),application,row,0,1.5,359,1,0
ResilientNet (FT),application,row,3,50.0,111,1,0
ResilientNet (FT),application,row,1,50.0,61,1,0
ResilientNet (FT),application,row,3,50.0,359,1,0
ResilientNet (FT),application,row,3,10.0,13,1,0
ResilientNet (FT),application,row,1,10.0,325,1,0
ResilientNet (FT),application,row,2,10.0,128,1,0
ResilientNet (FT),application,row,2,100.0,346,1,0
ResilientNet (FT),application,row,1,1.5,166,1,0
ResilientNet (FT),application,row,1,100.0,21,1,0
ResilientNet (FT),application,row,3,50.0,188,1,0
ResilientNet (FT),application,row,1,1.5,143,1,0
ResilientNet (FT),application,row,3,10.0,224,1,0
ResilientNet (FT),application,row,3,50.0,297,1,0
ResilientNet (FT),application,row,1,10.0,145,1,0
ResilientNet (FT),application,row,3,100.0,183,1,0
ResilientNet (FT),application,row,2,50.0,314,1,0
ResilientNet (FT),application,row,1,50.0,251,1,0
ResilientNet (FT),application,row,3,5.0,183,1,0
ResilientNet (FT),application,row,0,1.5,250,1,0
ResilientNet (FT),application,row,0,100.0,315,1,0
ResilientNet (FT),application,row,2,10.0,62,1,0
ResilientNet (FT),application,row,0,1.5,319,1,0
ResilientNet (FT),application,row,1,5.0,89,1,0
ResilientNet (FT),application,row,2,1.5,117,1,0
ResilientNet (FT),application,row,3,1.5,63,1,0
ResilientNet (FT),application,row,0,10.0,140,1,0
ResilientNet (FT),application,row,2,1.5,72,1,0
ResilientNet (FT),application,row,2,5.0,146,1,0
ResilientNet (FT),application,row,1,1.5,200,1,0
ResilientNet (FT),application,row,3,10.0,252,1,0
ResilientNet (FT),application,row,0,100.0,307,1,0
ResilientNet (FT),application,row,3,100.0,212,1,0
ResilientNet (FT),application,row,1,5.0,155,1,0
ResilientNet (FT),application,row,0,50.0,206,1,0
ResilientNet (FT),application,row,3,5.0,53,1,0
ResilientNet (FT),application,row,0,100.0,104,1,0
ResilientNet (FT),application,row,0,100.0,328,1,0
ResilientNet (FT),application,row,3,100.0,274,1,0
ResilientNet (FT),application,row,2,5.0,98,1,0
ResilientNet (FT),application,row,0,50.0,269,1,0
ResilientNet (FT),application,row,2,50.0,226,1,0
ResilientNet (FT),application,row,0,10.0,227,1,0
ResilientNet (FT),application,row,0,5.0,335,1,0
ResilientNet (FT),application,row,2,5.0,336,1,0
ResilientNet (FT),application,row,2,10.0,99,1,0
ResilientNet (FT),application,row,3,5.0,126,1,0
ResilientNet (FT),application,row,1,1.5,173,1,0
ResilientNet (FT),application,row,3,1.5,103,1,0
ResilientNet (FT),application,row,0,50.0,51,1,0
ResilientNet (FT),application,row,1,50.0,238,1,0
ResilientNet (FT),application,row,1,100.0,352,1,0
ResilientNet (FT),application,row,0,10.0,61,1,0
ResilientNet (FT),application,row,0,5.0,92,1,0
ResilientNet (FT),application,row,0,1.5,214,1,0
ResilientNet (FT),application,row,2,10.0,261,1,0
ResilientNet (FT),application,row,0,10.0,251,1,0
ResilientNet (FT),application,row,0,5.0,208,1,0
ResilientNet (FT),application,row,2,50.0,216,1,0
ResilientNet (FT),application,row,3,10.0,153,1,0
ResilientNet (FT),application,row,1,5.0,341,1,0
ResilientNet (FT),application,row,0,5.0,288,1,0
ResilientNet (FT),application,column,3,50.0,59,1,0
ResilientNet (FT),application,column,3,50.0,351,0,0
ResilientNet (FT),application,column,1,10.0,256,1,0
ResilientNet (FT),application,column,0,50.0,240,0,0
ResilientNet (FT),application,column,3,10.0,109,0,0
ResilientNet (FT),application,column,1,10.0,127,1,1
ResilientNet (FT),application,column,3,5.0,263,1,0
ResilientNet (FT),application,column,0,1.5,346,1,0
ResilientNet (FT),application,column,0,10.0,184,0,0
ResilientNet (FT),application,column,2,1.5,183,0,0
ResilientNet (FT),application,column,3,1.5,215,0,0
ResilientNet (FT),application,column,0,1.5,259,0,0
ResilientNet (FT),application,column,2,10.0,158,0,0
ResilientNet (FT),application,column,2,5.0,247,0,0
ResilientNet (FT),application,column,3,1.5,86,1,0
ResilientNet (FT),application,column,1,5.0,332,0,0
ResilientNet (FT),application,column,3,100.0,34,1,0
ResilientNet (FT),application,column,2,5.0,17,1,0
ResilientNet (FT),application,column,2,5.0,60,0,0
ResilientNet (FT),application,column,2,10.0,92,0,0
ResilientNet (FT),application,column,0,1.5,110,1,0
ResilientNet (FT),application,column,2,1.5,157,1,0
ResilientNet (FT),application,column,0,100.0,61,0,0
ResilientNet (FT),application,column,3,1.5,94,1,0
ResilientNet (FT),application,column,3,50.0,158,0,0
ResilientNet (FT),application,column,3,5.0,124,1,1
ResilientNet (FT),application,column,0,5.0,303,0,0
ResilientNet (FT),application,column,3,5.0,316,0,0
ResilientNet (FT),application,column,1,1.5,248,0,0
ResilientNet (FT),application,column,2,10.0,277,1,0
ResilientNet (FT),application,column,2,50.0,166,0,0
ResilientNet (FT),application,column,1,10.0,285,1,0
ResilientNet (FT),application,column,1,1.5,324,0,0
ResilientNet (FT),application,column,3,5.0,29,1,0
ResilientNet (FT),application,column,3,50.0,321,1,0
ResilientNet (FT),application,column,3,5.0,186,1,0
ResilientNet (FT),application,column,0,100.0,240,1,0
ResilientNet (FT),application,column,0,100.0,280,0,0
ResilientNet (FT),application,column,3,50.0,328,1,0
ResilientNet (FT),application,column,2,5.0,234,0,0
ResilientNet (FT),application,column,3,100.0,48,1,0
ResilientNet (FT),application,column,2,100.0,160,1,0
ResilientNet (FT),application,column,0,5.0,49,1,0
ResilientNet (FT),application,column,3,10.0,2,0,0
ResilientNet (FT),application,column,1,5.0,283,0,0
ResilientNet (FT),application,column,0,1.5,80,1,0
ResilientNet (FT),application,column,1,10.0,197,0,0
ResilientNet (FT),application,column,2,1.5,24,0,0
ResilientNet (FT),application,column,3,50.0,263,0,0
ResilientNet (FT),application,column,3,1.5,209,0,0
ResilientNet (FT),application,column,1,10.0,111,0,0
ResilientNet (FT),application,column,0,5.0,175,0,0
ResilientNet (FT),application,column,3,10.0,212,1,0
ResilientNet (FT),application,column,3,100.0,160,1,0
ResilientNet (FT),application,column,3,100.0,96,0,0
ResilientNet (FT),application,column,2,1.5,52,1,0
ResilientNet (FT),application,column,0,10.0,187,1,0
ResilientNet (FT),application,column,2,50.0,47,0,0
ResilientNet (FT),application,column,2,5.0,237,1,0
ResilientNet (FT),application,column,0,50.0,49,0,0
ResilientNet (FT),application,column,1,1.5,186,1,0
ResilientNet (FT),application,column,2,1.5,304,0,0
ResilientNet (FT),application,column,3,100.0,248,0,0
ResilientNet (FT),application,column,0,50.0,245,0,0
ResilientNet (FT),application,column,1,1.5,24,0,0
ResilientNet (FT),application,column,2,1.5,8,0,0
ResilientNet (FT),application,column,0,5.0,326,0,0
ResilientNet (FT),application,column,0,50.0,76,0,0
ResilientNet (FT),application,column,0,1.5,140,1,0
ResilientNet (FT),application,column,2,10.0,316,1,0
ResilientNet (FT),application,column,3,5.0,44,1,0
ResilientNet (FT),application,column,2,10.0,76,1,0
ResilientNet (FT),application,column,1,100.0,358,0,0
ResilientNet (FT),application,column,3,50.0,265,0,0
ResilientNet (FT),application,column,1,5.0,94,0,0
ResilientNet (FT),application,column,3,50.0,174,1,0
ResilientNet (FT),application,column,0,1.5,152,1,0
ResilientNet (FT),application,column,3,100.0,354,0,0
ResilientNet (FT),application,column,2,50.0,186,1,0
ResilientNet (FT),application,column,1,50.0,130,1,0
ResilientNet (FT),application,column,2,100.0,114,0,0
ResilientNet (FT),application,column,2,1.5,186,1,0
ResilientNet (FT),application,column,1,5.0,217,1,0
ResilientNet (FT),application,column,0,10.0,310,1,0
ResilientNet (FT),application,column,3,1.5,315,0,0
ResilientNet (FT),application,column,3,5.0,157,1,0
ResilientNet (FT),application,column,3,1.5,289,1,0
ResilientNet (FT),application,column,2,1.5,163,0,0
ResilientNet (FT),application,column,1,10.0,153,1,0
ResilientNet (FT),application,column,3,1.5,251,0,0
ResilientNet (FT),application,column,2,100.0,91,1,0
ResilientNet (FT),application,column,0,5.0,353,0,0
ResilientNet (FT),application,column,1,1.5,207,0,0
ResilientNet (FT),application,column,1,50.0,95,0,0
ResilientNet (FT),application,column,2,5.0,132,1,0
ResilientNet (FT),application,column,0,100.0,118,1,0
ResilientNet (FT),application,column,2,5.0,54,0,0
ResilientNet (FT),application,column,0,1.5,257,0,0
ResilientNet (FT),application,column,0,5.0,209,0,0
ResilientNet (FT),application,column,0,50.0,145,0,0
ResilientNet (FT),application,block,2,1.5,102,1,0
ResilientNet (FT),application,block,2,1.5,157,1,0
ResilientNet (FT),application,block,3,5.0,265,1,0
ResilientNet (FT),application,block,3,5.0,332,1,0
ResilientNet (FT),application,block,1,100.0,248,1,0
ResilientNet (FT),application,block,0,1.5,184,1,0
ResilientNet (FT),application,block,0,10.0,216,1,0
ResilientNet (FT),application,block,0,5.0,23,1,0
ResilientNet (FT),application,block,0,100.0,117,1,0
ResilientNet (FT),application,block,3,1.5,61,1,0
ResilientNet (FT),application,block,0,1.5,142,1,0
ResilientNet (FT),application,block,2,100.0,115,1,1
ResilientNet (FT),application,block,1,10.0,249,1,0
ResilientNet (FT),application,block,1,1.5,332,1,0
ResilientNet (FT),application,block,3,50.0,17,1,0
ResilientNet (FT),application,block,1,5.0,34,1,0
ResilientNet (FT),application,block,0,100.0,141,1,0
ResilientNet (FT),application,block,2,5.0,84,1,0
ResilientNet (FT),application,block,0,5.0,215,1,0
ResilientNet (FT),application,block,0,50.0,80,1,0
ResilientNet (FT),application,block,2,10.0,311,1,0
ResilientNet (FT),application,block,0,100.0,320,1,0
ResilientNet (FT),application,block,0,1.5,222,1,0
ResilientNet (FT),application,block,1,10.0,294,1,0
ResilientNet (FT),application,block,0,5.0,67,1,1
ResilientNet (FT),application,block,2,50.0,336,1,0
ResilientNet (FT),application,block,2,10.0,106,1,0
ResilientNet (FT),application,block,1,100.0,229,1,0
ResilientNet (FT),application,block,2,1.5,262,1,0
ResilientNet (FT),application,block,3,5.0,203,1,0
ResilientNet (FT),application,block,2,1.5,181,1,0
ResilientNet (FT),application,block,2,50.0,27,1,0
ResilientNet (FT),application,block,1,50.0,172,1,0
ResilientNet (FT),application,block,2,1.5,311,1,0
ResilientNet (FT),application,block,1,100.0,261,1,0
ResilientNet (FT),application,block,1,100.0,57,1,0
ResilientNet (FT),application,block,1,50.0,355,1,0
ResilientNet (FT),application,block,1,5.0,179,1,0
ResilientNet (FT),application,block,1,50.0,34,1,0
ResilientNet (FT),application,block,1,1.5,195,1,1
ResilientNet (FT),application,block,0,10.0,21,1,0
ResilientNet (FT),application,block,2,1.5,161,1,0
ResilientNet (FT),application,block,2,5.0,294,1,0
ResilientNet (FT),application,block,1,50.0,205,1,0
ResilientNet (FT),application,block,3,50.0,107,1,1
ResilientNet (FT),application,block,1,1.5,1,1,0
ResilientNet (FT),application,block,1,5.0,194,1,0
ResilientNet (FT),application,block,2,1.5,314,1,0
ResilientNet (FT),application,block,3,10.0,255,1,0
ResilientNet (FT),application,block,2,100.0,318,1,0
ResilientNet (FT),application,block,3,5.0,358,1,0
ResilientNet (FT),application,block,3,10.0,264,1,0
ResilientNet (FT),application,block,3,10.0,205,1,0
ResilientNet (FT),application,block,3,10.0,300,1,0
ResilientNet (FT),application,block,1,10.0,290,1,0
ResilientNet (FT),application,block,0,10.0,319,1,0
ResilientNet (FT),application,block,0,50.0,312,1,0
ResilientNet (FT),application,block,3,5.0,307,1,0
ResilientNet (FT),application,block,2,10.0,113,1,0
ResilientNet (FT),application,block,1,10.0,281,1,0
ResilientNet (FT),application,block,0,50.0,266,1,0
ResilientNet (FT),application,block,2,100.0,341,1,0
ResilientNet (FT),application,block,0,50.0,285,1,0
ResilientNet (FT),application,block,3,50.0,302,1,0
ResilientNet (FT),application,block,0,1.5,119,1,0
ResilientNet (FT),application,block,3,50.0,130,1,0
ResilientNet (FT),application,block,1,1.5,171,1,0
ResilientNet (FT),application,block,1,10.0,21,1,0
ResilientNet (FT),application,block,1,50.0,219,1,0
ResilientNet (FT),application,block,2,50.0,44,1,0
ResilientNet (FT),application,block,1,50.0,48,1,0
ResilientNet (FT),application,block,0,5.0,226,1,0
ResilientNet (FT),application,block,2,100.0,268,1,0
ResilientNet (FT),application,block,2,5.0,344,1,0
ResilientNet (FT),application,block,3,5.0,20,1,0
ResilientNet (FT),application,block,2,5.0,157,1,0
ResilientNet (FT),application,block,1,50.0,320,1,0
ResilientNet (FT),application,block,1,5.0,348,1,0
ResilientNet (FT),application,block,3,5.0,35,1,0
ResilientNet (FT),application,block,1,100.0,299,1,0
ResilientNet (FT),application,block,2,5.0,71,1,0
ResilientNet (FT),application,block,1,50.0,309,1,0
ResilientNet (FT),application,block,1,50.0,133,1,0
ResilientNet (FT),application,block,3,100.0,318,1,0
ResilientNet (FT),application,block,2,100.0,307,1,0
ResilientNet (FT),application,block,0,5.0,324,1,0
ResilientNet (FT),application,block,1,100.0,205,1,0
ResilientNet (FT),application,block,1,100.0,351,1,0
ResilientNet (FT),application,block,3,50.0,74,1,0
ResilientNet (FT),application,block,3,100.0,157,1,0
ResilientNet (FT),application,block,3,1.5,210,1,0
ResilientNet (FT),application,block,2,50.0,242,1,0
ResilientNet (FT),application,block,2,1.5,4,1,0
ResilientNet (FT),application,block,3,1.5,247,1,0
ResilientNet (FT),application,block,2,1.5,82,1,0
ResilientNet (FT),application,block,1,50.0,57,1,0
ResilientNet (FT),application,block,0,50.0,287,0,0
ResilientNet (FT),application,block,1,10.0,136,1,0
ResilientNet (FT),application,block,1,1.5,259,1,0
ResilientNet (FT),application,block,0,5.0,304,1,0
ResilientNet (FT),application,bitflip,0,nan,154,0,0
ResilientNet (FT),application,bitflip,2,nan,294,0,0
ResilientNet (FT),application,bitflip,1,nan,196,0,0
ResilientNet (FT),application,bitflip,2,nan,248,0,0
ResilientNet (FT),application,bitflip,3,nan,75,1,0
ResilientNet (FT),application,bitflip,0,nan,317,0,0
ResilientNet (FT),application,bitflip,1,nan,124,0,0
ResilientNet (FT),application,bitflip,1,nan,49,0,0
ResilientNet (FT),application,bitflip,2,nan,261,1,0
ResilientNet (FT),application,bitflip,3,nan,299,1,0
ResilientNet (FT),application,bitflip,2,nan,248,0,0
ResilientNet (FT),application,bitflip,0,nan,332,1,0
ResilientNet (FT),application,bitflip,2,nan,103,0,0
ResilientNet (FT),application,bitflip,1,nan,10,0,0
ResilientNet (FT),application,bitflip,3,nan,88,0,0
ResilientNet (FT),application,bitflip,3,nan,3,0,0
ResilientNet (FT),application,bitflip,1,nan,248,0,0
ResilientNet (FT),application,bitflip,3,nan,33,0,0
ResilientNet (FT),application,bitflip,0,nan,154,0,0
ResilientNet (FT),application,bitflip,2,nan,104,0,0
ResilientNet (FT),application,bitflip,1,nan,325,0,0
ResilientNet (FT),application,bitflip,2,nan,359,0,0
ResilientNet (FT),application,bitflip,3,nan,119,0,0
ResilientNet (FT),application,bitflip,0,nan,48,0,0
ResilientNet (FT),application,bitflip,0,nan,124,0,0
ResilientNet (FT),application,bitflip,1,nan,273,1,0
ResilientNet (FT),application,bitflip,0,nan,226,0,0
ResilientNet (FT),application,bitflip,3,nan,128,0,0
ResilientNet (FT),application,bitflip,0,nan,104,0,0
ResilientNet (FT),application,bitflip,3,nan,112,0,0
ResilientNet (FT),application,bitflip,3,nan,347,0,0
ResilientNet (FT),application,bitflip,2,nan,4,0,0
ResilientNet (FT),application,bitflip,0,nan,334,0,0
ResilientNet (FT),application,bitflip,1,nan,186,0,0
ResilientNet (FT),application,bitflip,2,nan,97,0,0
ResilientNet (FT),application,bitflip,0,nan,251,0,0
ResilientNet (FT),application,bitflip,3,nan,215,1,0
ResilientNet (FT),application,bitflip,3,nan,197,0,0
ResilientNet (FT),application,bitflip,2,nan,186,0,0
ResilientNet (FT),application,bitflip,0,nan,224,0,0
ResilientNet (FT),application,bitflip,0,nan,258,0,0
ResilientNet (FT),application,bitflip,3,nan,185,1,0
ResilientNet (FT),application,bitflip,1,nan,183,0,0
ResilientNet (FT),application,bitflip,3,nan,272,1,0
ResilientNet (FT),application,bitflip,2,nan,240,1,0
ResilientNet (FT),application,bitflip,3,nan,176,0,0
ResilientNet (FT),application,bitflip,1,nan,168,1,0
ResilientNet (FT),application,bitflip,0,nan,131,0,0
ResilientNet (FT),application,bitflip,0,nan,222,0,0
ResilientNet (FT),application,bitflip,0,nan,181,0,0
ResilientNet (FT),application,bitflip,2,nan,349,1,0
ResilientNet (FT),application,bitflip,3,nan,134,0,0
ResilientNet (FT),application,bitflip,1,nan,301,0,0
ResilientNet (FT),application,bitflip,1,nan,213,0,0
ResilientNet (FT),application,bitflip,0,nan,23,0,0
ResilientNet (FT),application,bitflip,2,nan,280,0,0
ResilientNet (FT),application,bitflip,0,nan,97,1,0
ResilientNet (FT),application,bitflip,2,nan,328,1,0
ResilientNet (FT),application,bitflip,2,nan,84,0,0
ResilientNet (FT),application,bitflip,2,nan,62,1,0
ResilientNet (FT),application,bitflip,0,nan,212,0,0
ResilientNet (FT),application,bitflip,0,nan,48,0,0
ResilientNet (FT),application,bitflip,3,nan,212,0,0
ResilientNet (FT),application,bitflip,1,nan,175,1,0
ResilientNet (FT),application,bitflip,0,nan,230,1,0
ResilientNet (FT),application,bitflip,0,nan,312,0,0
ResilientNet (FT),application,bitflip,1,nan,127,1,0
ResilientNet (FT),application,bitflip,2,nan,286,0,0
ResilientNet (FT),application,bitflip,0,nan,246,1,0
ResilientNet (FT),application,bitflip,1,nan,23,1,0
ResilientNet (FT),application,bitflip,2,nan,2,1,0
ResilientNet (FT),application,bitflip,2,nan,148,0,0
ResilientNet (FT),application,bitflip,1,nan,99,0,0
ResilientNet (FT),application,bitflip,2,nan,354,0,0
ResilientNet (FT),application,bitflip,1,nan,207,0,0
ResilientNet (FT),application,bitflip,1,nan,297,0,0
ResilientNet (FT),application,bitflip,1,nan,20,0,0
ResilientNet (FT),application,bitflip,2,nan,216,0,0
ResilientNet (FT),application,bitflip,2,nan,246,0,0
ResilientNet (FT),application,bitflip,0,nan,35,1,0
ResilientNet (FT),application,bitflip,1,nan,70,1,0
ResilientNet (FT),application,bitflip,3,nan,96,0,0
ResilientNet (FT),application,bitflip,2,nan,271,0,0
ResilientNet (FT),application,bitflip,0,nan,140,1,0
ResilientNet (FT),application,bitflip,2,nan,207,0,0
ResilientNet (FT),application,bitflip,2,nan,108,0,0
ResilientNet (FT),application,bitflip,0,nan,44,0,0
ResilientNet (FT),application,bitflip,1,nan,217,1,0
ResilientNet (FT),application,bitflip,1,nan,72,0,0
ResilientNet (FT),application,bitflip,0,nan,96,0,0
ResilientNet (FT),application,bitflip,3,nan,348,0,0
ResilientNet (FT),application,bitflip,2,nan,118,1,0
ResilientNet (FT),application,bitflip,1,nan,282,0,0
ResilientNet (FT),application,bitflip,3,nan,10,1,0
ResilientNet (FT),application,bitflip,0,nan,208,0,0
ResilientNet (FT),application,bitflip,0,nan,102,1,0
ResilientNet (FT),application,bitflip,3,nan,75,0,0
ResilientNet (FT),application,bitflip,2,nan,75,0,0
ResilientNet (FT),application,bitflip,1,nan,19,0,0
ResilientNet (FT),application,bitflip,1,nan,212,0,0
ResilientNet (FT),application,nan,3,nan,66,1,0
ResilientNet (FT),application,nan,3,nan,300,1,0
ResilientNet (FT),application,nan,0,nan,257,1,0
ResilientNet (FT),application,nan,0,nan,172,1,0
ResilientNet (FT),application,nan,3,nan,90,1,0
ResilientNet (FT),application,nan,2,nan,249,1,0
ResilientNet (FT),application,nan,0,nan,289,1,0
ResilientNet (FT),application,nan,3,nan,116,1,0
ResilientNet (FT),application,nan,0,nan,62,1,0
ResilientNet (FT),application,nan,0,nan,115,1,0
ResilientNet (FT),application,nan,0,nan,41,1,0
ResilientNet (FT),application,nan,2,nan,347,1,0
ResilientNet (FT),application,nan,2,nan,126,1,0
ResilientNet (FT),application,nan,0,nan,17,1,0
ResilientNet (FT),application,nan,2,nan,252,1,0
ResilientNet (FT),application,nan,2,nan,170,1,0
ResilientNet (FT),application,nan,3,nan,0,1,0
ResilientNet (FT),application,nan,3,nan,46,1,0
ResilientNet (FT),application,nan,0,nan,211,1,0
ResilientNet (FT),application,nan,1,nan,349,1,0
ResilientNet (FT),application,nan,3,nan,239,1,0
ResilientNet (FT),application,nan,3,nan,141,1,0
ResilientNet (FT),application,nan,3,nan,71,1,0
ResilientNet (FT),application,nan,2,nan,44,1,0
ResilientNet (FT),application,nan,3,nan,184,1,0
ResilientNet (FT),application,nan,0,nan,13,1,0
ResilientNet (FT),application,nan,2,nan,74,1,0
ResilientNet (FT),application,nan,0,nan,178,1,0
ResilientNet (FT),application,nan,1,nan,246,1,0
ResilientNet (FT),application,nan,2,nan,122,1,0
ResilientNet (FT),application,nan,1,nan,69,1,0
ResilientNet (FT),application,nan,2,nan,359,1,0
ResilientNet (FT),application,nan,0,nan,279,0,0
ResilientNet (FT),application,nan,2,nan,338,1,0
ResilientNet (FT),application,nan,1,nan,0,1,0
ResilientNet (FT),application,nan,3,nan,142,1,0
ResilientNet (FT),application,nan,0,nan,282,1,0
ResilientNet (FT),application,nan,3,nan,40,1,0
ResilientNet (FT),application,nan,0,nan,109,1,0
ResilientNet (FT),application,nan,2,nan,127,1,0
ResilientNet (FT),application,nan,2,nan,344,1,0
ResilientNet (FT),application,nan,3,nan,56,1,0
ResilientNet (FT),application,nan,3,nan,276,1,0
ResilientNet (FT),application,nan,2,nan,67,1,0
ResilientNet (FT),application,nan,0,nan,337,1,0
ResilientNet (FT),application,nan,2,nan,93,1,0
ResilientNet (FT),application,nan,3,nan,132,1,0
ResilientNet (FT),application,nan,1,nan,288,1,0
ResilientNet (FT),application,nan,2,nan,340,1,0
ResilientNet (FT),application,nan,2,nan,163,1,0
ResilientNet (FT),application,nan,3,nan,201,1,0
ResilientNet (FT),application,nan,3,nan,75,1,0
ResilientNet (FT),application,nan,0,nan,234,1,0
ResilientNet (FT),application,nan,1,nan,253,1,0
ResilientNet (FT),application,nan,1,nan,348,1,0
ResilientNet (FT),application,nan,3,nan,78,1,0
ResilientNet (FT),application,nan,2,nan,49,1,0
ResilientNet (FT),application,nan,0,nan,34,1,0
ResilientNet (FT),application,nan,1,nan,85,1,0
ResilientNet (FT),application,nan,3,nan,227,1,0
ResilientNet (FT),application,nan,2,nan,61,1,0
ResilientNet (FT),application,nan,3,nan,82,1,0
ResilientNet (FT),application,nan,1,nan,358,1,0
ResilientNet (FT),application,nan,3,nan,170,1,0
ResilientNet (FT),application,nan,1,nan,249,1,0
ResilientNet (FT),application,nan,0,nan,6,1,0
ResilientNet (FT),application,nan,0,nan,72,1,0
ResilientNet (FT),application,nan,1,nan,53,1,0
ResilientNet (FT),application,nan,1,nan,326,1,0
ResilientNet (FT),application,nan,2,nan,74,1,0
ResilientNet (FT),application,nan,0,nan,288,1,0
ResilientNet (FT),application,nan,3,nan,189,1,0
ResilientNet (FT),application,nan,0,nan,170,1,0
ResilientNet (FT),application,nan,1,nan,182,1,0
ResilientNet (FT),application,nan,3,nan,114,1,0
ResilientNet (FT),application,nan,1,nan,95,1,0
ResilientNet (FT),application,nan,1,nan,174,1,0
ResilientNet (FT),application,nan,3,nan,79,1,0
ResilientNet (FT),application,nan,2,nan,338,1,0
ResilientNet (FT),application,nan,1,nan,40,1,0
ResilientNet (FT),application,nan,3,nan,354,1,0
ResilientNet (FT),application,nan,3,nan,236,1,0
ResilientNet (FT),application,nan,2,nan,231,1,0
ResilientNet (FT),application,nan,1,nan,150,1,0
ResilientNet (FT),application,nan,0,nan,272,1,0
ResilientNet (FT),application,nan,3,nan,132,1,0
ResilientNet (FT),application,nan,1,nan,353,1,0
ResilientNet (FT),application,nan,3,nan,288,1,0
ResilientNet (FT),application,nan,3,nan,315,1,0
ResilientNet (FT),application,nan,0,nan,240,1,0
ResilientNet (FT),application,nan,2,nan,22,1,0
ResilientNet (FT),application,nan,2,nan,33,1,0
ResilientNet (FT),application,nan,1,nan,78,1,0
ResilientNet (FT),application,nan,1,nan,295,1,0
ResilientNet (FT),application,nan,1,nan,213,1,0
ResilientNet (FT),application,nan,0,nan,112,1,0
ResilientNet (FT),application,nan,0,nan,33,1,0
ResilientNet (FT),application,nan,2,nan,140,1,0
ResilientNet (FT),application,nan,1,nan,355,1,0
ResilientNet (FT),application,nan,2,nan,285,1,0
ResilientNet (FT),layer,column,0,1.5,32,0,0
ResilientNet (FT),layer,single,0,5.0,327,0,0
ResilientNet (FT),layer,random,0,10.0,261,0,0
ResilientNet (FT),layer,row,0,1.5,156,1,0
ResilientNet (FT),layer,single,0,50.0,347,0,0
ResilientNet (FT),layer,column,0,1.5,278,0,0
ResilientNet (FT),layer,single,0,1.5,146,1,0
ResilientNet (FT),layer,column,0,10.0,303,1,0
ResilientNet (FT),layer,random,0,100.0,230,0,0
ResilientNet (FT),layer,random,0,50.0,263,0,0
ResilientNet (FT),layer,random,0,50.0,153,0,0
ResilientNet (FT),layer,random,0,50.0,191,1,0
ResilientNet (FT),layer,block,0,1.5,339,1,0
ResilientNet (FT),layer,single,0,10.0,59,0,0
ResilientNet (FT),layer,random,0,1.5,195,1,0
ResilientNet (FT),layer,single,0,50.0,261,0,0
ResilientNet (FT),layer,single,0,50.0,220,1,0
ResilientNet (FT),layer,column,0,100.0,137,0,0
ResilientNet (FT),layer,row,0,100.0,40,1,0
ResilientNet (FT),layer,row,0,10.0,211,1,0
ResilientNet (FT),layer,single,0,50.0,209,1,0
ResilientNet (FT),layer,single,0,10.0,340,0,0
ResilientNet (FT),layer,block,0,1.5,71,1,0
ResilientNet (FT),layer,block,0,10.0,37,1,0
ResilientNet (FT),layer,block,0,1.5,233,1,1
ResilientNet (FT),layer,row,0,5.0,114,1,0
ResilientNet (FT),layer,random,0,5.0,340,0,0
ResilientNet (FT),layer,single,0,100.0,204,1,0
ResilientNet (FT),layer,block,0,10.0,75,1,0
ResilientNet (FT),layer,random,0,1.5,324,0,0
ResilientNet (FT),layer,random,0,1.5,69,0,0
ResilientNet (FT),layer,random,0,50.0,296,0,0
ResilientNet (FT),layer,block,0,10.0,321,1,0
ResilientNet (FT),layer,block,0,5.0,277,1,0
ResilientNet (FT),layer,column,0,5.0,254,0,0
ResilientNet (FT),layer,column,0,100.0,151,1,0
ResilientNet (FT),layer,column,0,1.5,205,0,0
ResilientNet (FT),layer,block,0,1.5,53,1,0
ResilientNet (FT),layer,single,0,5.0,227,0,0
ResilientNet (FT),layer,column,0,1.5,3,1,0
ResilientNet (FT),layer,row,0,50.0,71,1,0
ResilientNet (FT),layer,row,0,100.0,52,1,0
ResilientNet (FT),layer,column,0,50.0,87,0,0
ResilientNet (FT),layer,random,0,100.0,157,0,0
ResilientNet (FT),layer,block,0,50.0,168,1,0
ResilientNet (FT),layer,row,0,100.0,38,1,0
ResilientNet (FT),layer,row,0,5.0,352,1,0
ResilientNet (FT),layer,random,0,10.0,82,0,0
ResilientNet (FT),layer,column,0,50.0,300,0,0
ResilientNet (FT),layer,random,0,50.0,283,1,0
ResilientNet (FT),layer,column,0,10.0,1,1,0
ResilientNet (FT),layer,block,0,10.0,291,1,0
ResilientNet (FT),layer,column,0,5.0,156,1,0
ResilientNet (FT),layer,single,0,10.0,86,0,0
ResilientNet (FT),layer,block,0,1.5,1,1,0
ResilientNet (FT),layer,single,0,1.5,183,1,0
ResilientNet (FT),layer,row,0,5.0,214,1,0
ResilientNet (FT),layer,block,0,10.0,178,1,0
ResilientNet (FT),layer,column,0,50.0,146,0,0
ResilientNet (FT),layer,single,0,50.0,107,0,0
ResilientNet (FT),layer,column,0,10.0,170,0,0
ResilientNet (FT),layer,row,0,50.0,39,1,0
ResilientNet (FT),layer,random,0,10.0,305,1,0
ResilientNet (FT),layer,block,0,10.0,43,1,0
ResilientNet (FT),layer,single,0,10.0,334,0,0
ResilientNet (FT),layer,single,0,10.0,66,0,0
ResilientNet (FT),layer,single,0,50.0,35,1,0
ResilientNet (FT),layer,single,0,50.0,140,0,0
ResilientNet (FT),layer,single,0,10.0,204,1,0
ResilientNet (FT),layer,row,0,1.5,346,1,0
ResilientNet (FT),layer,single,0,10.0,160,0,0
ResilientNet (FT),layer,single,0,100.0,269,1,0
ResilientNet (FT),layer,random,0,10.0,179,0,0
ResilientNet (FT),layer,row,0,5.0,335,1,0
ResilientNet (FT),layer,single,0,50.0,358,0,0
ResilientNet (FT),layer,random,0,5.0,313,1,0
ResilientNet (FT),layer,block,0,100.0,287,1,0
ResilientNet (FT),layer,block,0,1.5,63,1,0
ResilientNet (FT),layer,row,0,50.0,147,1,1
ResilientNet (FT),layer,row,0,5.0,296,1,0
ResilientNet (FT),layer,column,1,1.5,298,1,0
ResilientNet (FT),layer,block,1,50.0,20,1,0
ResilientNet (FT),layer,block,1,100.0,42,1,0
ResilientNet (FT),layer,block,1,10.0,330,1,0
ResilientNet (FT),layer,block,1,5.0,105,1,0
ResilientNet (FT),layer,column,1,50.0,193,0,0
ResilientNet (FT),layer,column,1,1.5,37,1,0
ResilientNet (FT),layer,single,1,10.0,311,0,0
ResilientNet (FT),layer,row,1,10.0,86,1,0
ResilientNet (FT),layer,block,1,5.0,185,1,0
ResilientNet (FT),layer,random,1,5.0,222,1,0
ResilientNet (FT),layer,random,1,10.0,357,1,0
ResilientNet (FT),layer,column,1,50.0,181,0,0
ResilientNet (FT),layer,single,1,5.0,19,0,0
ResilientNet (FT),layer,single,1,1.5,254,0,0
ResilientNet (FT),layer,column,1,5.0,103,0,0
ResilientNet (FT),layer,single,1,1.5,158,1,0
ResilientNet (FT),layer,random,1,5.0,233,0,0
ResilientNet (FT),layer,row,1,50.0,249,1,0
ResilientNet (FT),layer,single,1,1.5,192,0,0
ResilientNet (FT),layer,block,1,5.0,76,1,0
ResilientNet (FT),layer,single,1,1.5,240,1,0
ResilientNet (FT),layer,block,1,50.0,186,1,0
ResilientNet (FT),layer,random,1,1.5,180,1,0
ResilientNet (FT),layer,single,1,50.0,318,0,0
ResilientNet (FT),layer,block,1,10.0,160,1,0
ResilientNet (FT),layer,column,1,50.0,347,1,0
ResilientNet (FT),layer,random,1,1.5,231,1,0
ResilientNet (FT),layer,column,1,100.0,57,1,0
ResilientNet (FT),layer,block,1,10.0,224,1,0
ResilientNet (FT),layer,column,1,50.0,72,0,0
ResilientNet (FT),layer,single,1,100.0,307,1,0
ResilientNet (FT),layer,random,1,50.0,143,1,0
ResilientNet (FT),layer,block,1,10.0,290,1,0
ResilientNet (FT),layer,row,1,50.0,153,1,0
ResilientNet (FT),layer,block,1,10.0,91,1,0
ResilientNet (FT),layer,random,1,100.0,310,1,0
ResilientNet (FT),layer,row,1,50.0,14,1,0
ResilientNet (FT),layer,row,1,10.0,202,1,0
ResilientNet (FT),layer,block,1,50.0,59,1,0
ResilientNet (FT),layer,random,1,5.0,344,0,0
ResilientNet (FT),layer,single,1,5.0,288,0,0
ResilientNet (FT),layer,row,1,10.0,241,1,0
ResilientNet (FT),layer,column,1,1.5,294,1,0
ResilientNet (FT),layer,single,1,100.0,176,1,0
ResilientNet (FT),layer,row,1,10.0,299,1,0
ResilientNet (FT),layer,block,1,5.0,228,1,0
ResilientNet (FT),layer,random,1,5.0,268,1,0
ResilientNet (FT),layer,block,1,1.5,334,1,0
ResilientNet (FT),layer,row,1,5.0,82,1,0
ResilientNet (FT),layer,random,1,10.0,24,1,0
ResilientNet (FT),layer,random,1,50.0,209,1,0
ResilientNet (FT),layer,single,1,5.0,110,0,0
ResilientNet (FT),layer,single,1,50.0,300,0,0
ResilientNet (FT),layer,block,1,1.5,12,1,0
ResilientNet (FT),layer,column,1,100.0,161,0,0
ResilientNet (FT),layer,row,1,100.0,272,1,0
ResilientNet (FT),layer,block,1,10.0,262,1,0
ResilientNet (FT),layer,single,1,100.0,60,1,0
ResilientNet (FT),layer,column,1,5.0,198,1,0
ResilientNet (FT),layer,column,1,50.0,313,1,0
ResilientNet (FT),layer,column,1,50.0,220,1,0
ResilientNet (FT),layer,single,1,1.5,342,1,0
ResilientNet (FT),layer,single,1,10.0,189,1,0
ResilientNet (FT),layer,random,1,100.0,81,1,0
ResilientNet (FT),layer,single,1,1.5,17,1,0
ResilientNet (FT),layer,random,1,100.0,125,1,0
ResilientNet (FT),layer,row,1,50.0,278,1,0
ResilientNet (FT),layer,random,1,50.0,44,0,0
ResilientNet (FT),layer,block,1,1.5,108,1,0
ResilientNet (FT),layer,row,1,50.0,262,1,0
ResilientNet (FT),layer,random,1,50.0,54,1,0
ResilientNet (FT),layer,row,1,1.5,30,1,0
ResilientNet (FT),layer,random,1,1.5,92,1,0
ResilientNet (FT),layer,row,1,1.5,326,1,0
ResilientNet (FT),layer,column,1,50.0,255,1,0
ResilientNet (FT),layer,row,1,50.0,35,1,0
ResilientNet (FT),layer,random,1,10.0,246,1,0
ResilientNet (FT),layer,row,1,1.5,79,1,0
ResilientNet (FT),layer,block,1,5.0,78,1,0
ResilientNet (FT),layer,column,2,10.0,275,1,0
ResilientNet (FT),layer,block,2,100.0,328,1,0
ResilientNet (FT),layer,random,2,100.0,32,1,0
ResilientNet (FT),layer,column,2,100.0,26,1,0
ResilientNet (FT),layer,block,2,5.0,9,1,0
ResilientNet (FT),layer,row,2,5.0,294,1,0
ResilientNet (FT),layer,single,2,5.0,57,0,0
ResilientNet (FT),layer,column,2,10.0,355,0,0
ResilientNet (FT),layer,column,2,5.0,50,0,0
ResilientNet (FT),layer,column,2,50.0,334,1,0
ResilientNet (FT),layer,column,2,1.5,199,1,0
ResilientNet (FT),layer,row,2,100.0,158,1,0
ResilientNet (FT),layer,row,2,5.0,238,1,0
ResilientNet (FT),layer,random,2,5.0,211,1,0
ResilientNet (FT),layer,block,2,5.0,44,1,0
ResilientNet (FT),layer,single,2,10.0,342,1,0
ResilientNet (FT),layer,random,2,5.0,139,0,0
ResilientNet (FT),layer,row,2,5.0,219,1,0
ResilientNet (FT),layer,single,2,1.5,158,1,0
ResilientNet (FT),layer,row,2,10.0,7,1,0
ResilientNet (FT),layer,column,2,100.0,46,0,0
ResilientNet (FT),layer,column,2,5.0,257,0,0
ResilientNet (FT),layer,column,2,10.0,57,0,0
ResilientNet (FT),layer,block,2,100.0,303,1,0
ResilientNet (FT),layer,single,2,10.0,336,0,0
ResilientNet (FT),layer,block,2,100.0,77,1,0
ResilientNet (FT),layer,row,2,10.0,271,1,0
ResilientNet (FT),layer,random,2,100.0,59,1,0
ResilientNet (FT),layer,row,2,50.0,124,1,0
ResilientNet (FT),layer,single,2,10.0,211,0,0
ResilientNet (FT),layer,random,2,100.0,163,0,0
ResilientNet (FT),layer,row,2,10.0,289,1,0
ResilientNet (FT),layer,single,2,10.0,165,0,0
ResilientNet (FT),layer,block,2,50.0,266,1,0
ResilientNet (FT),layer,row,2,50.0,151,1,0
ResilientNet (FT),layer,block,2,100.0,293,1,0
ResilientNet (FT),layer,column,2,10.0,359,0,0
ResilientNet (FT),layer,single,2,1.5,249,0,0
ResilientNet (FT),layer,column,2,100.0,66,0,0
ResilientNet (FT),layer,row,2,1.5,235,1,0
ResilientNet (FT),layer,column,2,10.0,279,1,0
ResilientNet (FT),layer,block,2,1.5,273,1,0
ResilientNet (FT),layer,column,2,5.0,298,1,0
ResilientNet (FT),layer,random,2,50.0,121,0,0
ResilientNet (FT),layer,row,2,50.0,144,1,0
ResilientNet (FT),layer,random,2,10.0,246,1,0
ResilientNet (FT),layer,block,2,50.0,36,1,1
ResilientNet (FT),layer,random,2,10.0,187,0,0
ResilientNet (FT),layer,row,2,50.0,84,1,0
ResilientNet (FT),layer,single,2,50.0,69,0,0
ResilientNet (FT),layer,random,2,50.0,18,1,0
ResilientNet (FT),layer,block,2,5.0,232,1,0
ResilientNet (FT),layer,column,2,100.0,359,0,0
ResilientNet (FT),layer,block,2,10.0,222,1,0
ResilientNet (FT),layer,row,2,1.5,283,1,0
ResilientNet (FT),layer,column,2,50.0,353,1,0
ResilientNet (FT),layer,single,2,100.0,192,1,1
ResilientNet (FT),layer,row,2,100.0,101,1,0
ResilientNet (FT),layer,single,2,50.0,15,0,0
ResilientNet (FT),layer,block,2,1.5,357,1,0
ResilientNet (FT),layer,random,2,1.5,209,1,0
ResilientNet (FT),layer,single,2,10.0,38,1,0
ResilientNet (FT),layer,row,2,10.0,18,1,0
ResilientNet (FT),layer,column,2,5.0,243,1,0
ResilientNet (FT),layer,single,2,5.0,12,0,0
ResilientNet (FT),layer,single,2,5.0,195,1,0
ResilientNet (FT),layer,random,2,1.5,121,1,0
ResilientNet (FT),layer,column,2,100.0,170,0,0
ResilientNet (FT),layer,random,2,1.5,251,1,0
ResilientNet (FT),layer,single,2,1.5,318,0,0
ResilientNet (FT),layer,column,2,5.0,270,0,0
ResilientNet (FT),layer,block,2,5.0,345,1,0
ResilientNet (FT),layer,random,2,1.5,277,0,0
ResilientNet (FT),layer,random,2,5.0,91,0,0
ResilientNet (FT),layer,random,2,1.5,158,1,0
ResilientNet (FT),layer,row,2,100.0,6,1,0
ResilientNet (FT),layer,random,2,5.0,324,1,0
ResilientNet (FT),layer,row,2,10.0,348,1,0
ResilientNet (FT),layer,column,2,5.0,313,0,0
ResilientNet (FT),layer,random,2,5.0,337,0,0
ResilientNet (FT),layer,single,3,50.0,295,1,0
ResilientNet (FT),layer,column,3,5.0,209,0,0
ResilientNet (FT),layer,single,3,5.0,139,0,0
ResilientNet (FT),layer,column,3,50.0,85,0,0
ResilientNet (FT),layer,block,3,50.0,18,1,0
ResilientNet (FT),layer,block,3,100.0,265,1,0
ResilientNet (FT),layer,column,3,100.0,4,1,0
ResilientNet (FT),layer,block,3,1.5,3,1,0
ResilientNet (FT),layer,random,3,50.0,29,0,0
ResilientNet (FT),layer,random,3,100.0,203,1,0
ResilientNet (FT),layer,random,3,50.0,219,0,0
ResilientNet (FT),layer,row,3,5.0,49,1,0
ResilientNet (FT),layer,block,3,100.0,171,1,0
ResilientNet (FT),layer,random,3,50.0,59,0,0
ResilientNet (FT),layer,single,3,1.5,139,0,0
ResilientNet (FT),layer,random,3,5.0,275,1,0
ResilientNet (FT),layer,single,3,50.0,251,0,0
ResilientNet (FT),layer,random,3,1.5,95,0,0
ResilientNet (FT),layer,column,3,50.0,164,0,0
ResilientNet (FT),layer,row,3,10.0,346,1,0
ResilientNet (FT),layer,single,3,50.0,195,1,0
ResilientNet (FT),layer,random,3,10.0,47,1,0
ResilientNet (FT),layer,row,3,1.5,183,1,0
ResilientNet (FT),layer,column,3,1.5,218,1,0
ResilientNet (FT),layer,random,3,10.0,144,1,0
ResilientNet (FT),layer,single,3,100.0,73,0,0
ResilientNet (FT),layer,single,3,100.0,198,0,0
ResilientNet (FT),layer,single,3,50.0,251,0,0
ResilientNet (FT),layer,single,3,100.0,111,0,0
ResilientNet (FT),layer,row,3,1.5,65,1,0
ResilientNet (FT),layer,random,3,100.0,272,1,0
ResilientNet (FT),layer,row,3,1.5,309,1,0
ResilientNet (FT),layer,random,3,50.0,302,0,0
ResilientNet (FT),layer,row,3,50.0,230,1,0
ResilientNet (FT),layer,random,3,100.0,68,1,0
ResilientNet (FT),layer,block,3,10.0,202,1,0
ResilientNet (FT),layer,random,3,5.0,210,1,0
ResilientNet (FT),layer,block,3,100.0,218,1,0
ResilientNet (FT),layer,block,3,50.0,33,1,0
ResilientNet (FT),layer,block,3,10.0,301,1,0
ResilientNet (FT),layer,single,3,10.0,349,0,0
ResilientNet (FT),layer,single,3,100.0,33,1,0
ResilientNet (FT),layer,block,3,1.5,172,1,0
ResilientNet (FT),layer,random,3,10.0,121,1,0
ResilientNet (FT),layer,row,3,50.0,350,1,0
ResilientNet (FT),layer,block,3,50.0,54,0,0
ResilientNet (FT),layer,row,3,100.0,107,1,0
ResilientNet (FT),layer,block,3,10.0,33,1,0
ResilientNet (FT),layer,single,3,100.0,300,0,0
ResilientNet (FT),layer,single,3,10.0,159,1,0
ResilientNet (FT),layer,single,3,100.0,270,1,0
ResilientNet (FT),layer,random,3,10.0,80,0,0
ResilientNet (FT),layer,column,3,50.0,284,1,0
ResilientNet (FT),layer,single,3,100.0,300,0,0
ResilientNet (FT),layer,row,3,1.5,344,1,0
ResilientNet (FT),layer,row,3,10.0,52,1,0
ResilientNet (FT),layer,single,3,50.0,217,1,0
ResilientNet (FT),layer,row,3,1.5,81,1,0
ResilientNet (FT),layer,single,3,5.0,175,1,0
ResilientNet (FT),layer,row,3,100.0,26,1,0
ResilientNet (FT),layer,random,3,1.5,347,0,0
ResilientNet (FT),layer,random,3,5.0,252,1,0
ResilientNet (FT),layer,row,3,5.0,77,1,0
ResilientNet (FT),layer,block,3,5.0,66,1,0
ResilientNet (FT),layer,block,3,1.5,116,1,0
ResilientNet (FT),layer,block,3,100.0,118,1,0
ResilientNet (FT),layer,random,3,10.0,44,0,0
ResilientNet (FT),layer,random,3,100.0,285,0,0
ResilientNet (FT),layer,column,3,5.0,248,0,0
ResilientNet (FT),layer,single,3,10.0,157,0,0
ResilientNet (FT),layer,row,3,100.0,100,1,0
ResilientNet (FT),layer,random,3,50.0,296,0,0
ResilientNet (FT),layer,single,3,1.5,117,1,0
ResilientNet (FT),layer,single,3,10.0,12,0,0
ResilientNet (FT),layer,row,3,100.0,291,1,0
ResilientNet (FT),layer,row,3,5.0,256,1,0
ResilientNet (FT),layer,row,3,100.0,20,1,0
ResilientNet (FT),layer,single,3,100.0,237,1,0
ResilientNet (FT),layer,column,3,50.0,321,1,0
ResilientNet (FT),layer,random,3,100.0,86,0,0
ResilientNet (FT),magnitude,row,1,1.1,202,1,0
ResilientNet (FT),magnitude,random,2,1.1,268,1,0
ResilientNet (FT),magnitude,random,3,1.1,349,0,0
ResilientNet (FT),magnitude,column,0,1.1,308,0,0
ResilientNet (FT),magnitude,random,0,1.1,92,0,0
ResilientNet (FT),magnitude,single,0,1.1,313,1,0
ResilientNet (FT),magnitude,block,1,1.1,8,1,0
ResilientNet (FT),magnitude,random,3,1.1,192,1,0
ResilientNet (FT),magnitude,block,0,1.1,211,1,0
ResilientNet (FT),magnitude,column,2,1.1,143,0,0
ResilientNet (FT),magnitude,column,2,1.1,15,0,0
ResilientNet (FT),magnitude,block,2,1.1,56,1,0
ResilientNet (FT),magnitude,row,2,1.1,201,1,0
ResilientNet (FT),magnitude,row,1,1.1,253,1,0
ResilientNet (FT),magnitude,block,2,1.1,111,1,0
ResilientNet (FT),magnitude,block,0,1.1,78,1,0
ResilientNet (FT),magnitude,row,3,1.1,18,1,0
ResilientNet (FT),magnitude,single,3,1.1,58,0,0
ResilientNet (FT),magnitude,row,0,1.1,333,1,0
ResilientNet (FT),magnitude,column,2,1.1,349,1,0
ResilientNet (FT),magnitude,single,0,1.1,358,0,0
ResilientNet (FT),magnitude,single,1,1.1,174,1,0
ResilientNet (FT),magnitude,random,2,1.1,167,0,0
ResilientNet (FT),magnitude,block,2,1.1,202,1,0
ResilientNet (FT),magnitude,column,2,1.1,342,0,0
ResilientNet (FT),magnitude,row,1,1.1,172,1,0
ResilientNet (FT),magnitude,single,2,1.1,309,0,0
ResilientNet (FT),magnitude,random,0,1.1,253,0,0
ResilientNet (FT),magnitude,row,2,1.1,234,1,0
ResilientNet (FT),magnitude,random,3,1.1,270,1,0
ResilientNet (FT),magnitude,column,2,1.1,139,0,0
ResilientNet (FT),magnitude,single,3,1.1,295,0,0
ResilientNet (FT),magnitude,single,2,1.1,26,1,0
ResilientNet (FT),magnitude,row,0,1.1,319,1,0
ResilientNet (FT),magnitude,column,0,1.1,147,0,0
ResilientNet (FT),magnitude,random,3,1.1,92,1,0
ResilientNet (FT),magnitude,single,3,1.1,193,0,0
ResilientNet (FT),magnitude,single,2,1.1,123,0,0
ResilientNet (FT),magnitude,column,3,1.1,251,1,0
ResilientNet (FT),magnitude,row,1,1.1,210,1,0
ResilientNet (FT),magnitude,column,2,1.1,107,0,0
ResilientNet (FT),magnitude,single,2,1.1,216,0,0
ResilientNet (FT),magnitude,column,0,1.1,166,0,0
ResilientNet (FT),magnitude,row,0,1.1,343,1,0
ResilientNet (FT),magnitude,block,2,1.1,343,1,0
ResilientNet (FT),magnitude,block,1,1.1,91,1,0
ResilientNet (FT),magnitude,row,2,1.1,205,1,0
ResilientNet (FT),magnitude,column,3,1.1,220,0,0
ResilientNet (FT),magnitude,single,0,1.1,108,0,0
ResilientNet (FT),magnitude,single,1,1.1,200,1,0
ResilientNet (FT),magnitude,block,1,2.0,278,1,0
ResilientNet (FT),magnitude,random,1,2.0,290,1,0
ResilientNet (FT),magnitude,column,0,2.0,29,0,0
ResilientNet (FT),magnitude,column,0,2.0,25,1,0
ResilientNet (FT),magnitude,column,1,2.0,205,1,0
ResilientNet (FT),magnitude,random,2,2.0,42,1,0
ResilientNet (FT),magnitude,random,1,2.0,300,0,0
ResilientNet (FT),magnitude,random,0,2.0,212,0,0
ResilientNet (FT),magnitude,single,2,2.0,164,1,0
ResilientNet (FT),magnitude,block,3,2.0,158,1,0
ResilientNet (FT),magnitude,random,0,2.0,213,0,0
ResilientNet (FT),magnitude,row,2,2.0,189,1,0
ResilientNet (FT),magnitude,random,3,2.0,326,0,0
ResilientNet (FT),magnitude,row,0,2.0,277,1,0
ResilientNet (FT),magnitude,random,3,2.0,99,1,0
ResilientNet (FT),magnitude,block,1,2.0,86,1,0
ResilientNet (FT),magnitude,row,3,2.0,284,1,0
ResilientNet (FT),magnitude,block,1,2.0,358,1,0
ResilientNet (FT),magnitude,random,0,2.0,38,0,0
ResilientNet (FT),magnitude,block,2,2.0,282,1,0
ResilientNet (FT),magnitude,column,0,2.0,354,0,0
ResilientNet (FT),magnitude,row,3,2.0,315,1,0
ResilientNet (FT),magnitude,column,2,2.0,121,1,0
ResilientNet (FT),magnitude,single,3,2.0,323,0,0
ResilientNet (FT),magnitude,column,1,2.0,270,0,0
ResilientNet (FT),magnitude,block,1,2.0,219,1,0
ResilientNet (FT),magnitude,single,0,2.0,85,0,0
ResilientNet (FT),magnitude,row,0,2.0,88,1,0
ResilientNet (FT),magnitude,column,1,2.0,231,0,0
ResilientNet (FT),magnitude,random,2,2.0,262,1,0
ResilientNet (FT),magnitude,column,2,2.0,42,0,0
ResilientNet (FT),magnitude,column,1,2.0,149,0,0
ResilientNet (FT),magnitude,random,0,2.0,81,1,0
ResilientNet (FT),magnitude,column,1,2.0,8,0,0
ResilientNet (FT),magnitude,random,1,2.0,179,1,0
ResilientNet (FT),magnitude,single,0,2.0,143,1,0
ResilientNet (FT),magnitude,block,0,2.0,320,1,0
ResilientNet (FT),magnitude,row,0,2.0,177,1,0
ResilientNet (FT),magnitude,random,1,2.0,85,1,0
ResilientNet (FT),magnitude,column,0,2.0,80,1,0
ResilientNet (FT),magnitude,block,0,2.0,198,1,0
ResilientNet (FT),magnitude,block,1,2.0,290,1,0
ResilientNet (FT),magnitude,block,1,2.0,250,1,0
ResilientNet (FT),magnitude,block,1,2.0,121,1,0
ResilientNet (FT),magnitude,single,3,2.0,316,1,0
ResilientNet (FT),magnitude,block,0,2.0,16,1,0
ResilientNet (FT),magnitude,random,3,2.0,251,0,0
ResilientNet (FT),magnitude,random,0,2.0,80,0,0
ResilientNet (FT),magnitude,single,2,2.0,311,0,0
ResilientNet (FT),magnitude,random,1,2.0,18,1,0
ResilientNet (FT),magnitude,column,2,5.0,105,0,0
ResilientNet (FT),magnitude,random,3,5.0,21,0,0
ResilientNet (FT),magnitude,row,2,5.0,93,1,1
ResilientNet (FT),magnitude,row,3,5.0,21,1,0
ResilientNet (FT),magnitude,random,0,5.0,308,0,0
ResilientNet (FT),magnitude,block,3,5.0,154,1,0
ResilientNet (FT),magnitude,random,2,5.0,90,0,0
ResilientNet (FT),magnitude,random,2,5.0,10,0,0
ResilientNet (FT),magnitude,block,0,5.0,194,1,0
ResilientNet (FT),magnitude,block,2,5.0,267,1,0
ResilientNet (FT),magnitude,single,3,5.0,184,0,0
ResilientNet (FT),magnitude,column,1,5.0,41,0,0
ResilientNet (FT),magnitude,single,1,5.0,260,0,0
ResilientNet (FT),magnitude,row,1,5.0,89,1,0
ResilientNet (FT),magnitude,row,0,5.0,81,1,0
ResilientNet (FT),magnitude,single,0,5.0,143,0,0
ResilientNet (FT),magnitude,single,0,5.0,159,0,0
ResilientNet (FT),magnitude,random,3,5.0,227,1,0
ResilientNet (FT),magnitude,block,3,5.0,73,1,0
ResilientNet (FT),magnitude,row,3,5.0,305,1,0
ResilientNet (FT),magnitude,random,3,5.0,2,1,0
ResilientNet (FT),magnitude,block,0,5.0,79,1,0
ResilientNet (FT),magnitude,single,2,5.0,252,0,0
ResilientNet (FT),magnitude,random,1,5.0,36,0,0
ResilientNet (FT),magnitude,column,2,5.0,35,1,0
ResilientNet (FT),magnitude,random,1,5.0,357,1,0
ResilientNet (FT),magnitude,single,3,5.0,220,1,0
ResilientNet (FT),magnitude,column,3,5.0,324,1,0
ResilientNet (FT),magnitude,column,2,5.0,250,0,0
ResilientNet (FT),magnitude,block,1,5.0,8,1,0
ResilientNet (FT),magnitude,random,3,5.0,268,0,0
ResilientNet (FT),magnitude,block,2,5.0,118,1,0
ResilientNet (FT),magnitude,random,3,5.0,143,1,0
ResilientNet (FT),magnitude,random,3,5.0,325,0,0
ResilientNet (FT),magnitude,row,1,5.0,255,1,0
ResilientNet (FT),magnitude,block,1,5.0,58,1,0
ResilientNet (FT),magnitude,random,0,5.0,162,1,0
ResilientNet (FT),magnitude,single,2,5.0,205,1,0
ResilientNet (FT),magnitude,single,0,5.0,136,1,0
ResilientNet (FT),magnitude,row,3,5.0,20,1,0
ResilientNet (FT),magnitude,single,1,5.0,3,1,0
ResilientNet (FT),magnitude,column,0,5.0,89,0,0
ResilientNet (FT),magnitude,column,1,5.0,95,1,0
ResilientNet (FT),magnitude,row,1,5.0,351,1,0
ResilientNet (FT),magnitude,row,2,5.0,109,1,0
ResilientNet (FT),magnitude,block,2,5.0,24,1,0
ResilientNet (FT),magnitude,single,1,5.0,242,0,0
ResilientNet (FT),magnitude,single,3,5.0,248,0,0
ResilientNet (FT),magnitude,single,3,5.0,231,0,0
ResilientNet (FT),magnitude,single,2,5.0,314,0,0
ResilientNet (FT),magnitude,block,0,10.0,300,1,0
ResilientNet (FT),magnitude,row,2,10.0,233,1,0
ResilientNet (FT),magnitude,column,0,10.0,325,0,0
ResilientNet (FT),magnitude,column,0,10.0,233,1,1
ResilientNet (FT),magnitude,single,1,10.0,304,0,0
ResilientNet (FT),magnitude,row,0,10.0,11,1,0
ResilientNet (FT),magnitude,column,3,10.0,136,1,0
ResilientNet (FT),magnitude,single,3,10.0,161,0,0
ResilientNet (FT),magnitude,block,3,10.0,159,1,0
ResilientNet (FT),magnitude,single,1,10.0,43,0,0
ResilientNet (FT),magnitude,column,0,10.0,352,0,0
ResilientNet (FT),magnitude,single,1,10.0,232,0,0
ResilientNet (FT),magnitude,random,1,10.0,210,0,0
ResilientNet (FT),magnitude,random,1,10.0,291,1,0
ResilientNet (FT),magnitude,column,3,10.0,111,0,0
ResilientNet (FT),magnitude,column,2,10.0,161,0,0
ResilientNet (FT),magnitude,random,2,10.0,103,0,0
ResilientNet (FT),magnitude,random,0,10.0,336,0,0
ResilientNet (FT),magnitude,single,0,10.0,64,0,0
ResilientNet (FT),magnitude,column,1,10.0,196,1,0
ResilientNet (FT),magnitude,single,1,10.0,5,0,0
ResilientNet (FT),magnitude,block,2,10.0,17,1,0
ResilientNet (FT),magnitude,column,1,10.0,310,0,0
ResilientNet (FT),magnitude,block,0,10.0,207,1,0
ResilientNet (FT),magnitude,random,2,10.0,152,1,0
ResilientNet (FT),magnitude,random,1,10.0,85,1,0
ResilientNet (FT),magnitude,column,2,10.0,51,0,0
ResilientNet (FT),magnitude,single,0,10.0,348,0,0
ResilientNet (FT),magnitude,random,1,10.0,0,1,0
ResilientNet (FT),magnitude,column,1,10.0,297,0,0
ResilientNet (FT),magnitude,row,2,10.0,268,1,0
ResilientNet (FT),magnitude,block,2,10.0,316,1,0
ResilientNet (FT),magnitude,row,2,10.0,88,1,0
ResilientNet (FT),magnitude,block,2,10.0,203,1,0
ResilientNet (FT),magnitude,random,1,10.0,72,0,0
ResilientNet (FT),magnitude,column,2,10.0,259,0,0
ResilientNet (FT),magnitude,single,1,10.0,143,0,0
ResilientNet (FT),magnitude,block,0,10.0,195,1,0
ResilientNet (FT),magnitude,row,0,10.0,331,1,0
ResilientNet (FT),magnitude,random,3,10.0,215,0,0
ResilientNet (FT),magnitude,random,3,10.0,212,0,0
ResilientNet (FT),magnitude,block,1,10.0,277,1,0
ResilientNet (FT),magnitude,random,1,10.0,47,0,0
ResilientNet (FT),magnitude,block,0,10.0,142,1,0
ResilientNet (FT),magnitude,column,1,10.0,118,0,0
ResilientNet (FT),magnitude,column,0,10.0,132,0,0
ResilientNet (FT),magnitude,row,3,10.0,164,1,0
ResilientNet (FT),magnitude,column,3,10.0,341,0,0
ResilientNet (FT),magnitude,column,1,10.0,344,1,0
ResilientNet (FT),magnitude,column,3,10.0,191,1,0
ResilientNet (FT),magnitude,single,3,25.0,5,0,0
ResilientNet (FT),magnitude,random,3,25.0,177,1,0
ResilientNet (FT),magnitude,block,1,25.0,0,1,0
ResilientNet (FT),magnitude,single,0,25.0,75,0,0
ResilientNet (FT),magnitude,column,1,25.0,58,0,0
ResilientNet (FT),magnitude,random,0,25.0,202,1,0
ResilientNet (FT),magnitude,random,3,25.0,315,0,0
ResilientNet (FT),magnitude,single,1,25.0,145,1,0
ResilientNet (FT),magnitude,row,1,25.0,214,1,0
ResilientNet (FT),magnitude,row,2,25.0,139,1,0
ResilientNet (FT),magnitude,column,3,25.0,318,0,0
ResilientNet (FT),magnitude,single,2,25.0,160,0,0
ResilientNet (FT),magnitude,single,2,25.0,74,0,0
ResilientNet (FT),magnitude,column,3,25.0,256,0,0
ResilientNet (FT),magnitude,random,3,25.0,241,1,0
ResilientNet (FT),magnitude,block,3,25.0,140,1,0
ResilientNet (FT),magnitude,block,3,25.0,194,1,0
ResilientNet (FT),magnitude,random,3,25.0,104,0,0
ResilientNet (FT),magnitude,column,0,25.0,6,0,0
ResilientNet (FT),magnitude,block,2,25.0,42,1,0
ResilientNet (FT),magnitude,row,0,25.0,83,1,0
ResilientNet (FT),magnitude,column,0,25.0,349,1,0
ResilientNet (FT),magnitude,single,3,25.0,348,0,0
ResilientNet (FT),magnitude,row,0,25.0,50,1,0
ResilientNet (FT),magnitude,block,1,25.0,124,1,0
ResilientNet (FT),magnitude,block,1,25.0,77,1,0
ResilientNet (FT),magnitude,row,3,25.0,210,1,0
ResilientNet (FT),magnitude,column,1,25.0,249,1,0
ResilientNet (FT),magnitude,random,0,25.0,147,0,0
ResilientNet (FT),magnitude,single,0,25.0,344,1,0
ResilientNet (FT),magnitude,single,2,25.0,277,1,0
ResilientNet (FT),magnitude,block,0,25.0,357,1,0
ResilientNet (FT),magnitude,random,3,25.0,160,1,0
ResilientNet (FT),magnitude,block,2,25.0,121,1,0
ResilientNet (FT),magnitude,random,3,25.0,189,0,0
ResilientNet (FT),magnitude,random,1,25.0,2,1,0
ResilientNet (FT),magnitude,random,3,25.0,77,1,0
ResilientNet (FT),magnitude,random,0,25.0,276,1,0
ResilientNet (FT),magnitude,single,2,25.0,341,1,0
ResilientNet (FT),magnitude,block,2,25.0,98,1,0
ResilientNet (FT),magnitude,random,2,25.0,196,0,0
ResilientNet (FT),magnitude,block,1,25.0,347,1,0
ResilientNet (FT),magnitude,single,2,25.0,134,1,0
ResilientNet (FT),magnitude,column,2,25.0,66,0,0
ResilientNet (FT),magnitude,single,0,25.0,0,0,0
ResilientNet (FT),magnitude,random,0,25.0,51,1,0
ResilientNet (FT),magnitude,column,2,25.0,266,0,0
ResilientNet (FT),magnitude,row,1,25.0,260,1,0
ResilientNet (FT),magnitude,column,3,25.0,174,1,0
ResilientNet (FT),magnitude,block,3,25.0,156,1,0
ResilientNet (FT),magnitude,random,2,50.0,88,1,0
ResilientNet (FT),magnitude,single,0,50.0,322,1,0
ResilientNet (FT),magnitude,column,3,50.0,1,0,0
ResilientNet (FT),magnitude,row,0,50.0,273,1,0
ResilientNet (FT),magnitude,block,0,50.0,196,1,0
ResilientNet (FT),magnitude,row,1,50.0,350,1,0
ResilientNet (FT),magnitude,column,0,50.0,290,0,0
ResilientNet (FT),magnitude,single,2,50.0,102,0,0
ResilientNet (FT),magnitude,random,1,50.0,299,1,0
ResilientNet (FT),magnitude,row,0,50.0,113,1,0
ResilientNet (FT),magnitude,random,0,50.0,271,0,0
ResilientNet (FT),magnitude,block,0,50.0,126,1,0
ResilientNet (FT),magnitude,row,1,50.0,294,1,0
ResilientNet (FT),magnitude,block,3,50.0,163,1,0
ResilientNet (FT),magnitude,column,1,50.0,137,0,0
ResilientNet (FT),magnitude,column,0,50.0,141,0,0
ResilientNet (FT),magnitude,single,0,50.0,212,0,0
ResilientNet (FT),magnitude,column,1,50.0,349,0,0
ResilientNet (FT),magnitude,block,2,50.0,101,1,0
ResilientNet (FT),magnitude,single,1,50.0,274,0,0
ResilientNet (FT),magnitude,random,2,50.0,283,0,0
ResilientNet (FT),magnitude,column,0,50.0,18,1,0
ResilientNet (FT),magnitude,random,3,50.0,278,0,0
ResilientNet (FT),magnitude,column,1,50.0,93,0,0
ResilientNet (FT),magnitude,random,2,50.0,325,0,0
ResilientNet (FT),magnitude,block,1,50.0,102,1,0
ResilientNet (FT),magnitude,row,1,50.0,75,1,0
ResilientNet (FT),magnitude,single,1,50.0,118,1,0
ResilientNet (FT),magnitude,block,0,50.0,80,1,0
ResilientNet (FT),magnitude,single,3,50.0,215,1,0
ResilientNet (FT),magnitude,column,0,50.0,345,1,0
ResilientNet (FT),magnitude,single,1,50.0,197,1,0
ResilientNet (FT),magnitude,single,0,50.0,270,0,0
ResilientNet (FT),magnitude,row,2,50.0,151,1,0
ResilientNet (FT),magnitude,block,3,50.0,208,1,0
ResilientNet (FT),magnitude,column,2,50.0,41,1,0
ResilientNet (FT),magnitude,random,3,50.0,184,0,0
ResilientNet (FT),magnitude,column,3,50.0,192,1,1
ResilientNet (FT),magnitude,single,3,50.0,307,1,0
ResilientNet (FT),magnitude,column,1,50.0,260,1,0
ResilientNet (FT),magnitude,row,2,50.0,338,1,0
ResilientNet (FT),magnitude,block,2,50.0,269,1,0
ResilientNet (FT),magnitude,single,2,50.0,143,0,0
ResilientNet (FT),magnitude,column,1,50.0,327,0,0
ResilientNet (FT),magnitude,block,2,50.0,124,1,0
ResilientNet (FT),magnitude,random,1,50.0,96,1,0
ResilientNet (FT),magnitude,block,2,50.0,235,1,0
ResilientNet (FT),magnitude,column,0,50.0,45,0,0
ResilientNet (FT),magnitude,row,2,50.0,12,1,0
ResilientNet (FT),magnitude,single,1,50.0,167,1,0
ResilientNet (FT),magnitude,row,1,100.0,27,1,0
ResilientNet (FT),magnitude,column,1,100.0,167,0,0
ResilientNet (FT),magnitude,row,2,100.0,136,1,0
ResilientNet (FT),magnitude,random,1,100.0,317,1,0
ResilientNet (FT),magnitude,random,1,100.0,39,1,0
ResilientNet (FT),magnitude,column,1,100.0,152,0,0
ResilientNet (FT),magnitude,column,2,100.0,214,0,0
ResilientNet (FT),magnitude,random,1,100.0,40,1,0
ResilientNet (FT),magnitude,column,2,100.0,283,0,0
ResilientNet (FT),magnitude,random,2,100.0,53,0,0
ResilientNet (FT),magnitude,random,0,100.0,38,0,0
ResilientNet (FT),magnitude,random,0,100.0,53,1,0
ResilientNet (FT),magnitude,column,3,100.0,157,1,0
ResilientNet (FT),magnitude,row,1,100.0,167,1,0
ResilientNet (FT),magnitude,column,1,100.0,329,0,0
ResilientNet (FT),magnitude,row,2,100.0,150,1,0
ResilientNet (FT),magnitude,single,1,100.0,278,0,0
ResilientNet (FT),magnitude,single,3,100.0,322,0,0
ResilientNet (FT),magnitude,single,1,100.0,104,1,0
ResilientNet (FT),magnitude,row,1,100.0,245,1,0
ResilientNet (FT),magnitude,block,2,100.0,20,1,0
ResilientNet (FT),magnitude,column,2,100.0,328,1,0
ResilientNet (FT),magnitude,block,1,100.0,155,1,0
ResilientNet (FT),magnitude,random,2,100.0,1,1,0
ResilientNet (FT),magnitude,column,0,100.0,312,1,0
ResilientNet (FT),magnitude,column,0,100.0,265,0,0
ResilientNet (FT),magnitude,random,3,100.0,25,1,0
ResilientNet (FT),magnitude,row,2,100.0,345,1,0
ResilientNet (FT),magnitude,random,0,100.0,59,0,0
ResilientNet (FT),magnitude,random,1,100.0,88,1,0
ResilientNet (FT),magnitude,single,3,100.0,39,0,0
ResilientNet (FT),magnitude,row,2,100.0,203,1,0
ResilientNet (FT),magnitude,single,3,100.0,97,1,0
ResilientNet (FT),magnitude,column,2,100.0,29,0,0
ResilientNet (FT),magnitude,column,1,100.0,332,0,0
ResilientNet (FT),magnitude,row,1,100.0,299,1,0
ResilientNet (FT),magnitude,column,3,100.0,143,0,0
ResilientNet (FT),magnitude,single,3,100.0,353,1,0
ResilientNet (FT),magnitude,row,2,100.0,251,1,0
ResilientNet (FT),magnitude,block,3,100.0,28,1,0
ResilientNet (FT),magnitude,random,2,100.0,256,1,0
ResilientNet (FT),magnitude,block,0,100.0,261,1,0
ResilientNet (FT),magnitude,column,3,100.0,187,1,0
ResilientNet (FT),magnitude,random,0,100.0,229,0,0
ResilientNet (FT),magnitude,block,2,100.0,77,1,0
ResilientNet (FT),magnitude,random,3,100.0,290,1,0
ResilientNet (FT),magnitude,block,1,100.0,224,1,0
ResilientNet (FT),magnitude,row,2,100.0,301,1,0
ResilientNet (FT),magnitude,random,0,100.0,196,1,0
ResilientNet (FT),magnitude,block,2,100.0,66,1,0
ResilientNet (FT),magnitude,column,0,500.0,100,1,0
ResilientNet (FT),magnitude,column,2,500.0,134,1,0
ResilientNet (FT),magnitude,row,0,500.0,244,1,0
ResilientNet (FT),magnitude,random,0,500.0,96,1,0
ResilientNet (FT),magnitude,block,1,500.0,287,1,0
ResilientNet (FT),magnitude,column,1,500.0,31,1,0
ResilientNet (FT),magnitude,single,2,500.0,36,1,0
ResilientNet (FT),magnitude,random,3,500.0,192,1,1
ResilientNet (FT),magnitude,block,3,500.0,66,1,0
ResilientNet (FT),magnitude,row,0,500.0,176,1,0
ResilientNet (FT),magnitude,block,0,500.0,79,1,0
ResilientNet (FT),magnitude,column,3,500.0,312,0,0
ResilientNet (FT),magnitude,single,2,500.0,239,1,0
ResilientNet (FT),magnitude,random,1,500.0,27,1,0
ResilientNet (FT),magnitude,single,2,500.0,171,0,0
ResilientNet (FT),magnitude,random,2,500.0,245,0,0
ResilientNet (FT),magnitude,row,3,500.0,339,1,0
ResilientNet (FT),magnitude,column,0,500.0,161,1,0
ResilientNet (FT),magnitude,random,3,500.0,216,0,0
ResilientNet (FT),magnitude,block,0,500.0,216,1,0
ResilientNet (FT),magnitude,single,3,500.0,297,1,0
ResilientNet (FT),magnitude,single,3,500.0,251,0,0
ResilientNet (FT),magnitude,row,0,500.0,204,1,0
ResilientNet (FT),magnitude,row,3,500.0,121,1,0
ResilientNet (FT),magnitude,block,2,500.0,158,1,0
ResilientNet (FT),magnitude,column,0,500.0,241,1,0
ResilientNet (FT),magnitude,row,0,500.0,278,1,0
ResilientNet (FT),magnitude,column,0,500.0,314,1,0
ResilientNet (FT),magnitude,block,3,500.0,329,1,0
ResilientNet (FT),magnitude,row,2,500.0,121,1,0
ResilientNet (FT),magnitude,single,2,500.0,222,1,0
ResilientNet (FT),magnitude,block,1,500.0,128,1,0
ResilientNet (FT),magnitude,column,2,500.0,152,0,0
ResilientNet (FT),magnitude,single,2,500.0,296,1,0
ResilientNet (FT),magnitude,single,0,500.0,243,0,0
ResilientNet (FT),magnitude,single,3,500.0,272,0,0
ResilientNet (FT),magnitude,random,0,500.0,96,0,0
ResilientNet (FT),magnitude,column,2,500.0,328,1,0
ResilientNet (FT),magnitude,column,2,500.0,66,1,0
ResilientNet (FT),magnitude,random,1,500.0,319,1,0
ResilientNet (FT),magnitude,random,0,500.0,196,1,0
ResilientNet (FT),magnitude,column,1,500.0,223,1,0
ResilientNet (FT),magnitude,column,1,500.0,343,1,0
ResilientNet (FT),magnitude,single,0,500.0,86,0,0
ResilientNet (FT),magnitude,single,3,500.0,74,0,0
ResilientNet (FT),magnitude,random,1,500.0,187,1,0
ResilientNet (FT),magnitude,block,3,500.0,138,1,0
ResilientNet (FT),magnitude,random,2,500.0,356,0,0
ResilientNet (FT),magnitude,block,2,500.0,258,1,0
ResilientNet (FT),magnitude,block,1,500.0,298,1,0
